Schedule Codes,Purpose,Level,Subject,Tutor,Day,Centre,Classroom,Capacity,Date (text),Start Time,Subject(Display),Topic,Date,Timeslot (+3hr),Video Guides,Address,Address Var,Form Question,Form Controls,Form Option to Display,ConfirmationMsg Template,Form Entry,Duplicate class,No. Regular S,No. Signups,Total Signups,Signups / Capacity,Attended,Total Signups | Confirmed | Capacity,Attendance%,Level,Level1,Subject,Subject1,Subject2,Centre,Tutor,Checked?,Uncontacted Count
JC JunCC<>J1 2026<>JC - Bio<>Phoebe<>Wednesday<>Buona Vista<>BV-1 (L3)<>28<>3 Jun<>1:00 pm<>DNA Replication,JC JunCC,J1 2026,JC - Bio,Phoebe,Wednesday,Buona Vista,BV-1 (L3),28,03 Jun (Wed),1:00:00 PM,J1 Biology,DNA Replication,6/3/2026,01:30PM - 04:30PM,bit.ly/zenithBV,35 Rochester Dr #02-23 (Rochester Mall) S138639,35 Rochester Dr #02-23 (Rochester Mall) S138639  (Video Guide: bit.ly/zenithBV),Biology,Closed - Running,,J1 Biology - Buona Vista - 03 Jun Wed 01:30PM,[J1 Biology] Buona Vista | 03 Jun (Wed) | 01:30PM - 04:30PM | DNA Replication,0,,6,6,6 / 28,5,6 | 5 | 28,83.33%,J1,JC,BIO,BIO,BIO,Buona Vista,Phoebe,FALSE,0
JC JunCC<>J1 2026<>JC - Chem<>DJ<>Thursday<>Buona Vista<>BV-3 (L2)<>28<>4 Jun<>1:00 pm<>Chem Bonding,JC JunCC,J1 2026,JC - Chem,DJ,Thursday,Buona Vista,BV-3 (L2),28,04 Jun (Thu),1:00:00 PM,J1 Chemistry,Chem Bonding,6/4/2026,01:30PM - 04:30PM,bit.ly/zenithBV,35 Rochester Dr #02-23 (Rochester Mall) S138639,35 Rochester Dr #02-23 (Rochester Mall) S138639  (Video Guide: bit.ly/zenithBV),Chemistry,Closed - Running,,J1 Chemistry - Buona Vista - 04 Jun Thu 01:30PM,[J1 Chemistry] Buona Vista | 04 Jun (Thu) | 01:30PM - 04:30PM | Chem Bonding,0,,10,10,10 / 28,9,10 | 9 | 28,90.00%,J1,JC,CHEM,CHEM,CHEM,Buona Vista,DJ,FALSE,1
JC JunCC<>J1 2026<>JC - Math<>Ming Liang<>Friday<>Buona Vista<>BV-1 (L3)<>28<>5 Jun<>10:00 am<>Functions,JC JunCC,J1 2026,JC - Math,Ming Liang,Friday,Buona Vista,BV-1 (L3),28,05 Jun (Fri),10:00:00 AM,J1 Math,Functions,6/5/2026,10:00AM - 01:00PM,bit.ly/zenithBV,35 Rochester Dr #02-23 (Rochester Mall) S138639,35 Rochester Dr #02-23 (Rochester Mall) S138639  (Video Guide: bit.ly/zenithBV),Math,Closed - Running,,J1 Math - Buona Vista - 05 Jun Fri 10:00AM,[J1 Math] Buona Vista | 05 Jun (Fri) | 10:00AM - 01:00PM | Functions,0,,17,17,17 / 28,5,17 | 5 | 28,29.41%,J1,JC,MATH,MATH,MATH,Buona Vista,Ming Liang,FALSE,5
JC JunCC<>J1 2026<>JC - Math<>Ming Liang<>Monday<>Buona Vista<>BV-6 (L2)<>15<>1 Jun<>10:00 am<>APGP,JC JunCC,J1 2026,JC - Math,Ming Liang,Monday,Buona Vista,BV-6 (L2),15,01 Jun (Mon),10:00:00 AM,J1 Math,APGP,6/1/2026,10:00AM - 01:00PM,bit.ly/zenithBV,35 Rochester Dr #02-23 (Rochester Mall) S138639,35 Rochester Dr #02-23 (Rochester Mall) S138639  (Video Guide: bit.ly/zenithBV),Math,Closed - Running,,J1 Math - Buona Vista - 01 Jun Mon 10:00AM,[J1 Math] Buona Vista | 01 Jun (Mon) | 10:00AM - 01:00PM | APGP,0,,7,7,7 / 15,4,7 | 4 | 15,57.14%,J1,JC,MATH,MATH,MATH,Buona Vista,Ming Liang,FALSE,2
JC JunCC<>J1 2026<>JC - Math<>Ming Liang<>Thursday<>Buona Vista<>BV-2 (L3)<>18<>4 Jun<>10:00 am<>Summation and Recurrence Relations,JC JunCC,J1 2026,JC - Math,Ming Liang,Thursday,Buona Vista,BV-2 (L3),18,04 Jun (Thu),10:00:00 AM,J1 Math,Summation and Recurrence Relations,6/4/2026,10:00AM - 01:00PM,bit.ly/zenithBV,35 Rochester Dr #02-23 (Rochester Mall) S138639,35 Rochester Dr #02-23 (Rochester Mall) S138639  (Video Guide: bit.ly/zenithBV),Math,Closed - Not running,,J1 Math - Buona Vista - 04 Jun Thu 10:00AM,[J1 Math] Buona Vista | 04 Jun (Thu) | 10:00AM - 01:00PM | Summation and Recurrence Relations,0,,0,0,0 / 18,0,0 | 0 | 18,0.00%,J1,JC,MATH,MATH,MATH,Buona Vista,Ming Liang,FALSE,1
JC JunCC<>J1 2026<>JC - Chem<>Ryan<>Friday<>Buona Vista<>BV-2 (L3)<>18<>5 Jun<>1:00 pm<>Energetics,JC JunCC,J1 2026,JC - Chem,Ryan,Friday,Buona Vista,BV-2 (L3),18,05 Jun (Fri),1:00:00 PM,J1 Chemistry,Energetics,6/5/2026,01:30PM - 04:30PM,bit.ly/zenithBV,35 Rochester Dr #02-23 (Rochester Mall) S138639,35 Rochester Dr #02-23 (Rochester Mall) S138639  (Video Guide: bit.ly/zenithBV),Chemistry,Closed - Running,,J1 Chemistry - Buona Vista - 05 Jun Fri 01:30PM,[J1 Chemistry] Buona Vista | 05 Jun (Fri) | 01:30PM - 04:30PM | Energetics,0,,6,6,6 / 18,5,6 | 5 | 18,83.33%,J1,JC,CHEM,CHEM,CHEM,Buona Vista,Ryan,FALSE,0
JC JunCC<>J1 2026<>JC - Chem<>DJ<>Monday<>Buona Vista<>BV-3 (L2)<>28<>1 Jun<>10:00 am<>Chem Bonding,JC JunCC,J1 2026,JC - Chem,DJ,Monday,Buona Vista,BV-3 (L2),28,01 Jun (Mon),10:00:00 AM,J1 Chemistry,Chem Bonding,6/1/2026,10:00AM - 01:00PM,bit.ly/zenithBV,35 Rochester Dr #02-23 (Rochester Mall) S138639,35 Rochester Dr #02-23 (Rochester Mall) S138639  (Video Guide: bit.ly/zenithBV),Chemistry,Closed - Running,,J1 Chemistry - Buona Vista - 01 Jun Mon 10:00AM,[J1 Chemistry] Buona Vista | 01 Jun (Mon) | 10:00AM - 01:00PM | Chem Bonding,0,,12,12,12 / 28,7,12 | 7 | 28,58.33%,J1,JC,CHEM,CHEM,CHEM,Buona Vista,DJ,FALSE,0
JC JunCC<>J1 2026<>JC - Chem<>DJ<>Tuesday<>Buona Vista<>BV-3 (L2)<>28<>2 Jun<>10:00 am<>Energetics,JC JunCC,J1 2026,JC - Chem,DJ,Tuesday,Buona Vista,BV-3 (L2),28,02 Jun (Tue),10:00:00 AM,J1 Chemistry,Energetics,6/2/2026,10:00AM - 01:00PM,bit.ly/zenithBV,35 Rochester Dr #02-23 (Rochester Mall) S138639,35 Rochester Dr #02-23 (Rochester Mall) S138639  (Video Guide: bit.ly/zenithBV),Chemistry,Closed - Running,,J1 Chemistry - Buona Vista - 02 Jun Tue 10:00AM,[J1 Chemistry] Buona Vista | 02 Jun (Tue) | 10:00AM - 01:00PM | Energetics,0,,18,18,18 / 28,14,18 | 14 | 28,77.78%,J1,JC,CHEM,CHEM,CHEM,Buona Vista,DJ,FALSE,0
JC JunCC<>J1 2026<>JC - Phy<>Duncan<>Friday<>Buona Vista<>BV-3 (L2)<>28<>5 Jun<>1:00 pm<>Motion & Forces (Part 2) + Collision,JC JunCC,J1 2026,JC - Phy,Duncan,Friday,Buona Vista,BV-3 (L2),28,05 Jun (Fri),1:00:00 PM,J1 Physics,Motion & Forces (Part 2) + Collision,6/5/2026,01:30PM - 04:30PM,bit.ly/zenithBV,35 Rochester Dr #02-23 (Rochester Mall) S138639,35 Rochester Dr #02-23 (Rochester Mall) S138639  (Video Guide: bit.ly/zenithBV),Physics,Closed - Running,,J1 Physics - Buona Vista - 05 Jun Fri 01:30PM,[J1 Physics] Buona Vista | 05 Jun (Fri) | 01:30PM - 04:30PM | Motion & Forces (Part 2) + Collision,0,,12,12,12 / 28,9,12 | 9 | 28,75.00%,J1,JC,PHYS,PHYS,PHYS,Buona Vista,Duncan,FALSE,1
JC JunCC<>J1 2026<>JC - Chem<>Ryan<>Wednesday<>Buona Vista<>BV-6 (L2)<>15<>3 Jun<>10:00 am<>Chem Bonding,JC JunCC,J1 2026,JC - Chem,Ryan,Wednesday,Buona Vista,BV-6 (L2),15,03 Jun (Wed),10:00:00 AM,J1 Chemistry,Chem Bonding,6/3/2026,10:00AM - 01:00PM,bit.ly/zenithBV,35 Rochester Dr #02-23 (Rochester Mall) S138639,35 Rochester Dr #02-23 (Rochester Mall) S138639  (Video Guide: bit.ly/zenithBV),Chemistry,Closed - Running,,J1 Chemistry - Buona Vista - 03 Jun Wed 10:00AM,[J1 Chemistry] Buona Vista | 03 Jun (Wed) | 10:00AM - 01:00PM | Chem Bonding,0,,10,10,10 / 15,9,10 | 9 | 15,90.00%,J1,JC,CHEM,CHEM,CHEM,Buona Vista,Ryan,FALSE,0
JC JunCC<>J1 2026<>JC - GP<>Zach<>Wednesday<>Buona Vista<>BV-LT<>70<>3 Jun<>1:00 pm<>Application Question (Singapore Traits and Qualities),JC JunCC,J1 2026,JC - GP,Zach,Wednesday,Buona Vista,BV-LT,70,03 Jun (Wed),1:00:00 PM,J1 GP,Application Question (Singapore Traits and Qualities),6/3/2026,01:30PM - 04:30PM,bit.ly/zenithBV,35 Rochester Dr #02-23 (Rochester Mall) S138639,35 Rochester Dr #02-23 (Rochester Mall) S138639  (Video Guide: bit.ly/zenithBV),GP,Closed - Not running,,J1 GP - Buona Vista - 03 Jun Wed 01:30PM,[J1 GP] Buona Vista | 03 Jun (Wed) | 01:30PM - 04:30PM | Application Question (Singapore Traits and Qualities),0,,0,0,0 / 70,0,0 | 0 | 70,0.00%,J1,JC,GP,GP,GP,Buona Vista,Zach,FALSE,0
JC JunCC<>J1 2026<>JC - GP<>Zach<>Friday<>Buona Vista<>BV-LT<>70<>5 Jun<>1:00 pm<>Application Question (Singapore Traits and Qualities),JC JunCC,J1 2026,JC - GP,Zach,Friday,Buona Vista,BV-LT,70,05 Jun (Fri),1:00:00 PM,J1 GP,Application Question (Singapore Traits and Qualities),6/5/2026,01:30PM - 04:30PM,bit.ly/zenithBV,35 Rochester Dr #02-23 (Rochester Mall) S138639,35 Rochester Dr #02-23 (Rochester Mall) S138639  (Video Guide: bit.ly/zenithBV),GP,Closed - Running,,J1 GP - Buona Vista - 05 Jun Fri 01:30PM,[J1 GP] Buona Vista | 05 Jun (Fri) | 01:30PM - 04:30PM | Application Question (Singapore Traits and Qualities),0,,21,21,21 / 70,10,21 | 10 | 70,47.62%,J1,JC,GP,GP,GP,Buona Vista,Zach,FALSE,0
JC JunCC<>J1 2026<>JC - Econs<>Kane<>Tuesday<>Tan Kah Kee<>TKK-0<>30<>2 Jun<>10:00 am<>Market Failure and Government Intervention,JC JunCC,J1 2026,JC - Econs,Kane,Tuesday,Tan Kah Kee,TKK-0,30,02 Jun (Tue),10:00:00 AM,J1 Economics,Market Failure and Government Intervention,6/2/2026,10:00AM - 01:00PM,bit.ly/zenithTKK,"611A Bukit Timah Rd, S269713","611A Bukit Timah Rd, S269713  (Video Guide: bit.ly/zenithTKK)",Economics,Closed - Not running,,J1 Economics - Tan Kah Kee - 02 Jun Tue 10:00AM,[J1 Economics] Tan Kah Kee | 02 Jun (Tue) | 10:00AM - 01:00PM | Market Failure and Government Intervention,0,,0,0,0 / 30,0,0 | 0 | 30,0.00%,J1,JC,ECON,ECON,ECON,Coro + TKK,Kane,FALSE,0
JC JunCC<>J1 2026<>JC - Chem<>Xavier<>Monday<>Tan Kah Kee<>TKK-2<>30<>1 Jun<>10:00 am<>Chem Bonding,JC JunCC,J1 2026,JC - Chem,Xavier,Monday,Tan Kah Kee,TKK-2,30,01 Jun (Mon),10:00:00 AM,J1 Chemistry,Chem Bonding,6/1/2026,10:00AM - 01:00PM,bit.ly/TKK607,607 Bukit Timah Road #02-01 S269708,607 Bukit Timah Road #02-01 S269708  (Video Guide: bit.ly/TKK607),Chemistry,Closed - Not running,,J1 Chemistry - Tan Kah Kee - 01 Jun Mon 10:00AM,[J1 Chemistry] Tan Kah Kee | 01 Jun (Mon) | 10:00AM - 01:00PM | Chem Bonding,0,,2,2,2 / 30,1,2 | 1 | 30,50.00%,J1,JC,CHEM,CHEM,CHEM,Coro + TKK,Xavier,FALSE,0
JC JunCC<>J1 2026<>JC - Chem<>Xavier<>Thursday<>Tan Kah Kee<>TKK-2<>30<>4 Jun<>10:00 am<>Energetics,JC JunCC,J1 2026,JC - Chem,Xavier,Thursday,Tan Kah Kee,TKK-2,30,04 Jun (Thu),10:00:00 AM,J1 Chemistry,Energetics,6/4/2026,10:00AM - 01:00PM,bit.ly/TKK607,607 Bukit Timah Road #02-01 S269708,607 Bukit Timah Road #02-01 S269708  (Video Guide: bit.ly/TKK607),Chemistry,Closed - Running,,J1 Chemistry - Tan Kah Kee - 04 Jun Thu 10:00AM,[J1 Chemistry] Tan Kah Kee | 04 Jun (Thu) | 10:00AM - 01:00PM | Energetics,0,,10,10,10 / 30,8,10 | 8 | 30,80.00%,J1,JC,CHEM,CHEM,CHEM,Coro + TKK,Xavier,FALSE,0
JC JunCC<>J1 2026<>JC - Phy<>Enzhao<>Thursday<>Tan Kah Kee<>TKK-1<>14<>4 Jun<>1:00 pm<>Motion & Forces (Part 2) + Collision,JC JunCC,J1 2026,JC - Phy,Enzhao,Thursday,Tan Kah Kee,TKK-1,14,04 Jun (Thu),1:00:00 PM,J1 Physics,Motion & Forces (Part 2) + Collision,6/4/2026,01:30PM - 04:30PM,bit.ly/TKK607,607 Bukit Timah Road #02-01 S269708,607 Bukit Timah Road #02-01 S269708  (Video Guide: bit.ly/TKK607),Physics,Closed - Not running,,J1 Physics - Tan Kah Kee - 04 Jun Thu 01:30PM,[J1 Physics] Tan Kah Kee | 04 Jun (Thu) | 01:30PM - 04:30PM | Motion & Forces (Part 2) + Collision,0,,1,1,1 / 14,1,1 | 1 | 14,100.00%,J1,JC,PHYS,PHYS,PHYS,Coro + TKK,Enzhao,FALSE,0
JC JunCC<>J1 2026<>JC - GP<>Antonia<>Thursday<>Tan Kah Kee<>TKK-3<>19<>4 Jun<>1:00 pm<>Application Question (Singapore Traits and Qualities),JC JunCC,J1 2026,JC - GP,Antonia,Thursday,Tan Kah Kee,TKK-3,19,04 Jun (Thu),1:00:00 PM,J1 GP,Application Question (Singapore Traits and Qualities),6/4/2026,01:30PM - 04:30PM,bit.ly/TKK607,607 Bukit Timah Road #02-01 S269708,607 Bukit Timah Road #02-01 S269708  (Video Guide: bit.ly/TKK607),GP,Closed - Running,,J1 GP - Tan Kah Kee - 04 Jun Thu 01:30PM,[J1 GP] Tan Kah Kee | 04 Jun (Thu) | 01:30PM - 04:30PM | Application Question (Singapore Traits and Qualities),0,,7,7,7 / 19,5,7 | 5 | 19,71.43%,J1,JC,GP,GP,GP,Coro + TKK,Antonia,FALSE,0
JC JunCC<>J1 2026<>JC - Econs<>FY<>Monday<>Tan Kah Kee<>CORO-1<>30<>1 Jun<>10:00 am<>Market Failure and Government Intervention,JC JunCC,J1 2026,JC - Econs,FY,Monday,Tan Kah Kee,CORO-1,30,01 Jun (Mon),10:00:00 AM,J1 Economics,Market Failure and Government Intervention,6/1/2026,10:00AM - 01:00PM,bit.ly/zenithCORO,"587 Bukit Timah Rd, #01-05 Coronation Plaza (Beside KFC) S269707","587 Bukit Timah Rd, #01-05 Coronation Plaza (Beside KFC) S269707  (Video Guide: bit.ly/zenithCORO)",Economics,Closed - Running,,J1 Economics - Tan Kah Kee - 01 Jun Mon 10:00AM,[J1 Economics] Tan Kah Kee | 01 Jun (Mon) | 10:00AM - 01:00PM | Market Failure and Government Intervention,0,,16,16,16 / 30,12,16 | 12 | 30,75.00%,J1,JC,ECON,ECON,ECON,Coro + TKK,FY,FALSE,0
JC JunCC<>J1 2026<>JC - Econs<>FY<>Wednesday<>Tan Kah Kee<>CORO-1<>30<>3 Jun<>10:00 am<>Market Failure and Government Intervention,JC JunCC,J1 2026,JC - Econs,FY,Wednesday,Tan Kah Kee,CORO-1,30,03 Jun (Wed),10:00:00 AM,J1 Economics,Market Failure and Government Intervention,6/3/2026,10:00AM - 01:00PM,bit.ly/zenithCORO,"587 Bukit Timah Rd, #01-05 Coronation Plaza (Beside KFC) S269707","587 Bukit Timah Rd, #01-05 Coronation Plaza (Beside KFC) S269707  (Video Guide: bit.ly/zenithCORO)",Economics,Closed - Running,,J1 Economics - Tan Kah Kee - 03 Jun Wed 10:00AM,[J1 Economics] Tan Kah Kee | 03 Jun (Wed) | 10:00AM - 01:00PM | Market Failure and Government Intervention,0,,22,22,22 / 30,14,22 | 14 | 30,63.64%,J1,JC,ECON,ECON,ECON,Coro + TKK,FY,FALSE,7
JC JunCC<>J1 2026<>JC - Bio<>Melvin<>Wednesday<>Tan Kah Kee<>CORO-1<>30<>3 Jun<>1:00 pm<>DNA Replication,JC JunCC,J1 2026,JC - Bio,Melvin,Wednesday,Tan Kah Kee,CORO-1,30,03 Jun (Wed),1:00:00 PM,J1 Biology,DNA Replication,6/3/2026,01:30PM - 04:30PM,bit.ly/zenithCORO,"587 Bukit Timah Rd, #01-05 Coronation Plaza (Beside KFC) S269707","587 Bukit Timah Rd, #01-05 Coronation Plaza (Beside KFC) S269707  (Video Guide: bit.ly/zenithCORO)",Biology,Closed - Not running,,J1 Biology - Tan Kah Kee - 03 Jun Wed 01:30PM,[J1 Biology] Tan Kah Kee | 03 Jun (Wed) | 01:30PM - 04:30PM | DNA Replication,0,,0,0,0 / 30,0,0 | 0 | 30,0.00%,J1,JC,BIO,BIO,BIO,Coro + TKK,Melvin,FALSE,0
JC JunCC<>J1 2026<>JC - Math<>Mandy<>Thursday<>Tan Kah Kee<>TKK-2<>30<>4 Jun<>1:00 pm<>Functions,JC JunCC,J1 2026,JC - Math,Mandy,Thursday,Tan Kah Kee,TKK-2,30,04 Jun (Thu),1:00:00 PM,J1 Math,Functions,6/4/2026,01:30PM - 04:30PM,bit.ly/TKK607,607 Bukit Timah Road #02-01 S269708,607 Bukit Timah Road #02-01 S269708  (Video Guide: bit.ly/TKK607),Math,Closed - Running,,J1 Math - Tan Kah Kee - 04 Jun Thu 01:30PM,[J1 Math] Tan Kah Kee | 04 Jun (Thu) | 01:30PM - 04:30PM | Functions,0,,11,11,11 / 30,9,11 | 9 | 30,81.82%,J1,JC,MATH,MATH,MATH,Coro + TKK,Mandy,FALSE,0
JC JunCC<>J1 2026<>JC - GP<>Finn<>Monday<>Tan Kah Kee<>CORO-2<>15<>1 Jun<>10:00 am<>Application Question (Singapore Traits and Qualities),JC JunCC,J1 2026,JC - GP,Finn,Monday,Tan Kah Kee,CORO-2,15,01 Jun (Mon),10:00:00 AM,J1 GP,Application Question (Singapore Traits and Qualities),6/1/2026,10:00AM - 01:00PM,bit.ly/zenithCORO,"587 Bukit Timah Rd, #01-05 Coronation Plaza (Beside KFC) S269707","587 Bukit Timah Rd, #01-05 Coronation Plaza (Beside KFC) S269707  (Video Guide: bit.ly/zenithCORO)",GP,Closed - Running,,J1 GP - Tan Kah Kee - 01 Jun Mon 10:00AM,[J1 GP] Tan Kah Kee | 01 Jun (Mon) | 10:00AM - 01:00PM | Application Question (Singapore Traits and Qualities),0,,15,15,15 / 15,8,15 | 8 | 15,53.33%,J1,JC,GP,GP,GP,Coro + TKK,Finn,FALSE,0
JC JunCC<>J1 2026<>JC - Math<>Mandy<>Monday<>Tan Kah Kee<>CORO-2<>15<>1 Jun<>1:00 pm<>Summation and Recurrence Relations,JC JunCC,J1 2026,JC - Math,Mandy,Monday,Tan Kah Kee,CORO-2,15,01 Jun (Mon),1:00:00 PM,J1 Math,Summation and Recurrence Relations,6/1/2026,01:30PM - 04:30PM,bit.ly/zenithCORO,"587 Bukit Timah Rd, #01-05 Coronation Plaza (Beside KFC) S269707","587 Bukit Timah Rd, #01-05 Coronation Plaza (Beside KFC) S269707  (Video Guide: bit.ly/zenithCORO)",Math,Closed - Running,,J1 Math - Tan Kah Kee - 01 Jun Mon 01:30PM,[J1 Math] Tan Kah Kee | 01 Jun (Mon) | 01:30PM - 04:30PM | Summation and Recurrence Relations,0,,8,8,8 / 15,4,8 | 4 | 15,50.00%,J1,JC,MATH,MATH,MATH,Coro + TKK,Mandy,FALSE,0
JC JunCC<>J1 2026<>JC - Math<>Mandy<>Wednesday<>Tan Kah Kee<>CORO-3<>15<>3 Jun<>1:00 pm<>Vector Planes,JC JunCC,J1 2026,JC - Math,Mandy,Wednesday,Tan Kah Kee,CORO-3,15,03 Jun (Wed),1:00:00 PM,J1 Math,Vector Planes,6/3/2026,01:30PM - 04:30PM,bit.ly/zenithCORO,"587 Bukit Timah Rd, #01-05 Coronation Plaza (Beside KFC) S269707","587 Bukit Timah Rd, #01-05 Coronation Plaza (Beside KFC) S269707  (Video Guide: bit.ly/zenithCORO)",Math,Closed - Running,,J1 Math - Tan Kah Kee - 03 Jun Wed 01:30PM,[J1 Math] Tan Kah Kee | 03 Jun (Wed) | 01:30PM - 04:30PM | Vector Planes,0,,10,10,10 / 15,9,10 | 9 | 15,90.00%,J1,JC,MATH,MATH,MATH,Coro + TKK,Mandy,FALSE,2
JC JunCC<>J1 2026<>JC - GP<>Hui Ying<>Wednesday<>Potong Pasir<>PP-4 (L2)<>52<>3 Jun<>10:00 am<>Application Question (Singapore Traits and Qualities),JC JunCC,J1 2026,JC - GP,Hui Ying,Wednesday,Potong Pasir,PP-4 (L2),52,03 Jun (Wed),10:00:00 AM,J1 GP,Application Question (Singapore Traits and Qualities),6/3/2026,10:00AM - 01:00PM,bit.ly/zenithPP,25 Tai Thong Crescent (Beside 7-11) S347856,25 Tai Thong Crescent (Beside 7-11) S347856  (Video Guide: bit.ly/zenithPP),GP,Closed - Running,,J1 GP - Potong Pasir - 03 Jun Wed 10:00AM,[J1 GP] Potong Pasir | 03 Jun (Wed) | 10:00AM - 01:00PM | Application Question (Singapore Traits and Qualities),0,,24,24,24 / 52,18,24 | 18 | 52,75.00%,J1,JC,GP,GP,GP,Potong Pasir,Hui Ying,FALSE,0
JC JunCC<>J1 2026<>JC - GP<>Hui Ying<>Thursday<>Potong Pasir<>PP-4 (L2)<>52<>4 Jun<>1:00 pm<>Application Question (Singapore Traits and Qualities),JC JunCC,J1 2026,JC - GP,Hui Ying,Thursday,Potong Pasir,PP-4 (L2),52,04 Jun (Thu),1:00:00 PM,J1 GP,Application Question (Singapore Traits and Qualities),6/4/2026,01:30PM - 04:30PM,bit.ly/zenithPP,25 Tai Thong Crescent (Beside 7-11) S347856,25 Tai Thong Crescent (Beside 7-11) S347856  (Video Guide: bit.ly/zenithPP),GP,Closed - Not running,,J1 GP - Potong Pasir - 04 Jun Thu 01:30PM,[J1 GP] Potong Pasir | 04 Jun (Thu) | 01:30PM - 04:30PM | Application Question (Singapore Traits and Qualities),0,,0,0,0 / 52,0,0 | 0 | 52,0.00%,J1,JC,GP,GP,GP,Potong Pasir,Hui Ying,FALSE,0
JC JunCC<>J1 2026<>JC - GP<>Hui Ying<>Friday<>Potong Pasir<>PP-4 (L2)<>52<>5 Jun<>10:00 am<>Application Question (Singapore Traits and Qualities),JC JunCC,J1 2026,JC - GP,Hui Ying,Friday,Potong Pasir,PP-4 (L2),52,05 Jun (Fri),10:00:00 AM,J1 GP,Application Question (Singapore Traits and Qualities),6/5/2026,10:00AM - 01:00PM,bit.ly/zenithPP,25 Tai Thong Crescent (Beside 7-11) S347856,25 Tai Thong Crescent (Beside 7-11) S347856  (Video Guide: bit.ly/zenithPP),GP,Closed - Not running,,J1 GP - Potong Pasir - 05 Jun Fri 10:00AM,[J1 GP] Potong Pasir | 05 Jun (Fri) | 10:00AM - 01:00PM | Application Question (Singapore Traits and Qualities),0,,0,0,0 / 52,0,0 | 0 | 52,0.00%,J1,JC,GP,GP,GP,Potong Pasir,Hui Ying,FALSE,0
JC JunCC<>J1 2026<>JC - GP<>Hui Ying<>Saturday<>Potong Pasir<>PP-4 (L2)<>52<>6 Jun<>1:00 pm<>Application Question (Singapore Traits and Qualities),JC JunCC,J1 2026,JC - GP,Hui Ying,Saturday,Potong Pasir,PP-4 (L2),52,06 Jun (Sat),1:00:00 PM,J1 GP,Application Question (Singapore Traits and Qualities),6/6/2026,01:30PM - 04:30PM,bit.ly/zenithPP,25 Tai Thong Crescent (Beside 7-11) S347856,25 Tai Thong Crescent (Beside 7-11) S347856  (Video Guide: bit.ly/zenithPP),GP,Closed - Running,,J1 GP - Potong Pasir - 06 Jun Sat 01:30PM,[J1 GP] Potong Pasir | 06 Jun (Sat) | 01:30PM - 04:30PM | Application Question (Singapore Traits and Qualities),0,,15,15,15 / 52,9,15 | 9 | 52,60.00%,J1,JC,GP,GP,GP,Potong Pasir,Hui Ying,FALSE,0
JC JunCC<>J1 2026<>JC - Phy<>Dr. Han Wei<>Tuesday<>Potong Pasir<>PP-3 (L2)<>25<>2 Jun<>10:00 am<>Motion & Forces (Part 2) + Collision,JC JunCC,J1 2026,JC - Phy,Dr. Han Wei,Tuesday,Potong Pasir,PP-3 (L2),25,02 Jun (Tue),10:00:00 AM,J1 Physics,Motion & Forces (Part 2) + Collision,6/2/2026,10:00AM - 01:00PM,bit.ly/zenithPP,25 Tai Thong Crescent (Beside 7-11) S347856,25 Tai Thong Crescent (Beside 7-11) S347856  (Video Guide: bit.ly/zenithPP),Physics,Closed - Running,,J1 Physics - Potong Pasir - 02 Jun Tue 10:00AM,[J1 Physics] Potong Pasir | 02 Jun (Tue) | 10:00AM - 01:00PM | Motion & Forces (Part 2) + Collision,0,,5,5,5 / 25,0,5 | 0 | 25,0.00%,J1,JC,PHYS,PHYS,PHYS,Potong Pasir,Dr. Han Wei,FALSE,0
JC JunCC<>J1 2026<>JC - Chem<>Shi Neng<>Tuesday<>Potong Pasir<>PP-3 (L2)<>25<>2 Jun<>1:00 pm<>Chem Bonding,JC JunCC,J1 2026,JC - Chem,Shi Neng,Tuesday,Potong Pasir,PP-3 (L2),25,02 Jun (Tue),1:00:00 PM,J1 Chemistry,Chem Bonding,6/2/2026,01:30PM - 04:30PM,bit.ly/zenithPP,25 Tai Thong Crescent (Beside 7-11) S347856,25 Tai Thong Crescent (Beside 7-11) S347856  (Video Guide: bit.ly/zenithPP),Chemistry,Closed - Running,,J1 Chemistry - Potong Pasir - 02 Jun Tue 01:30PM,[J1 Chemistry] Potong Pasir | 02 Jun (Tue) | 01:30PM - 04:30PM | Chem Bonding,0,,8,8,8 / 25,6,8 | 6 | 25,75.00%,J1,JC,CHEM,CHEM,CHEM,Potong Pasir,Shi Neng,FALSE,1
JC JunCC<>J1 2026<>JC - Bio<>Phoebe<>Thursday<>Potong Pasir<>PP-3 (L2)<>25<>4 Jun<>1:00 pm<>DNA Replication,JC JunCC,J1 2026,JC - Bio,Phoebe,Thursday,Potong Pasir,PP-3 (L2),25,04 Jun (Thu),1:00:00 PM,J1 Biology,DNA Replication,6/4/2026,01:30PM - 04:30PM,bit.ly/zenithPP,25 Tai Thong Crescent (Beside 7-11) S347856,25 Tai Thong Crescent (Beside 7-11) S347856  (Video Guide: bit.ly/zenithPP),Biology,Closed - Running,,J1 Biology - Potong Pasir - 04 Jun Thu 01:30PM,[J1 Biology] Potong Pasir | 04 Jun (Thu) | 01:30PM - 04:30PM | DNA Replication,0,,7,7,7 / 25,4,7 | 4 | 25,57.14%,J1,JC,BIO,BIO,BIO,Potong Pasir,Phoebe,FALSE,1
JC JunCC<>J1 2026<>JC - Chem<>Shi Neng<>Friday<>Potong Pasir<>PP-3 (L2)<>25<>5 Jun<>1:00 pm<>Energetics,JC JunCC,J1 2026,JC - Chem,Shi Neng,Friday,Potong Pasir,PP-3 (L2),25,05 Jun (Fri),1:00:00 PM,J1 Chemistry,Energetics,6/5/2026,01:30PM - 04:30PM,bit.ly/zenithPP,25 Tai Thong Crescent (Beside 7-11) S347856,25 Tai Thong Crescent (Beside 7-11) S347856  (Video Guide: bit.ly/zenithPP),Chemistry,Closed - Running,,J1 Chemistry - Potong Pasir - 05 Jun Fri 01:30PM,[J1 Chemistry] Potong Pasir | 05 Jun (Fri) | 01:30PM - 04:30PM | Energetics,0,,7,7,7 / 25,6,7 | 6 | 25,85.71%,J1,JC,CHEM,CHEM,CHEM,Potong Pasir,Shi Neng,FALSE,0
JC JunCC<>J1 2026<>JC - Chem<>Ryan<>Thursday<>Potong Pasir<>PP-2 (L1)<>21<>4 Jun<>1:00 pm<>Chem Bonding,JC JunCC,J1 2026,JC - Chem,Ryan,Thursday,Potong Pasir,PP-2 (L1),21,04 Jun (Thu),1:00:00 PM,J1 Chemistry,Chem Bonding,6/4/2026,01:30PM - 04:30PM,bit.ly/zenithPP,25 Tai Thong Crescent (Beside 7-11) S347856,25 Tai Thong Crescent (Beside 7-11) S347856  (Video Guide: bit.ly/zenithPP),Chemistry,Closed - Not running,,J1 Chemistry - Potong Pasir - 04 Jun Thu 01:30PM,[J1 Chemistry] Potong Pasir | 04 Jun (Thu) | 01:30PM - 04:30PM | Chem Bonding,0,,0,0,0 / 21,0,0 | 0 | 21,0.00%,J1,JC,CHEM,CHEM,CHEM,Potong Pasir,Ryan,FALSE,0
JC JunCC<>J1 2026<>JC - Chem<>Dr. Ryan<>Wednesday<>Paya Lebar<>KINEX-1<>24<>3 Jun<>1:00 pm<>Chem Bonding,JC JunCC,J1 2026,JC - Chem,Dr. Ryan,Wednesday,Paya Lebar,KINEX-1,24,03 Jun (Wed),1:00:00 PM,J1 Chemistry,Chem Bonding,6/3/2026,01:30PM - 04:30PM,bit.ly/zenithKINEX,11 Tanjong Katong Rd #02-09 (KINEX Mall) S437157,11 Tanjong Katong Rd #02-09 (KINEX Mall) S437157  (Video Guide: bit.ly/zenithKINEX),Chemistry,Closed - Not running,,J1 Chemistry - Paya Lebar - 03 Jun Wed 01:30PM,[J1 Chemistry] Paya Lebar | 03 Jun (Wed) | 01:30PM - 04:30PM | Chem Bonding,0,,1,1,1 / 24,1,1 | 1 | 24,100.00%,J1,JC,CHEM,CHEM,CHEM,Kinex,Dr. Ryan,FALSE,0
JC JunCC<>J1 2026<>JC - GP<>Jaymi<>Thursday<>Paya Lebar<>KINEX-2<>30<>4 Jun<>10:00 am<>Application Question (Singapore Traits and Qualities),JC JunCC,J1 2026,JC - GP,Jaymi,Thursday,Paya Lebar,KINEX-2,30,04 Jun (Thu),10:00:00 AM,J1 GP,Application Question (Singapore Traits and Qualities),6/4/2026,10:00AM - 01:00PM,bit.ly/zenithKINEX,11 Tanjong Katong Rd #02-09 (KINEX Mall) S437157,11 Tanjong Katong Rd #02-09 (KINEX Mall) S437157  (Video Guide: bit.ly/zenithKINEX),GP,Closed - Running,,J1 GP - Paya Lebar - 04 Jun Thu 10:00AM,[J1 GP] Paya Lebar | 04 Jun (Thu) | 10:00AM - 01:00PM | Application Question (Singapore Traits and Qualities),0,,29,29,29 / 30,16,29 | 16 | 30,55.17%,J1,JC,GP,GP,GP,Kinex,Jaymi,FALSE,0
JC JunCC<>J1 2026<>JC - Bio<>Phoebe<>Friday<>Paya Lebar<>KINEX-1<>24<>5 Jun<>10:00 am<>Gene Expression,JC JunCC,J1 2026,JC - Bio,Phoebe,Friday,Paya Lebar,KINEX-1,24,05 Jun (Fri),10:00:00 AM,J1 Biology,Gene Expression,6/5/2026,10:00AM - 01:00PM,bit.ly/zenithKINEX,11 Tanjong Katong Rd #02-09 (KINEX Mall) S437157,11 Tanjong Katong Rd #02-09 (KINEX Mall) S437157  (Video Guide: bit.ly/zenithKINEX),Biology,Closed - Running,,J1 Biology - Paya Lebar - 05 Jun Fri 10:00AM,[J1 Biology] Paya Lebar | 05 Jun (Fri) | 10:00AM - 01:00PM | Gene Expression,0,,6,6,6 / 24,4,6 | 4 | 24,66.67%,J1,JC,BIO,BIO,BIO,Kinex,Phoebe,FALSE,1
JC JunCC<>J1 2026<>JC - GP<>Jaymi<>Monday<>Paya Lebar<>KINEX-2<>30<>1 Jun<>10:00 am<>Application Question (Singapore Traits and Qualities),JC JunCC,J1 2026,JC - GP,Jaymi,Monday,Paya Lebar,KINEX-2,30,01 Jun (Mon),10:00:00 AM,J1 GP,Application Question (Singapore Traits and Qualities),6/1/2026,10:00AM - 01:00PM,bit.ly/zenithKINEX,11 Tanjong Katong Rd #02-09 (KINEX Mall) S437157,11 Tanjong Katong Rd #02-09 (KINEX Mall) S437157  (Video Guide: bit.ly/zenithKINEX),GP,Closed - Running,,J1 GP - Paya Lebar - 01 Jun Mon 10:00AM,[J1 GP] Paya Lebar | 01 Jun (Mon) | 10:00AM - 01:00PM | Application Question (Singapore Traits and Qualities),0,,33,33,33 / 30,23,33 | 23 | 30,69.70%,J1,JC,GP,GP,GP,Kinex,Jaymi,TRUE,0
JC JunCC<>J1 2026<>JC - Math<>Kai Wen<>Tuesday<>Paya Lebar<>KINEX-2<>30<>2 Jun<>1:00 pm<>APGP,JC JunCC,J1 2026,JC - Math,Kai Wen,Tuesday,Paya Lebar,KINEX-2,30,02 Jun (Tue),1:00:00 PM,J1 Math,APGP,6/2/2026,01:30PM - 04:30PM,bit.ly/zenithKINEX,11 Tanjong Katong Rd #02-09 (KINEX Mall) S437157,11 Tanjong Katong Rd #02-09 (KINEX Mall) S437157  (Video Guide: bit.ly/zenithKINEX),Math,Closed - Not running,,J1 Math - Paya Lebar - 02 Jun Tue 01:30PM,[J1 Math] Paya Lebar | 02 Jun (Tue) | 01:30PM - 04:30PM | APGP,0,,0,0,0 / 30,0,0 | 0 | 30,0.00%,J1,JC,MATH,MATH,MATH,Kinex,Kai Wen,FALSE,0
JC JunCC<>J1 2026<>JC - Math<>Kai Wen<>Wednesday<>Paya Lebar<>KINEX-2<>30<>3 Jun<>1:00 pm<>Vectors 1,JC JunCC,J1 2026,JC - Math,Kai Wen,Wednesday,Paya Lebar,KINEX-2,30,03 Jun (Wed),1:00:00 PM,J1 Math,Vectors 1,6/3/2026,01:30PM - 04:30PM,bit.ly/zenithKINEX,11 Tanjong Katong Rd #02-09 (KINEX Mall) S437157,11 Tanjong Katong Rd #02-09 (KINEX Mall) S437157  (Video Guide: bit.ly/zenithKINEX),Math,Closed - Running,,J1 Math - Paya Lebar - 03 Jun Wed 01:30PM,[J1 Math] Paya Lebar | 03 Jun (Wed) | 01:30PM - 04:30PM | Vectors 1,0,,11,11,11 / 30,11,11 | 11 | 30,100.00%,J1,JC,MATH,MATH,MATH,Kinex,Kai Wen,FALSE,0
JC JunCC<>J1 2026<>JC - Phy<>Aznikah<>Thursday<>Paya Lebar<>KINEX-2<>30<>4 Jun<>1:00 pm<>Motion & Forces (Part 2) + Collision,JC JunCC,J1 2026,JC - Phy,Aznikah,Thursday,Paya Lebar,KINEX-2,30,04 Jun (Thu),1:00:00 PM,J1 Physics,Motion & Forces (Part 2) + Collision,6/4/2026,01:30PM - 04:30PM,bit.ly/zenithKINEX,11 Tanjong Katong Rd #02-09 (KINEX Mall) S437157,11 Tanjong Katong Rd #02-09 (KINEX Mall) S437157  (Video Guide: bit.ly/zenithKINEX),Physics,Closed - Running,,J1 Physics - Paya Lebar - 04 Jun Thu 01:30PM,[J1 Physics] Paya Lebar | 04 Jun (Thu) | 01:30PM - 04:30PM | Motion & Forces (Part 2) + Collision,0,,9,9,9 / 30,7,9 | 7 | 30,77.78%,J1,JC,PHYS,PHYS,PHYS,Kinex,Aznikah,FALSE,0
JC JunCC<>J1 2026<>JC - Phy<>Dr. Han Wei<>Friday<>Paya Lebar<>KINEX-2<>30<>5 Jun<>10:00 am<>Circular Motion,JC JunCC,J1 2026,JC - Phy,Dr. Han Wei,Friday,Paya Lebar,KINEX-2,30,05 Jun (Fri),10:00:00 AM,J1 Physics,Circular Motion,6/5/2026,10:00AM - 01:00PM,bit.ly/zenithKINEX,11 Tanjong Katong Rd #02-09 (KINEX Mall) S437157,11 Tanjong Katong Rd #02-09 (KINEX Mall) S437157  (Video Guide: bit.ly/zenithKINEX),Physics,Closed - Not running,,J1 Physics - Paya Lebar - 05 Jun Fri 10:00AM,[J1 Physics] Paya Lebar | 05 Jun (Fri) | 10:00AM - 01:00PM | Circular Motion,0,,0,0,0 / 30,0,0 | 0 | 30,0.00%,J1,JC,PHYS,PHYS,PHYS,Kinex,Dr. Han Wei,FALSE,0
JC JunCC<>J1 2026<>JC - Chem<>Dr. Ryan<>Friday<>Paya Lebar<>KINEX-2<>30<>5 Jun<>1:00 pm<>Chem Bonding,JC JunCC,J1 2026,JC - Chem,Dr. Ryan,Friday,Paya Lebar,KINEX-2,30,05 Jun (Fri),1:00:00 PM,J1 Chemistry,Chem Bonding,6/5/2026,01:30PM - 04:30PM,bit.ly/zenithKINEX,11 Tanjong Katong Rd #02-09 (KINEX Mall) S437157,11 Tanjong Katong Rd #02-09 (KINEX Mall) S437157  (Video Guide: bit.ly/zenithKINEX),Chemistry,Closed - Running,,J1 Chemistry - Paya Lebar - 05 Jun Fri 01:30PM,[J1 Chemistry] Paya Lebar | 05 Jun (Fri) | 01:30PM - 04:30PM | Chem Bonding,0,,21,21,21 / 30,17,21 | 17 | 30,80.95%,J1,JC,CHEM,CHEM,CHEM,Kinex,Dr. Ryan,FALSE,1
JC JunCC<>J1 2026<>JC - Math<>Kai Wen<>Monday<>Paya Lebar<>KINEX-4<>30<>1 Jun<>1:00 pm<>Functions,JC JunCC,J1 2026,JC - Math,Kai Wen,Monday,Paya Lebar,KINEX-4,30,01 Jun (Mon),1:00:00 PM,J1 Math,Functions,6/1/2026,01:30PM - 04:30PM,bit.ly/zenithKINEX,11 Tanjong Katong Rd #02-09 (KINEX Mall) S437157,11 Tanjong Katong Rd #02-09 (KINEX Mall) S437157  (Video Guide: bit.ly/zenithKINEX),Math,Closed - Running,,J1 Math - Paya Lebar - 01 Jun Mon 01:30PM,[J1 Math] Paya Lebar | 01 Jun (Mon) | 01:30PM - 04:30PM | Functions,0,,23,23,23 / 30,15,23 | 15 | 30,65.22%,J1,JC,MATH,MATH,MATH,Kinex,Kai Wen,FALSE,4
"JC JunCC<>J1 2026<>JC - Econs<>Eunice<>Wednesday<>Paya Lebar<>KINEX-4<>30<>3 Jun<>10:00 am<>Market Model: Demand, Supply and Elasticities",JC JunCC,J1 2026,JC - Econs,Eunice,Wednesday,Paya Lebar,KINEX-4,30,03 Jun (Wed),10:00:00 AM,J1 Economics,"Market Model: Demand, Supply and Elasticities",6/3/2026,10:00AM - 01:00PM,bit.ly/zenithKINEX,11 Tanjong Katong Rd #02-09 (KINEX Mall) S437157,11 Tanjong Katong Rd #02-09 (KINEX Mall) S437157  (Video Guide: bit.ly/zenithKINEX),Economics,Closed - Not running,,J1 Economics - Paya Lebar - 03 Jun Wed 10:00AM,"[J1 Economics] Paya Lebar | 03 Jun (Wed) | 10:00AM - 01:00PM | Market Model: Demand, Supply and Elasticities",0,,0,0,0 / 30,0,0 | 0 | 30,0.00%,J1,JC,ECON,ECON,ECON,Kinex,Eunice,FALSE,0
JC JunCC<>J1 2026<>JC - Math<>Kai Wen<>Thursday<>Paya Lebar<>KINEX-4<>30<>4 Jun<>1:00 pm<>Vector Planes,JC JunCC,J1 2026,JC - Math,Kai Wen,Thursday,Paya Lebar,KINEX-4,30,04 Jun (Thu),1:00:00 PM,J1 Math,Vector Planes,6/4/2026,01:30PM - 04:30PM,bit.ly/zenithKINEX,11 Tanjong Katong Rd #02-09 (KINEX Mall) S437157,11 Tanjong Katong Rd #02-09 (KINEX Mall) S437157  (Video Guide: bit.ly/zenithKINEX),Math,Closed - Running,,J1 Math - Paya Lebar - 04 Jun Thu 01:30PM,[J1 Math] Paya Lebar | 04 Jun (Thu) | 01:30PM - 04:30PM | Vector Planes,0,,15,15,15 / 30,11,15 | 11 | 30,73.33%,J1,JC,MATH,MATH,MATH,Kinex,Kai Wen,FALSE,2
JC JunCC<>J1 2026<>JC - Econs<>Eunice<>Friday<>Paya Lebar<>KINEX-4<>30<>5 Jun<>10:00 am<>Market Failure and Government Intervention,JC JunCC,J1 2026,JC - Econs,Eunice,Friday,Paya Lebar,KINEX-4,30,05 Jun (Fri),10:00:00 AM,J1 Economics,Market Failure and Government Intervention,6/5/2026,10:00AM - 01:00PM,bit.ly/zenithKINEX,11 Tanjong Katong Rd #02-09 (KINEX Mall) S437157,11 Tanjong Katong Rd #02-09 (KINEX Mall) S437157  (Video Guide: bit.ly/zenithKINEX),Economics,Closed - Running,,J1 Economics - Paya Lebar - 05 Jun Fri 10:00AM,[J1 Economics] Paya Lebar | 05 Jun (Fri) | 10:00AM - 01:00PM | Market Failure and Government Intervention,0,,26,26,26 / 30,21,26 | 21 | 30,80.77%,J1,JC,ECON,ECON,ECON,Kinex,Eunice,FALSE,0
JC JunCC<>J1 2026<>JC - Bio<>Josh<>Tuesday<>Paya Lebar<>KINEX-5<>22<>2 Jun<>1:00 pm<>DNA Replication,JC JunCC,J1 2026,JC - Bio,Josh,Tuesday,Paya Lebar,KINEX-5,22,02 Jun (Tue),1:00:00 PM,J1 Biology,DNA Replication,6/2/2026,01:30PM - 04:30PM,bit.ly/zenithKINEX,11 Tanjong Katong Rd #02-09 (KINEX Mall) S437157,11 Tanjong Katong Rd #02-09 (KINEX Mall) S437157  (Video Guide: bit.ly/zenithKINEX),Biology,Closed - Running,,J1 Biology - Paya Lebar - 02 Jun Tue 01:30PM,[J1 Biology] Paya Lebar | 02 Jun (Tue) | 01:30PM - 04:30PM | DNA Replication,0,,4,4,4 / 22,2,4 | 2 | 22,50.00%,J1,JC,BIO,BIO,BIO,Kinex,Josh,FALSE,0
JC JunCC<>J1 2026<>JC - Math<>Kai Wen<>Friday<>Paya Lebar<>KINEX-5<>22<>5 Jun<>1:00 pm<>Summation and Recurrence Relations,JC JunCC,J1 2026,JC - Math,Kai Wen,Friday,Paya Lebar,KINEX-5,22,05 Jun (Fri),1:00:00 PM,J1 Math,Summation and Recurrence Relations,6/5/2026,01:30PM - 04:30PM,bit.ly/zenithKINEX,11 Tanjong Katong Rd #02-09 (KINEX Mall) S437157,11 Tanjong Katong Rd #02-09 (KINEX Mall) S437157  (Video Guide: bit.ly/zenithKINEX),Math,Closed - Running,,J1 Math - Paya Lebar - 05 Jun Fri 01:30PM,[J1 Math] Paya Lebar | 05 Jun (Fri) | 01:30PM - 04:30PM | Summation and Recurrence Relations,0,,12,12,12 / 22,9,12 | 9 | 22,75.00%,J1,JC,MATH,MATH,MATH,Kinex,Kai Wen,FALSE,2
JC JunCC<>J1 2026<>JC - Bio<>Derek<>Monday<>Marymount<>MM-1<>28<>1 Jun<>1:00 pm<>DNA Replication,JC JunCC,J1 2026,JC - Bio,Derek,Monday,Marymount,MM-1,28,01 Jun (Mon),1:00:00 PM,J1 Biology,DNA Replication,6/1/2026,01:30PM - 04:30PM,bit.ly/zenithMM,183 Upper Thomson Road B1-05 (Longhaus) S574429,183 Upper Thomson Road B1-05 (Longhaus) S574429  (Video Guide: bit.ly/zenithMM),Biology,Closed - Running,,J1 Biology - Marymount - 01 Jun Mon 01:30PM,[J1 Biology] Marymount | 01 Jun (Mon) | 01:30PM - 04:30PM | DNA Replication,0,,7,7,7 / 28,3,7 | 3 | 28,42.86%,J1,JC,BIO,BIO,BIO,Marymount,Derek,FALSE,0
JC JunCC<>J1 2026<>JC - Chem<>Jia Yi<>Thursday<>Marymount<>MM-1<>28<>4 Jun<>10:00 am<>Chem Bonding,JC JunCC,J1 2026,JC - Chem,Jia Yi,Thursday,Marymount,MM-1,28,04 Jun (Thu),10:00:00 AM,J1 Chemistry,Chem Bonding,6/4/2026,10:00AM - 01:00PM,bit.ly/zenithMM,183 Upper Thomson Road B1-05 (Longhaus) S574429,183 Upper Thomson Road B1-05 (Longhaus) S574429  (Video Guide: bit.ly/zenithMM),Chemistry,Closed - Running,,J1 Chemistry - Marymount - 04 Jun Thu 10:00AM,[J1 Chemistry] Marymount | 04 Jun (Thu) | 10:00AM - 01:00PM | Chem Bonding,0,,5,5,5 / 28,4,5 | 4 | 28,80.00%,J1,JC,CHEM,CHEM,CHEM,Marymount,Jia Yi,FALSE,0
JC JunCC<>J1 2026<>JC - Phy<>Duncan<>Thursday<>Marymount<>MM-1<>28<>4 Jun<>1:00 pm<>Motion & Forces (Part 2) + Collision,JC JunCC,J1 2026,JC - Phy,Duncan,Thursday,Marymount,MM-1,28,04 Jun (Thu),1:00:00 PM,J1 Physics,Motion & Forces (Part 2) + Collision,6/4/2026,01:30PM - 04:30PM,bit.ly/zenithMM,183 Upper Thomson Road B1-05 (Longhaus) S574429,183 Upper Thomson Road B1-05 (Longhaus) S574429  (Video Guide: bit.ly/zenithMM),Physics,Closed - Running,,J1 Physics - Marymount - 04 Jun Thu 01:30PM,[J1 Physics] Marymount | 04 Jun (Thu) | 01:30PM - 04:30PM | Motion & Forces (Part 2) + Collision,0,,8,8,8 / 28,8,8 | 8 | 28,100.00%,J1,JC,PHYS,PHYS,PHYS,Marymount,Duncan,FALSE,0
JC JunCC<>J1 2026<>JC - Chem<>Jia Yi<>Friday<>Marymount<>MM-1<>28<>5 Jun<>1:00 pm<>Chem Bonding,JC JunCC,J1 2026,JC - Chem,Jia Yi,Friday,Marymount,MM-1,28,05 Jun (Fri),1:00:00 PM,J1 Chemistry,Chem Bonding,6/5/2026,01:30PM - 04:30PM,bit.ly/zenithMM,183 Upper Thomson Road B1-05 (Longhaus) S574429,183 Upper Thomson Road B1-05 (Longhaus) S574429  (Video Guide: bit.ly/zenithMM),Chemistry,Closed - Running,,J1 Chemistry - Marymount - 05 Jun Fri 01:30PM,[J1 Chemistry] Marymount | 05 Jun (Fri) | 01:30PM - 04:30PM | Chem Bonding,0,,5,5,5 / 28,3,5 | 3 | 28,60.00%,J1,JC,CHEM,CHEM,CHEM,Marymount,Jia Yi,FALSE,0
"JC JunCC<>J1 2026<>JC - Econs<>Fung<>Thursday<>Marymount<>MM-2<>27<>4 Jun<>10:00 am<>Market Model: Demand, Supply and Elasticities",JC JunCC,J1 2026,JC - Econs,Fung,Thursday,Marymount,MM-2,27,04 Jun (Thu),10:00:00 AM,J1 Economics,"Market Model: Demand, Supply and Elasticities",6/4/2026,10:00AM - 01:00PM,bit.ly/zenithMM,183 Upper Thomson Road B1-05 (Longhaus) S574429,183 Upper Thomson Road B1-05 (Longhaus) S574429  (Video Guide: bit.ly/zenithMM),Economics,Closed - Not running,,J1 Economics - Marymount - 04 Jun Thu 10:00AM,"[J1 Economics] Marymount | 04 Jun (Thu) | 10:00AM - 01:00PM | Market Model: Demand, Supply and Elasticities",0,,0,0,0 / 27,0,0 | 0 | 27,0.00%,J1,JC,ECON,ECON,ECON,Marymount,Fung,FALSE,0
JC JunCC<>J1 2026<>JC - Econs<>Fung<>Friday<>Marymount<>MM-2<>27<>5 Jun<>10:00 am<>Market Failure and Government Intervention,JC JunCC,J1 2026,JC - Econs,Fung,Friday,Marymount,MM-2,27,05 Jun (Fri),10:00:00 AM,J1 Economics,Market Failure and Government Intervention,6/5/2026,10:00AM - 01:00PM,bit.ly/zenithMM,183 Upper Thomson Road B1-05 (Longhaus) S574429,183 Upper Thomson Road B1-05 (Longhaus) S574429  (Video Guide: bit.ly/zenithMM),Economics,Closed - Not running,,J1 Economics - Marymount - 05 Jun Fri 10:00AM,[J1 Economics] Marymount | 05 Jun (Fri) | 10:00AM - 01:00PM | Market Failure and Government Intervention,0,,0,0,0 / 27,0,0 | 0 | 27,0.00%,J1,JC,ECON,ECON,ECON,Marymount,Fung,FALSE,0
JC JunCC<>J1 2026<>JC - Bio<>Derek<>Tuesday<>Tampines<>TP-1 (main)<>28<>2 Jun<>10:00 am<>Gene Expression,JC JunCC,J1 2026,JC - Bio,Derek,Tuesday,Tampines,TP-1 (main),28,02 Jun (Tue),10:00:00 AM,J1 Biology,Gene Expression,6/2/2026,10:00AM - 01:00PM,bit.ly/zenithTP,1 Tampines Central #08-10 (CPF Building) SS529508,1 Tampines Central #08-10 (CPF Building) SS529508  (Video Guide: bit.ly/zenithTP),Biology,Closed - Running,,J1 Biology - Tampines - 02 Jun Tue 10:00AM,[J1 Biology] Tampines | 02 Jun (Tue) | 10:00AM - 01:00PM | Gene Expression,0,,9,9,9 / 28,6,9 | 6 | 28,66.67%,J1,JC,BIO,BIO,BIO,Tampines,Derek,FALSE,0
JC JunCC<>J1 2026<>JC - Bio<>Derek<>Wednesday<>Tampines<>TP-1 (main)<>28<>3 Jun<>1:00 pm<>DNA Replication,JC JunCC,J1 2026,JC - Bio,Derek,Wednesday,Tampines,TP-1 (main),28,03 Jun (Wed),1:00:00 PM,J1 Biology,DNA Replication,6/3/2026,01:30PM - 04:30PM,bit.ly/zenithTP,1 Tampines Central #08-10 (CPF Building) SS529508,1 Tampines Central #08-10 (CPF Building) SS529508  (Video Guide: bit.ly/zenithTP),Biology,Closed - Running,,J1 Biology - Tampines - 03 Jun Wed 01:30PM,[J1 Biology] Tampines | 03 Jun (Wed) | 01:30PM - 04:30PM | DNA Replication,0,,6,6,6 / 28,5,6 | 5 | 28,83.33%,J1,JC,BIO,BIO,BIO,Tampines,Derek,FALSE,0
JC JunCC<>J1 2026<>JC - Chem<>Zoey<>Friday<>Tampines<>TP-1 (main)<>28<>5 Jun<>10:00 am<>Energetics,JC JunCC,J1 2026,JC - Chem,Zoey,Friday,Tampines,TP-1 (main),28,05 Jun (Fri),10:00:00 AM,J1 Chemistry,Energetics,6/5/2026,10:00AM - 01:00PM,bit.ly/zenithTP,1 Tampines Central #08-10 (CPF Building) SS529508,1 Tampines Central #08-10 (CPF Building) SS529508  (Video Guide: bit.ly/zenithTP),Chemistry,Closed - Running,,J1 Chemistry - Tampines - 05 Jun Fri 10:00AM,[J1 Chemistry] Tampines | 05 Jun (Fri) | 10:00AM - 01:00PM | Energetics,0,,23,23,23 / 28,20,23 | 20 | 28,86.96%,J1,JC,CHEM,CHEM,CHEM,Tampines,Zoey,FALSE,0
JC JunCC<>J1 2026<>JC - Econs<>Kane<>Monday<>Tampines<>TP-2 (main)<>22<>1 Jun<>10:00 am<>Market Failure and Government Intervention,JC JunCC,J1 2026,JC - Econs,Kane,Monday,Tampines,TP-2 (main),22,01 Jun (Mon),10:00:00 AM,J1 Economics,Market Failure and Government Intervention,6/1/2026,10:00AM - 01:00PM,bit.ly/zenithTP,1 Tampines Central #08-10 (CPF Building) SS529508,1 Tampines Central #08-10 (CPF Building) SS529508  (Video Guide: bit.ly/zenithTP),Economics,Closed - Running,,J1 Economics - Tampines - 01 Jun Mon 10:00AM,[J1 Economics] Tampines | 01 Jun (Mon) | 10:00AM - 01:00PM | Market Failure and Government Intervention,0,,21,21,21 / 22,18,21 | 18 | 22,85.71%,J1,JC,ECON,ECON,ECON,Tampines,Kane,FALSE,2
JC JunCC<>J1 2026<>JC - Chem<>Zoey<>Wednesday<>Tampines<>TP-2 (main)<>22<>3 Jun<>1:00 pm<>Chem Bonding,JC JunCC,J1 2026,JC - Chem,Zoey,Wednesday,Tampines,TP-2 (main),22,03 Jun (Wed),1:00:00 PM,J1 Chemistry,Chem Bonding,6/3/2026,01:30PM - 04:30PM,bit.ly/zenithTP,1 Tampines Central #08-10 (CPF Building) SS529508,1 Tampines Central #08-10 (CPF Building) SS529508  (Video Guide: bit.ly/zenithTP),Chemistry,Closed - Running,,J1 Chemistry - Tampines - 03 Jun Wed 01:30PM,[J1 Chemistry] Tampines | 03 Jun (Wed) | 01:30PM - 04:30PM | Chem Bonding,0,,10,10,10 / 22,10,10 | 10 | 22,100.00%,J1,JC,CHEM,CHEM,CHEM,Tampines,Zoey,FALSE,0
JC JunCC<>J1 2026<>JC - Chem<>Zoey<>Monday<>Tampines<>TP-3 (main)<>20<>1 Jun<>10:00 am<>Chem Bonding,JC JunCC,J1 2026,JC - Chem,Zoey,Monday,Tampines,TP-3 (main),20,01 Jun (Mon),10:00:00 AM,J1 Chemistry,Chem Bonding,6/1/2026,10:00AM - 01:00PM,bit.ly/zenithTP,1 Tampines Central #08-10 (CPF Building) SS529508,1 Tampines Central #08-10 (CPF Building) SS529508  (Video Guide: bit.ly/zenithTP),Chemistry,Closed - Running,,J1 Chemistry - Tampines - 01 Jun Mon 10:00AM,[J1 Chemistry] Tampines | 01 Jun (Mon) | 10:00AM - 01:00PM | Chem Bonding,0,,14,14,14 / 20,12,14 | 12 | 20,85.71%,J1,JC,CHEM,CHEM,CHEM,Tampines,Zoey,FALSE,1
JC JunCC<>J1 2026<>JC - Econs<>Justin<>Tuesday<>Tampines<>TP-3 (main)<>20<>2 Jun<>1:00 pm<>Market Failure and Government Intervention,JC JunCC,J1 2026,JC - Econs,Justin,Tuesday,Tampines,TP-3 (main),20,02 Jun (Tue),1:00:00 PM,J1 Economics,Market Failure and Government Intervention,6/2/2026,01:30PM - 04:30PM,bit.ly/zenithTP,1 Tampines Central #08-10 (CPF Building) SS529508,1 Tampines Central #08-10 (CPF Building) SS529508  (Video Guide: bit.ly/zenithTP),Economics,Closed - Running,,J1 Economics - Tampines - 02 Jun Tue 01:30PM,[J1 Economics] Tampines | 02 Jun (Tue) | 01:30PM - 04:30PM | Market Failure and Government Intervention,0,,15,15,15 / 20,13,15 | 13 | 20,86.67%,J1,JC,ECON,ECON,ECON,Tampines,Justin,FALSE,0
JC JunCC<>J1 2026<>JC - GP<>Jaymi<>Wednesday<>Tampines<>TP-5 (LT) (ext)<>50<>3 Jun<>10:00 am<>Application Question (Singapore Traits and Qualities),JC JunCC,J1 2026,JC - GP,Jaymi,Wednesday,Tampines,TP-5 (LT) (ext),50,03 Jun (Wed),10:00:00 AM,J1 GP,Application Question (Singapore Traits and Qualities),6/3/2026,10:00AM - 01:00PM,bit.ly/zenithTP,1 Tampines Central #08-10 (CPF Building) SS529508,1 Tampines Central #08-10 (CPF Building) SS529508  (Video Guide: bit.ly/zenithTP),GP,Closed - Running,,J1 GP - Tampines - 03 Jun Wed 10:00AM,[J1 GP] Tampines | 03 Jun (Wed) | 10:00AM - 01:00PM | Application Question (Singapore Traits and Qualities),0,,45,45,45 / 50,34,45 | 34 | 50,75.56%,J1,JC,GP,GP,GP,Tampines,Jaymi,FALSE,1
JC JunCC<>J1 2026<>JC - Phy<>Dr. Han Wei<>Wednesday<>Tampines<>TP-4 (ext)<>35<>3 Jun<>1:00 pm<>Circular Motion,JC JunCC,J1 2026,JC - Phy,Dr. Han Wei,Wednesday,Tampines,TP-4 (ext),35,03 Jun (Wed),1:00:00 PM,J1 Physics,Circular Motion,6/3/2026,01:30PM - 04:30PM,bit.ly/zenithTP,1 Tampines Central #08-10 (CPF Building) SS529508,1 Tampines Central #08-10 (CPF Building) SS529508  (Video Guide: bit.ly/zenithTP),Physics,Closed - Not running,,J1 Physics - Tampines - 03 Jun Wed 01:30PM,[J1 Physics] Tampines | 03 Jun (Wed) | 01:30PM - 04:30PM | Circular Motion,0,,0,0,0 / 35,0,0 | 0 | 35,0.00%,J1,JC,PHYS,PHYS,PHYS,Tampines,Dr. Han Wei,FALSE,0
JC JunCC<>J1 2026<>JC - Econs<>Justin<>Friday<>Tampines<>TP-4 (ext)<>35<>5 Jun<>10:00 am<>Market Failure and Government Intervention,JC JunCC,J1 2026,JC - Econs,Justin,Friday,Tampines,TP-4 (ext),35,05 Jun (Fri),10:00:00 AM,J1 Economics,Market Failure and Government Intervention,6/5/2026,10:00AM - 01:00PM,bit.ly/zenithTP,1 Tampines Central #08-10 (CPF Building) SS529508,1 Tampines Central #08-10 (CPF Building) SS529508  (Video Guide: bit.ly/zenithTP),Economics,Closed - Running,,J1 Economics - Tampines - 05 Jun Fri 10:00AM,[J1 Economics] Tampines | 05 Jun (Fri) | 10:00AM - 01:00PM | Market Failure and Government Intervention,0,,6,6,6 / 35,3,6 | 3 | 35,50.00%,J1,JC,ECON,ECON,ECON,Tampines,Justin,FALSE,0
JC JunCC<>J1 2026<>JC - Phy<>Dr. Han Wei<>Monday<>Tampines<>TP-5 (LT) (ext)<>50<>1 Jun<>1:00 pm<>Motion & Forces (Part 2) + Collision,JC JunCC,J1 2026,JC - Phy,Dr. Han Wei,Monday,Tampines,TP-5 (LT) (ext),50,01 Jun (Mon),1:00:00 PM,J1 Physics,Motion & Forces (Part 2) + Collision,6/1/2026,01:30PM - 04:30PM,bit.ly/zenithTP,1 Tampines Central #08-10 (CPF Building) SS529508,1 Tampines Central #08-10 (CPF Building) SS529508  (Video Guide: bit.ly/zenithTP),Physics,Closed - Running,,J1 Physics - Tampines - 01 Jun Mon 01:30PM,[J1 Physics] Tampines | 01 Jun (Mon) | 01:30PM - 04:30PM | Motion & Forces (Part 2) + Collision,0,,14,14,14 / 50,12,14 | 12 | 50,85.71%,J1,JC,PHYS,PHYS,PHYS,Tampines,Dr. Han Wei,FALSE,1
JC JunCC<>J1 2026<>JC - Math<>Chuan Li<>Tuesday<>Tampines<>TP-5 (LT) (ext)<>50<>2 Jun<>1:00 pm<>Differentiation,JC JunCC,J1 2026,JC - Math,Chuan Li,Tuesday,Tampines,TP-5 (LT) (ext),50,02 Jun (Tue),1:00:00 PM,J1 Math,Differentiation,6/2/2026,01:30PM - 04:30PM,bit.ly/zenithTP,1 Tampines Central #08-10 (CPF Building) SS529508,1 Tampines Central #08-10 (CPF Building) SS529508  (Video Guide: bit.ly/zenithTP),Math,Closed - Running,,J1 Math - Tampines - 02 Jun Tue 01:30PM,[J1 Math] Tampines | 02 Jun (Tue) | 01:30PM - 04:30PM | Differentiation,0,,10,10,10 / 50,7,10 | 7 | 50,70.00%,J1,JC,MATH,MATH,MATH,Tampines,Chuan Li,FALSE,0
JC JunCC<>J1 2026<>JC - Math<>Chuan Li<>Wednesday<>Tampines<>TP-5 (LT) (ext)<>50<>3 Jun<>1:00 pm<>Functions,JC JunCC,J1 2026,JC - Math,Chuan Li,Wednesday,Tampines,TP-5 (LT) (ext),50,03 Jun (Wed),1:00:00 PM,J1 Math,Functions,6/3/2026,01:30PM - 04:30PM,bit.ly/zenithTP,1 Tampines Central #08-10 (CPF Building) SS529508,1 Tampines Central #08-10 (CPF Building) SS529508  (Video Guide: bit.ly/zenithTP),Math,Closed - Running,,J1 Math - Tampines - 03 Jun Wed 01:30PM,[J1 Math] Tampines | 03 Jun (Wed) | 01:30PM - 04:30PM | Functions,0,,11,11,11 / 50,8,11 | 8 | 50,72.73%,J1,JC,MATH,MATH,MATH,Tampines,Chuan Li,FALSE,0
JC JunCC<>J1 2026<>JC - Math<>Chuan Li<>Thursday<>Tampines<>TP-5 (LT) (ext)<>50<>4 Jun<>1:00 pm<>APGP,JC JunCC,J1 2026,JC - Math,Chuan Li,Thursday,Tampines,TP-5 (LT) (ext),50,04 Jun (Thu),1:00:00 PM,J1 Math,APGP,6/4/2026,01:30PM - 04:30PM,bit.ly/zenithTP,1 Tampines Central #08-10 (CPF Building) SS529508,1 Tampines Central #08-10 (CPF Building) SS529508  (Video Guide: bit.ly/zenithTP),Math,Closed - Not running,,J1 Math - Tampines - 04 Jun Thu 01:30PM,[J1 Math] Tampines | 04 Jun (Thu) | 01:30PM - 04:30PM | APGP,0,,0,0,0 / 50,0,0 | 0 | 50,0.00%,J1,JC,MATH,MATH,MATH,Tampines,Chuan Li,FALSE,0
JC JunCC<>J1 2026<>JC - Phy<>Joshua<>Friday<>Bishan<>BS-2<>29<>5 Jun<>1:00 pm<>Circular Motion,JC JunCC,J1 2026,JC - Phy,Joshua,Friday,Bishan,BS-2,29,05 Jun (Fri),1:00:00 PM,J1 Physics,Circular Motion,6/5/2026,01:30PM - 04:30PM,bit.ly/zenithBISHAN,51 Bishan Street 13 #03-01 (Bishan CC) S579799,51 Bishan Street 13 #03-01 (Bishan CC) S579799  (Video Guide: bit.ly/zenithBISHAN),Physics,Closed - Running,,J1 Physics - Bishan - 05 Jun Fri 01:30PM,[J1 Physics] Bishan | 05 Jun (Fri) | 01:30PM - 04:30PM | Circular Motion,0,,5,5,5 / 29,4,5 | 4 | 29,80.00%,J1,JC,PHYS,PHYS,PHYS,Bishan CC,Joshua,FALSE,0
JC JunCC<>J1 2026<>JC - Phy<>Joshua<>Wednesday<>Bishan<>BS-6<>18<>3 Jun<>1:00 pm<>Motion & Forces (Part 2) + Collision,JC JunCC,J1 2026,JC - Phy,Joshua,Wednesday,Bishan,BS-6,18,03 Jun (Wed),1:00:00 PM,J1 Physics,Motion & Forces (Part 2) + Collision,6/3/2026,01:30PM - 04:30PM,bit.ly/zenithBISHAN,51 Bishan Street 13 #03-01 (Bishan CC) S579799,51 Bishan Street 13 #03-01 (Bishan CC) S579799  (Video Guide: bit.ly/zenithBISHAN),Physics,Closed - Running,,J1 Physics - Bishan - 03 Jun Wed 01:30PM,[J1 Physics] Bishan | 03 Jun (Wed) | 01:30PM - 04:30PM | Motion & Forces (Part 2) + Collision,0,,11,11,11 / 18,7,11 | 7 | 18,63.64%,J1,JC,PHYS,PHYS,PHYS,Bishan CC,Joshua,FALSE,0
JC JunCC<>J1 2026<>JC - Chem<>Dr. Ryan<>Tuesday<>Bishan<>BS-LT<>56<>2 Jun<>1:00 pm<>Chem Bonding,JC JunCC,J1 2026,JC - Chem,Dr. Ryan,Tuesday,Bishan,BS-LT,56,02 Jun (Tue),1:00:00 PM,J1 Chemistry,Chem Bonding,6/2/2026,01:30PM - 04:30PM,bit.ly/zenithBISHAN,51 Bishan Street 13 #03-01 (Bishan CC) S579799,51 Bishan Street 13 #03-01 (Bishan CC) S579799  (Video Guide: bit.ly/zenithBISHAN),Chemistry,Closed - Running,,J1 Chemistry - Bishan - 02 Jun Tue 01:30PM,[J1 Chemistry] Bishan | 02 Jun (Tue) | 01:30PM - 04:30PM | Chem Bonding,0,,25,25,25 / 56,23,25 | 23 | 56,92.00%,J1,JC,CHEM,CHEM,CHEM,Bishan CC,Dr. Ryan,FALSE,1
JC JunCC<>J1 2026<>JC - Bio<>Melvin<>Monday<>Bukit Panjang<>BP-1<>24<>1 Jun<>10:00 am<>DNA Replication,JC JunCC,J1 2026,JC - Bio,Melvin,Monday,Bukit Panjang,BP-1,24,01 Jun (Mon),10:00:00 AM,J1 Biology,DNA Replication,6/1/2026,10:00AM - 01:00PM,bit.ly/zenithBP,1 Woodlands Road #01-10 (Junction10) S677899,1 Woodlands Road #01-10 (Junction10) S677899  (Video Guide: bit.ly/zenithBP),Biology,Closed - Running,,J1 Biology - Bukit Panjang - 01 Jun Mon 10:00AM,[J1 Biology] Bukit Panjang | 01 Jun (Mon) | 10:00AM - 01:00PM | DNA Replication,0,,7,7,7 / 24,6,7 | 6 | 24,85.71%,J1,JC,BIO,BIO,BIO,Bukit Panjang,Melvin,FALSE,0
JC JunCC<>J1 2026<>JC - Chem<>YH<>Tuesday<>Bukit Panjang<>BP-1<>24<>2 Jun<>1:00 pm<>Chem Bonding,JC JunCC,J1 2026,JC - Chem,YH,Tuesday,Bukit Panjang,BP-1,24,02 Jun (Tue),1:00:00 PM,J1 Chemistry,Chem Bonding,6/2/2026,01:30PM - 04:30PM,bit.ly/zenithBP,1 Woodlands Road #01-10 (Junction10) S677899,1 Woodlands Road #01-10 (Junction10) S677899  (Video Guide: bit.ly/zenithBP),Chemistry,Closed - Not running,,J1 Chemistry - Bukit Panjang - 02 Jun Tue 01:30PM,[J1 Chemistry] Bukit Panjang | 02 Jun (Tue) | 01:30PM - 04:30PM | Chem Bonding,0,,0,0,0 / 24,0,0 | 0 | 24,0.00%,J1,JC,CHEM,CHEM,CHEM,Bukit Panjang,YH,FALSE,0
JC JunCC<>J1 2026<>JC - Phy<>Enzhao<>Friday<>Bukit Panjang<>BP-1<>24<>5 Jun<>10:00 am<>Motion & Forces (Part 2) + Collision,JC JunCC,J1 2026,JC - Phy,Enzhao,Friday,Bukit Panjang,BP-1,24,05 Jun (Fri),10:00:00 AM,J1 Physics,Motion & Forces (Part 2) + Collision,6/5/2026,10:00AM - 01:00PM,bit.ly/zenithBP,1 Woodlands Road #01-10 (Junction10) S677899,1 Woodlands Road #01-10 (Junction10) S677899  (Video Guide: bit.ly/zenithBP),Physics,Closed - Running,,J1 Physics - Bukit Panjang - 05 Jun Fri 10:00AM,[J1 Physics] Bukit Panjang | 05 Jun (Fri) | 10:00AM - 01:00PM | Motion & Forces (Part 2) + Collision,0,,6,6,6 / 24,6,6 | 6 | 24,100.00%,J1,JC,PHYS,PHYS,PHYS,Bukit Panjang,Enzhao,FALSE,0
JC JunCC<>J1 2026<>JC - Bio<>Melvin<>Friday<>Bukit Panjang<>BP-1<>24<>5 Jun<>1:00 pm<>Gene Expression,JC JunCC,J1 2026,JC - Bio,Melvin,Friday,Bukit Panjang,BP-1,24,05 Jun (Fri),1:00:00 PM,J1 Biology,Gene Expression,6/5/2026,01:30PM - 04:30PM,bit.ly/zenithBP,1 Woodlands Road #01-10 (Junction10) S677899,1 Woodlands Road #01-10 (Junction10) S677899  (Video Guide: bit.ly/zenithBP),Biology,Closed - Running,,J1 Biology - Bukit Panjang - 05 Jun Fri 01:30PM,[J1 Biology] Bukit Panjang | 05 Jun (Fri) | 01:30PM - 04:30PM | Gene Expression,0,,14,14,14 / 24,12,14 | 12 | 24,85.71%,J1,JC,BIO,BIO,BIO,Bukit Panjang,Melvin,FALSE,0
JC JunCC<>J1 2026<>JC - GP<>Joey<>Tuesday<>Bukit Panjang<>BP-3<>19<>2 Jun<>10:00 am<>Application Question (Singapore Traits and Qualities),JC JunCC,J1 2026,JC - GP,Joey,Tuesday,Bukit Panjang,BP-3,19,02 Jun (Tue),10:00:00 AM,J1 GP,Application Question (Singapore Traits and Qualities),6/2/2026,10:00AM - 01:00PM,bit.ly/zenithBP,1 Woodlands Road #01-10 (Junction10) S677899,1 Woodlands Road #01-10 (Junction10) S677899  (Video Guide: bit.ly/zenithBP),GP,Closed - Running,,J1 GP - Bukit Panjang - 02 Jun Tue 10:00AM,[J1 GP] Bukit Panjang | 02 Jun (Tue) | 10:00AM - 01:00PM | Application Question (Singapore Traits and Qualities),0,,17,17,17 / 19,11,17 | 11 | 19,64.71%,J1,JC,GP,GP,GP,Bukit Panjang,Joey,FALSE,2
JC JunCC<>J1 2026<>JC - GP<>Joey<>Wednesday<>Bukit Panjang<>BP-3<>19<>3 Jun<>10:00 am<>Application Question (Singapore Traits and Qualities),JC JunCC,J1 2026,JC - GP,Joey,Wednesday,Bukit Panjang,BP-3,19,03 Jun (Wed),10:00:00 AM,J1 GP,Application Question (Singapore Traits and Qualities),6/3/2026,10:00AM - 01:00PM,bit.ly/zenithBP,1 Woodlands Road #01-10 (Junction10) S677899,1 Woodlands Road #01-10 (Junction10) S677899  (Video Guide: bit.ly/zenithBP),GP,Closed - Running,,J1 GP - Bukit Panjang - 03 Jun Wed 10:00AM,[J1 GP] Bukit Panjang | 03 Jun (Wed) | 10:00AM - 01:00PM | Application Question (Singapore Traits and Qualities),0,,16,16,16 / 19,12,16 | 12 | 19,75.00%,J1,JC,GP,GP,GP,Bukit Panjang,Joey,FALSE,4
JC JunCC<>J1 2026<>JC - Math<>Hui Xuan<>Wednesday<>Bukit Panjang<>BP-3<>19<>3 Jun<>1:00 pm<>Functions,JC JunCC,J1 2026,JC - Math,Hui Xuan,Wednesday,Bukit Panjang,BP-3,19,03 Jun (Wed),1:00:00 PM,J1 Math,Functions,6/3/2026,01:30PM - 04:30PM,bit.ly/zenithBP,1 Woodlands Road #01-10 (Junction10) S677899,1 Woodlands Road #01-10 (Junction10) S677899  (Video Guide: bit.ly/zenithBP),Math,Closed - Running,,J1 Math - Bukit Panjang - 03 Jun Wed 01:30PM,[J1 Math] Bukit Panjang | 03 Jun (Wed) | 01:30PM - 04:30PM | Functions,0,,5,5,5 / 19,3,5 | 3 | 19,60.00%,J1,JC,MATH,MATH,MATH,Bukit Panjang,Hui Xuan,FALSE,1
JC JunCC<>J1 2026<>JC - Chem<>DJ<>Friday<>Bukit Panjang<>BP-3<>19<>5 Jun<>1:00 pm<>Chem Bonding,JC JunCC,J1 2026,JC - Chem,DJ,Friday,Bukit Panjang,BP-3,19,05 Jun (Fri),1:00:00 PM,J1 Chemistry,Chem Bonding,6/5/2026,01:30PM - 04:30PM,bit.ly/zenithBP,1 Woodlands Road #01-10 (Junction10) S677899,1 Woodlands Road #01-10 (Junction10) S677899  (Video Guide: bit.ly/zenithBP),Chemistry,Closed - Running,,J1 Chemistry - Bukit Panjang - 05 Jun Fri 01:30PM,[J1 Chemistry] Bukit Panjang | 05 Jun (Fri) | 01:30PM - 04:30PM | Chem Bonding,0,,7,7,7 / 19,6,7 | 6 | 19,85.71%,J1,JC,CHEM,CHEM,CHEM,Bukit Panjang,DJ,FALSE,1
JC JunCC<>J1 2026<>JC - Math<>Hui Xuan<>Sunday<>Bukit Panjang<>BP-3<>19<>7 Jun<>10:00 am<>Vectors 1,JC JunCC,J1 2026,JC - Math,Hui Xuan,Sunday,Bukit Panjang,BP-3,19,07 Jun (Sun),10:00:00 AM,J1 Math,Vectors 1,6/7/2026,10:00AM - 01:00PM,bit.ly/zenithBP,1 Woodlands Road #01-10 (Junction10) S677899,1 Woodlands Road #01-10 (Junction10) S677899  (Video Guide: bit.ly/zenithBP),Math,Closed - Running,,J1 Math - Bukit Panjang - 07 Jun Sun 10:00AM,[J1 Math] Bukit Panjang | 07 Jun (Sun) | 10:00AM - 01:00PM | Vectors 1,0,,10,10,10 / 19,9,10 | 9 | 19,90.00%,J1,JC,MATH,MATH,MATH,Bukit Panjang,Hui Xuan,FALSE,0
"JC JunCC<>J1 2026<>JC - Econs<>Eunice<>Tuesday<>Jurong East<>JE-1<>30<>2 Jun<>10:00 am<>Market Model: Demand, Supply and Elasticities",JC JunCC,J1 2026,JC - Econs,Eunice,Tuesday,Jurong East,JE-1,30,02 Jun (Tue),10:00:00 AM,J1 Economics,"Market Model: Demand, Supply and Elasticities",6/2/2026,10:00AM - 01:00PM,https://tinyurl.com/4cnf5kwu,21 Jurong Gateway Rd #02-01 (CPF Jurong Building) S608546,21 Jurong Gateway Rd #02-01 (CPF Jurong Building) S608546  (Video Guide: https://tinyurl.com/4cnf5kwu),Economics,Closed - Not running,,J1 Economics - Jurong East - 02 Jun Tue 10:00AM,"[J1 Economics] Jurong East | 02 Jun (Tue) | 10:00AM - 01:00PM | Market Model: Demand, Supply and Elasticities",0,,0,0,0 / 30,0,0 | 0 | 30,0.00%,J1,JC,ECON,ECON,ECON,Jurong East,Eunice,FALSE,0
JC JunCC<>J1 2026<>JC - Bio<>Josh<>Friday<>Jurong East<>JE-1<>30<>5 Jun<>10:00 am<>DNA Replication,JC JunCC,J1 2026,JC - Bio,Josh,Friday,Jurong East,JE-1,30,05 Jun (Fri),10:00:00 AM,J1 Biology,DNA Replication,6/5/2026,10:00AM - 01:00PM,https://tinyurl.com/4cnf5kwu,21 Jurong Gateway Rd #02-01 (CPF Jurong Building) S608546,21 Jurong Gateway Rd #02-01 (CPF Jurong Building) S608546  (Video Guide: https://tinyurl.com/4cnf5kwu),Biology,Closed - Running,,J1 Biology - Jurong East - 05 Jun Fri 10:00AM,[J1 Biology] Jurong East | 05 Jun (Fri) | 10:00AM - 01:00PM | DNA Replication,0,,4,4,4 / 30,4,4 | 4 | 30,100.00%,J1,JC,BIO,BIO,BIO,Jurong East,Josh,FALSE,0
"JC JunCC<>J1 2026<>JC - Econs<>Eunice<>Monday<>Jurong East<>JE-2<>27<>1 Jun<>1:00 pm<>Market Model: Demand, Supply and Elasticities",JC JunCC,J1 2026,JC - Econs,Eunice,Monday,Jurong East,JE-2,27,01 Jun (Mon),1:00:00 PM,J1 Economics,"Market Model: Demand, Supply and Elasticities",6/1/2026,01:30PM - 04:30PM,https://tinyurl.com/4cnf5kwu,21 Jurong Gateway Rd #02-01 (CPF Jurong Building) S608546,21 Jurong Gateway Rd #02-01 (CPF Jurong Building) S608546  (Video Guide: https://tinyurl.com/4cnf5kwu),Economics,Closed - Not running,,J1 Economics - Jurong East - 01 Jun Mon 01:30PM,"[J1 Economics] Jurong East | 01 Jun (Mon) | 01:30PM - 04:30PM | Market Model: Demand, Supply and Elasticities",0,,0,0,0 / 27,0,0 | 0 | 27,0.00%,J1,JC,ECON,ECON,ECON,Jurong East,Eunice,FALSE,0
JC JunCC<>J1 2026<>JC - Phy<>Enzhao<>Tuesday<>Jurong East<>JE-2<>27<>2 Jun<>10:00 am<>Motion & Forces (Part 2) + Collision,JC JunCC,J1 2026,JC - Phy,Enzhao,Tuesday,Jurong East,JE-2,27,02 Jun (Tue),10:00:00 AM,J1 Physics,Motion & Forces (Part 2) + Collision,6/2/2026,10:00AM - 01:00PM,https://tinyurl.com/4cnf5kwu,21 Jurong Gateway Rd #02-01 (CPF Jurong Building) S608546,21 Jurong Gateway Rd #02-01 (CPF Jurong Building) S608546  (Video Guide: https://tinyurl.com/4cnf5kwu),Physics,Closed - Running,,J1 Physics - Jurong East - 02 Jun Tue 10:00AM,[J1 Physics] Jurong East | 02 Jun (Tue) | 10:00AM - 01:00PM | Motion & Forces (Part 2) + Collision,0,,3,3,3 / 27,0,3 | 0 | 27,0.00%,J1,JC,PHYS,PHYS,PHYS,Jurong East,Enzhao,FALSE,0
JC JunCC<>J1 2026<>JC - Econs<>Eunice<>Thursday<>Jurong East<>JE-2<>27<>4 Jun<>1:00 pm<>Market Failure and Government Intervention,JC JunCC,J1 2026,JC - Econs,Eunice,Thursday,Jurong East,JE-2,27,04 Jun (Thu),1:00:00 PM,J1 Economics,Market Failure and Government Intervention,6/4/2026,01:30PM - 04:30PM,https://tinyurl.com/4cnf5kwu,21 Jurong Gateway Rd #02-01 (CPF Jurong Building) S608546,21 Jurong Gateway Rd #02-01 (CPF Jurong Building) S608546  (Video Guide: https://tinyurl.com/4cnf5kwu),Economics,Closed - Running,,J1 Economics - Jurong East - 04 Jun Thu 01:30PM,[J1 Economics] Jurong East | 04 Jun (Thu) | 01:30PM - 04:30PM | Market Failure and Government Intervention,0,,14,14,14 / 27,9,14 | 9 | 27,64.29%,J1,JC,ECON,ECON,ECON,Jurong East,Eunice,FALSE,0
JC JunCC<>J1 2026<>JC - GP<>Mel B<>Tuesday<>Jurong East<>JE-3<>30<>2 Jun<>1:00 pm<>Application Question (Singapore Traits and Qualities),JC JunCC,J1 2026,JC - GP,Mel B,Tuesday,Jurong East,JE-3,30,02 Jun (Tue),1:00:00 PM,J1 GP,Application Question (Singapore Traits and Qualities),6/2/2026,01:30PM - 04:30PM,https://tinyurl.com/4cnf5kwu,21 Jurong Gateway Rd #02-01 (CPF Jurong Building) S608546,21 Jurong Gateway Rd #02-01 (CPF Jurong Building) S608546  (Video Guide: https://tinyurl.com/4cnf5kwu),GP,Closed - Running,,J1 GP - Jurong East - 02 Jun Tue 01:30PM,[J1 GP] Jurong East | 02 Jun (Tue) | 01:30PM - 04:30PM | Application Question (Singapore Traits and Qualities),0,,19,19,19 / 30,0,19 | 0 | 30,0.00%,J1,JC,GP,GP,GP,Jurong East,Mel B,FALSE,2
JC JunCC<>J1 2026<>JC - Math<>Ethan<>Sunday<>Jurong East<>JE-5<>16<>7 Jun<>3:00 pm<>Vectors 1,JC JunCC,J1 2026,JC - Math,Ethan,Sunday,Jurong East,JE-5,16,07 Jun (Sun),3:00:00 PM,J1 Math,Vectors 1,6/7/2026,03:00PM - 06:00PM,https://tinyurl.com/4cnf5kwu,21 Jurong Gateway Rd #02-01 (CPF Jurong Building) S608546,21 Jurong Gateway Rd #02-01 (CPF Jurong Building) S608546  (Video Guide: https://tinyurl.com/4cnf5kwu),Math,Closed - Running,,J1 Math - Jurong East - 07 Jun Sun 03:00PM,[J1 Math] Jurong East | 07 Jun (Sun) | 03:00PM - 06:00PM | Vectors 1,0,,5,5,5 / 16,5,5 | 5 | 16,100.00%,J1,JC,MATH,MATH,MATH,Jurong East,Ethan,FALSE,0
JC JunCC<>J1 2026<>JC - Math<>Clarence<>Wednesday<>Jurong East<>JE-6<>42<>3 Jun<>10:00 am<>Functions,JC JunCC,J1 2026,JC - Math,Clarence,Wednesday,Jurong East,JE-6,42,03 Jun (Wed),10:00:00 AM,J1 Math,Functions,6/3/2026,10:00AM - 01:00PM,https://tinyurl.com/4cnf5kwu,21 Jurong Gateway Rd #02-01 (CPF Jurong Building) S608546,21 Jurong Gateway Rd #02-01 (CPF Jurong Building) S608546  (Video Guide: https://tinyurl.com/4cnf5kwu),Math,Closed - Running,,J1 Math - Jurong East - 03 Jun Wed 10:00AM,[J1 Math] Jurong East | 03 Jun (Wed) | 10:00AM - 01:00PM | Functions,0,,10,10,10 / 42,6,10 | 6 | 42,60.00%,J1,JC,MATH,MATH,MATH,Jurong East,Clarence,FALSE,1
JC JunCC<>J1 2026<>JC - Math<>Clarence<>Thursday<>Jurong East<>JE-6<>42<>4 Jun<>1:00 pm<>Summation and Recurrence Relations,JC JunCC,J1 2026,JC - Math,Clarence,Thursday,Jurong East,JE-6,42,04 Jun (Thu),1:00:00 PM,J1 Math,Summation and Recurrence Relations,6/4/2026,01:30PM - 04:30PM,https://tinyurl.com/4cnf5kwu,21 Jurong Gateway Rd #02-01 (CPF Jurong Building) S608546,21 Jurong Gateway Rd #02-01 (CPF Jurong Building) S608546  (Video Guide: https://tinyurl.com/4cnf5kwu),Math,Closed - Not running,,J1 Math - Jurong East - 04 Jun Thu 01:30PM,[J1 Math] Jurong East | 04 Jun (Thu) | 01:30PM - 04:30PM | Summation and Recurrence Relations,0,,0,0,0 / 42,0,0 | 0 | 42,0.00%,J1,JC,MATH,MATH,MATH,Jurong East,Clarence,FALSE,0
JC JunCC<>J1 2026<>JC - Math<>Ethan<>Saturday<>Jurong East<>JE-6<>42<>6 Jun<>2:00 pm<>Vectors 1,JC JunCC,J1 2026,JC - Math,Ethan,Saturday,Jurong East,JE-6,42,06 Jun (Sat),2:00:00 PM,J1 Math,Vectors 1,6/6/2026,02:00PM - 05:00PM,https://tinyurl.com/4cnf5kwu,21 Jurong Gateway Rd #02-01 (CPF Jurong Building) S608546,21 Jurong Gateway Rd #02-01 (CPF Jurong Building) S608546  (Video Guide: https://tinyurl.com/4cnf5kwu),Math,Closed - Running,,J1 Math - Jurong East - 06 Jun Sat 02:00PM,[J1 Math] Jurong East | 06 Jun (Sat) | 02:00PM - 05:00PM | Vectors 1,0,,6,6,6 / 42,3,6 | 3 | 42,50.00%,J1,JC,MATH,MATH,MATH,Jurong East,Ethan,FALSE,0
JC JunCC<>J1 2026<>JC - Math<>Hui Xuan<>Monday<>Kovan<>KO-1<>23<>1 Jun<>1:00 pm<>Functions,JC JunCC,J1 2026,JC - Math,Hui Xuan,Monday,Kovan,KO-1,23,01 Jun (Mon),1:00:00 PM,J1 Math,Functions,6/1/2026,01:30PM - 04:30PM,https://tinyurl.com/SOKGuide,988 Upper Serangoon Rd #01-16 (Stars of Kovan) S534733,988 Upper Serangoon Rd #01-16 (Stars of Kovan) S534733  (Video Guide: https://tinyurl.com/SOKGuide),Math,Closed - Running,,J1 Math - Kovan - 01 Jun Mon 01:30PM,[J1 Math] Kovan | 01 Jun (Mon) | 01:30PM - 04:30PM | Functions,0,,12,12,12 / 23,9,12 | 9 | 23,75.00%,J1,JC,MATH,MATH,MATH,Kovan,Hui Xuan,FALSE,1
JC JunCC<>J1 2026<>JC - Math<>Alicia<>Tuesday<>Kovan<>KO-1<>23<>2 Jun<>10:00 am<>Vectors 1,JC JunCC,J1 2026,JC - Math,Alicia,Tuesday,Kovan,KO-1,23,02 Jun (Tue),10:00:00 AM,J1 Math,Vectors 1,6/2/2026,10:00AM - 01:00PM,https://tinyurl.com/SOKGuide,988 Upper Serangoon Rd #01-16 (Stars of Kovan) S534733,988 Upper Serangoon Rd #01-16 (Stars of Kovan) S534733  (Video Guide: https://tinyurl.com/SOKGuide),Math,Closed - Not running,,J1 Math - Kovan - 02 Jun Tue 10:00AM,[J1 Math] Kovan | 02 Jun (Tue) | 10:00AM - 01:00PM | Vectors 1,0,,0,0,0 / 23,0,0 | 0 | 23,0.00%,J1,JC,MATH,MATH,MATH,Kovan,Alicia,FALSE,0
JC JunCC<>J1 2026<>JC - Chem<>Kelly<>Wednesday<>Kovan<>KO-1<>23<>3 Jun<>10:00 am<>Chem Bonding,JC JunCC,J1 2026,JC - Chem,Kelly,Wednesday,Kovan,KO-1,23,03 Jun (Wed),10:00:00 AM,J1 Chemistry,Chem Bonding,6/3/2026,10:00AM - 01:00PM,https://tinyurl.com/SOKGuide,988 Upper Serangoon Rd #01-16 (Stars of Kovan) S534733,988 Upper Serangoon Rd #01-16 (Stars of Kovan) S534733  (Video Guide: https://tinyurl.com/SOKGuide),Chemistry,Closed - Not running,,J1 Chemistry - Kovan - 03 Jun Wed 10:00AM,[J1 Chemistry] Kovan | 03 Jun (Wed) | 10:00AM - 01:00PM | Chem Bonding,0,,0,0,0 / 23,0,0 | 0 | 23,0.00%,J1,JC,CHEM,CHEM,CHEM,Kovan,Kelly,FALSE,0
JC JunCC<>J1 2026<>JC - Chem<>Kelly<>Thursday<>Kovan<>KO-1<>23<>4 Jun<>10:00 am<>Chem Bonding,JC JunCC,J1 2026,JC - Chem,Kelly,Thursday,Kovan,KO-1,23,04 Jun (Thu),10:00:00 AM,J1 Chemistry,Chem Bonding,6/4/2026,10:00AM - 01:00PM,https://tinyurl.com/SOKGuide,988 Upper Serangoon Rd #01-16 (Stars of Kovan) S534733,988 Upper Serangoon Rd #01-16 (Stars of Kovan) S534733  (Video Guide: https://tinyurl.com/SOKGuide),Chemistry,Closed - Running,,J1 Chemistry - Kovan - 04 Jun Thu 10:00AM,[J1 Chemistry] Kovan | 04 Jun (Thu) | 10:00AM - 01:00PM | Chem Bonding,0,,7,7,7 / 23,7,7 | 7 | 23,100.00%,J1,JC,CHEM,CHEM,CHEM,Kovan,Kelly,FALSE,0
JC JunCC<>J1 2026<>JC - Phy<>Aznikah<>Friday<>Kovan<>KO-1<>23<>5 Jun<>1:00 pm<>Circular Motion,JC JunCC,J1 2026,JC - Phy,Aznikah,Friday,Kovan,KO-1,23,05 Jun (Fri),1:00:00 PM,J1 Physics,Circular Motion,6/5/2026,01:30PM - 04:30PM,https://tinyurl.com/SOKGuide,988 Upper Serangoon Rd #01-16 (Stars of Kovan) S534733,988 Upper Serangoon Rd #01-16 (Stars of Kovan) S534733  (Video Guide: https://tinyurl.com/SOKGuide),Physics,Closed - Not running,,J1 Physics - Kovan - 05 Jun Fri 01:30PM,[J1 Physics] Kovan | 05 Jun (Fri) | 01:30PM - 04:30PM | Circular Motion,0,,0,0,0 / 23,0,0 | 0 | 23,0.00%,J1,JC,PHYS,PHYS,PHYS,Kovan,Aznikah,FALSE,0
JC JunCC<>J1 2026<>JC - GP<>Hui Ying<>Tuesday<>Kovan<>KO-3<>23<>2 Jun<>1:00 pm<>Application Question (Singapore Traits and Qualities),JC JunCC,J1 2026,JC - GP,Hui Ying,Tuesday,Kovan,KO-3,23,02 Jun (Tue),1:00:00 PM,J1 GP,Application Question (Singapore Traits and Qualities),6/2/2026,01:30PM - 04:30PM,https://tinyurl.com/SOKGuide,988 Upper Serangoon Rd #01-16 (Stars of Kovan) S534733,988 Upper Serangoon Rd #01-16 (Stars of Kovan) S534733  (Video Guide: https://tinyurl.com/SOKGuide),GP,Closed - Running,,J1 GP - Kovan - 02 Jun Tue 01:30PM,[J1 GP] Kovan | 02 Jun (Tue) | 01:30PM - 04:30PM | Application Question (Singapore Traits and Qualities),0,,20,20,20 / 23,17,20 | 17 | 23,85.00%,J1,JC,GP,GP,GP,Kovan,Hui Ying,TRUE,0
JC JunCC<>J1 2026<>JC - Math<>Hui Xuan<>Thursday<>Kovan<>KO-3<>23<>4 Jun<>1:00 pm<>Vectors 1,JC JunCC,J1 2026,JC - Math,Hui Xuan,Thursday,Kovan,KO-3,23,04 Jun (Thu),1:00:00 PM,J1 Math,Vectors 1,6/4/2026,01:30PM - 04:30PM,https://tinyurl.com/SOKGuide,988 Upper Serangoon Rd #01-16 (Stars of Kovan) S534733,988 Upper Serangoon Rd #01-16 (Stars of Kovan) S534733  (Video Guide: https://tinyurl.com/SOKGuide),Math,Closed - Running,,J1 Math - Kovan - 04 Jun Thu 01:30PM,[J1 Math] Kovan | 04 Jun (Thu) | 01:30PM - 04:30PM | Vectors 1,0,,18,18,18 / 23,15,18 | 15 | 23,83.33%,J1,JC,MATH,MATH,MATH,Kovan,Hui Xuan,FALSE,0
JC JunCC<>J1 2026<>JC - Math<>Alicia<>Friday<>Kovan<>KO-3<>23<>5 Jun<>1:00 pm<>Functions,JC JunCC,J1 2026,JC - Math,Alicia,Friday,Kovan,KO-3,23,05 Jun (Fri),1:00:00 PM,J1 Math,Functions,6/5/2026,01:30PM - 04:30PM,https://tinyurl.com/SOKGuide,988 Upper Serangoon Rd #01-16 (Stars of Kovan) S534733,988 Upper Serangoon Rd #01-16 (Stars of Kovan) S534733  (Video Guide: https://tinyurl.com/SOKGuide),Math,Closed - Running,,J1 Math - Kovan - 05 Jun Fri 01:30PM,[J1 Math] Kovan | 05 Jun (Fri) | 01:30PM - 04:30PM | Functions,0,,9,9,9 / 23,8,9 | 8 | 23,88.89%,J1,JC,MATH,MATH,MATH,Kovan,Alicia,FALSE,0
JC JunCC<>J1 2026<>JC - Math<>Clarence<>Saturday<>King Albert Park<>KAP-2<>15<>6 Jun<>10:00 am<>Summation and Recurrence Relations,JC JunCC,J1 2026,JC - Math,Clarence,Saturday,King Albert Park,KAP-2,15,06 Jun (Sat),10:00:00 AM,J1 Math,Summation and Recurrence Relations,6/6/2026,10:00AM - 01:00PM,https://tinyurl.com/zenithKAP,896 Dunearn Road Dunearn Village #04-16 S589472,896 Dunearn Road Dunearn Village #04-16 S589472  (Video Guide: https://tinyurl.com/zenithKAP),Math,Closed - Running,,J1 Math - King Albert Park - 06 Jun Sat 10:00AM,[J1 Math] King Albert Park | 06 Jun (Sat) | 10:00AM - 01:00PM | Summation and Recurrence Relations,0,,3,3,3 / 15,2,3 | 2 | 15,66.67%,J1,JC,MATH,MATH,MATH,King Albert Park,Clarence,FALSE,2
JC JunCC<>J1 2026<>JC - Math<>Clarence<>Monday<>King Albert Park<>KAP-3<>15<>1 Jun<>10:00 am<>Vectors 1,JC JunCC,J1 2026,JC - Math,Clarence,Monday,King Albert Park,KAP-3,15,01 Jun (Mon),10:00:00 AM,J1 Math,Vectors 1,6/1/2026,10:00AM - 01:00PM,https://tinyurl.com/zenithKAP,896 Dunearn Road Dunearn Village #04-16 S589472,896 Dunearn Road Dunearn Village #04-16 S589472  (Video Guide: https://tinyurl.com/zenithKAP),Math,Closed - Running,,J1 Math - King Albert Park - 01 Jun Mon 10:00AM,[J1 Math] King Albert Park | 01 Jun (Mon) | 10:00AM - 01:00PM | Vectors 1,0,,9,9,9 / 15,9,9 | 9 | 15,100.00%,J1,JC,MATH,MATH,MATH,King Albert Park,Clarence,FALSE,0
JC JunCC<>J1 2026<>JC - GP<>Mel B<>Monday<>King Albert Park<>KAP-5<>24<>1 Jun<>10:00 am<>Application Question (Singapore Traits and Qualities),JC JunCC,J1 2026,JC - GP,Mel B,Monday,King Albert Park,KAP-5,24,01 Jun (Mon),10:00:00 AM,J1 GP,Application Question (Singapore Traits and Qualities),6/1/2026,10:00AM - 01:00PM,https://tinyurl.com/zenithKAP,896 Dunearn Road Dunearn Village #04-16 S589472,896 Dunearn Road Dunearn Village #04-16 S589472  (Video Guide: https://tinyurl.com/zenithKAP),GP,Closed - Running,,J1 GP - King Albert Park - 01 Jun Mon 10:00AM,[J1 GP] King Albert Park | 01 Jun (Mon) | 10:00AM - 01:00PM | Application Question (Singapore Traits and Qualities),0,,10,10,10 / 24,0,10 | 0 | 24,0.00%,J1,JC,GP,GP,GP,King Albert Park,Mel B,FALSE,1
"JC JunCC<>J1 2026<>JC - Econs<>Lennard<>Tuesday<>King Albert Park<>KAP-5<>24<>2 Jun<>10:00 am<>Market Model: Demand, Supply and Elasticities",JC JunCC,J1 2026,JC - Econs,Lennard,Tuesday,King Albert Park,KAP-5,24,02 Jun (Tue),10:00:00 AM,J1 Economics,"Market Model: Demand, Supply and Elasticities",6/2/2026,10:00AM - 01:00PM,https://tinyurl.com/zenithKAP,896 Dunearn Road Dunearn Village #04-16 S589472,896 Dunearn Road Dunearn Village #04-16 S589472  (Video Guide: https://tinyurl.com/zenithKAP),Economics,Closed - Not running,,J1 Economics - King Albert Park - 02 Jun Tue 10:00AM,"[J1 Economics] King Albert Park | 02 Jun (Tue) | 10:00AM - 01:00PM | Market Model: Demand, Supply and Elasticities",0,,0,0,0 / 24,0,0 | 0 | 24,0.00%,J1,JC,ECON,ECON,ECON,King Albert Park,Lennard,FALSE,0
JC JunCC<>J1 2026<>JC - Chem<>YH<>Wednesday<>King Albert Park<>KAP-5<>24<>3 Jun<>1:00 pm<>Chem Bonding,JC JunCC,J1 2026,JC - Chem,YH,Wednesday,King Albert Park,KAP-5,24,03 Jun (Wed),1:00:00 PM,J1 Chemistry,Chem Bonding,6/3/2026,01:30PM - 04:30PM,https://tinyurl.com/zenithKAP,896 Dunearn Road Dunearn Village #04-16 S589472,896 Dunearn Road Dunearn Village #04-16 S589472  (Video Guide: https://tinyurl.com/zenithKAP),Chemistry,Closed - Running,,J1 Chemistry - King Albert Park - 03 Jun Wed 01:30PM,[J1 Chemistry] King Albert Park | 03 Jun (Wed) | 01:30PM - 04:30PM | Chem Bonding,0,,4,4,4 / 24,4,4 | 4 | 24,100.00%,J1,JC,CHEM,CHEM,CHEM,King Albert Park,YH,FALSE,0
JC JunCC<>J1 2026<>JC - Econs<>Lennard<>Thursday<>King Albert Park<>KAP-5<>24<>4 Jun<>10:00 am<>Market Failure and Government Intervention,JC JunCC,J1 2026,JC - Econs,Lennard,Thursday,King Albert Park,KAP-5,24,04 Jun (Thu),10:00:00 AM,J1 Economics,Market Failure and Government Intervention,6/4/2026,10:00AM - 01:00PM,https://tinyurl.com/zenithKAP,896 Dunearn Road Dunearn Village #04-16 S589472,896 Dunearn Road Dunearn Village #04-16 S589472  (Video Guide: https://tinyurl.com/zenithKAP),Economics,Closed - Running,,J1 Economics - King Albert Park - 04 Jun Thu 10:00AM,[J1 Economics] King Albert Park | 04 Jun (Thu) | 10:00AM - 01:00PM | Market Failure and Government Intervention,0,,6,6,6 / 24,5,6 | 5 | 24,83.33%,J1,JC,ECON,ECON,ECON,King Albert Park,Lennard,FALSE,0
JC JunCC<>J1 2026<>JC - GP<>Mel B<>Friday<>King Albert Park<>KAP-5<>24<>5 Jun<>1:00 pm<>Application Question (Singapore Traits and Qualities),JC JunCC,J1 2026,JC - GP,Mel B,Friday,King Albert Park,KAP-5,24,05 Jun (Fri),1:00:00 PM,J1 GP,Application Question (Singapore Traits and Qualities),6/5/2026,01:30PM - 04:30PM,https://tinyurl.com/zenithKAP,896 Dunearn Road Dunearn Village #04-16 S589472,896 Dunearn Road Dunearn Village #04-16 S589472  (Video Guide: https://tinyurl.com/zenithKAP),GP,Closed - Running,,J1 GP - King Albert Park - 05 Jun Fri 01:30PM,[J1 GP] King Albert Park | 05 Jun (Fri) | 01:30PM - 04:30PM | Application Question (Singapore Traits and Qualities),0,,6,6,6 / 24,0,6 | 0 | 24,0.00%,J1,JC,GP,GP,GP,King Albert Park,Mel B,FALSE,1
"JC JunCC<>J1 2026<>JC - Econs<>Lennard<>Monday<>King Albert Park<>KAP-6<>20<>1 Jun<>10:00 am<>Market Model: Demand, Supply and Elasticities",JC JunCC,J1 2026,JC - Econs,Lennard,Monday,King Albert Park,KAP-6,20,01 Jun (Mon),10:00:00 AM,J1 Economics,"Market Model: Demand, Supply and Elasticities",6/1/2026,10:00AM - 01:00PM,https://tinyurl.com/zenithKAP,896 Dunearn Road Dunearn Village #04-16 S589472,896 Dunearn Road Dunearn Village #04-16 S589472  (Video Guide: https://tinyurl.com/zenithKAP),Economics,Closed - Running,,J1 Economics - King Albert Park - 01 Jun Mon 10:00AM,"[J1 Economics] King Albert Park | 01 Jun (Mon) | 10:00AM - 01:00PM | Market Model: Demand, Supply and Elasticities",0,,12,12,12 / 20,10,12 | 10 | 20,83.33%,J1,JC,ECON,ECON,ECON,King Albert Park,Lennard,FALSE,0
JC JunCC<>J1 2026<>JC - Math<>Clarence<>Tuesday<>King Albert Park<>KAP-6<>20<>2 Jun<>1:00 pm<>Functions,JC JunCC,J1 2026,JC - Math,Clarence,Tuesday,King Albert Park,KAP-6,20,02 Jun (Tue),1:00:00 PM,J1 Math,Functions,6/2/2026,01:30PM - 04:30PM,https://tinyurl.com/zenithKAP,896 Dunearn Road Dunearn Village #04-16 S589472,896 Dunearn Road Dunearn Village #04-16 S589472  (Video Guide: https://tinyurl.com/zenithKAP),Math,Closed - Running,,J1 Math - King Albert Park - 02 Jun Tue 01:30PM,[J1 Math] King Albert Park | 02 Jun (Tue) | 01:30PM - 04:30PM | Functions,0,,3,3,3 / 20,2,3 | 2 | 20,66.67%,J1,JC,MATH,MATH,MATH,King Albert Park,Clarence,FALSE,0
JC JunCC<>J1 2026<>JC - Chem<>YH<>Friday<>King Albert Park<>KAP-6<>20<>5 Jun<>10:00 am<>Chem Bonding,JC JunCC,J1 2026,JC - Chem,YH,Friday,King Albert Park,KAP-6,20,05 Jun (Fri),10:00:00 AM,J1 Chemistry,Chem Bonding,6/5/2026,10:00AM - 01:00PM,https://tinyurl.com/zenithKAP,896 Dunearn Road Dunearn Village #04-16 S589472,896 Dunearn Road Dunearn Village #04-16 S589472  (Video Guide: https://tinyurl.com/zenithKAP),Chemistry,Closed - Running,,J1 Chemistry - King Albert Park - 05 Jun Fri 10:00AM,[J1 Chemistry] King Albert Park | 05 Jun (Fri) | 10:00AM - 01:00PM | Chem Bonding,0,,6,6,6 / 20,5,6 | 5 | 20,83.33%,J1,JC,CHEM,CHEM,CHEM,King Albert Park,YH,FALSE,0
JC JunCC<>J1 2026<>JC - Chem<>YH<>Saturday<>King Albert Park<>KAP-6<>20<>6 Jun<>10:00 am<>Chem Bonding,JC JunCC,J1 2026,JC - Chem,YH,Saturday,King Albert Park,KAP-6,20,06 Jun (Sat),10:00:00 AM,J1 Chemistry,Chem Bonding,6/6/2026,10:00AM - 01:00PM,https://tinyurl.com/zenithKAP,896 Dunearn Road Dunearn Village #04-16 S589472,896 Dunearn Road Dunearn Village #04-16 S589472  (Video Guide: https://tinyurl.com/zenithKAP),Chemistry,Closed - Running,,J1 Chemistry - King Albert Park - 06 Jun Sat 10:00AM,[J1 Chemistry] King Albert Park | 06 Jun (Sat) | 10:00AM - 01:00PM | Chem Bonding,0,,7,7,7 / 20,3,7 | 3 | 20,42.86%,J1,JC,CHEM,CHEM,CHEM,King Albert Park,YH,FALSE,0
JC JunCC<>J1 2026<>JC - Phy<>Aznikah<>Wednesday<>Serangoon<>BHC-1<>41<>3 Jun<>1:00 pm<>Motion & Forces (Part 2) + Collision,JC JunCC,J1 2026,JC - Phy,Aznikah,Wednesday,Serangoon,BHC-1,41,03 Jun (Wed),1:00:00 PM,J1 Physics,Motion & Forces (Part 2) + Collision,6/3/2026,01:30PM - 04:30PM,https://tinyurl.com/zenithSERANGOON,50 Serangoon Avenue 2 #03-01 S556129,50 Serangoon Avenue 2 #03-01 S556129  (Video Guide: https://tinyurl.com/zenithSERANGOON),Physics,Closed - Running,,J1 Physics - Serangoon - 03 Jun Wed 01:30PM,[J1 Physics] Serangoon | 03 Jun (Wed) | 01:30PM - 04:30PM | Motion & Forces (Part 2) + Collision,0,,3,3,3 / 41,2,3 | 2 | 41,66.67%,J1,JC,PHYS,PHYS,PHYS,Braddell Heights,Aznikah,FALSE,0
JC JunCC<>J1 2026<>JC - Phy<>Joshua<>Thursday<>Serangoon<>BHC-3<>18<>4 Jun<>1:00 pm<>Circular Motion,JC JunCC,J1 2026,JC - Phy,Joshua,Thursday,Serangoon,BHC-3,18,04 Jun (Thu),1:00:00 PM,J1 Physics,Circular Motion,6/4/2026,01:30PM - 04:30PM,https://tinyurl.com/zenithSERANGOON,50 Serangoon Avenue 2 #03-01 S556129,50 Serangoon Avenue 2 #03-01 S556129  (Video Guide: https://tinyurl.com/zenithSERANGOON),Physics,Closed - Running,,J1 Physics - Serangoon - 04 Jun Thu 01:30PM,[J1 Physics] Serangoon | 04 Jun (Thu) | 01:30PM - 04:30PM | Circular Motion,0,,0,0,0 / 18,0,0 | 0 | 18,0.00%,J1,JC,PHYS,PHYS,PHYS,Braddell Heights,Joshua,FALSE,0
JC JunCC<>J1 2026<>JC - Chem<>Xavier<>Tuesday<>Serangoon<>BHC-2<>23<>2 Jun<>10:00 am<>Energetics,JC JunCC,J1 2026,JC - Chem,Xavier,Tuesday,Serangoon,BHC-2,23,02 Jun (Tue),10:00:00 AM,J1 Chemistry,Energetics,6/2/2026,10:00AM - 01:00PM,https://tinyurl.com/zenithSERANGOON,50 Serangoon Avenue 2 #03-01 S556129,50 Serangoon Avenue 2 #03-01 S556129  (Video Guide: https://tinyurl.com/zenithSERANGOON),Chemistry,Closed - Running,,J1 Chemistry - Serangoon - 02 Jun Tue 10:00AM,[J1 Chemistry] Serangoon | 02 Jun (Tue) | 10:00AM - 01:00PM | Energetics,0,,8,8,8 / 23,7,8 | 7 | 23,87.50%,J1,JC,CHEM,CHEM,CHEM,Braddell Heights,Xavier,FALSE,0
JC JunCC<>J1 2026<>JC - Chem<>Shi Neng<>Thursday<>Serangoon<>BHC-1<>41<>4 Jun<>1:00 pm<>Chem Bonding,JC JunCC,J1 2026,JC - Chem,Shi Neng,Thursday,Serangoon,BHC-1,41,04 Jun (Thu),1:00:00 PM,J1 Chemistry,Chem Bonding,6/4/2026,01:30PM - 04:30PM,https://tinyurl.com/zenithSERANGOON,50 Serangoon Avenue 2 #03-01 S556129,50 Serangoon Avenue 2 #03-01 S556129  (Video Guide: https://tinyurl.com/zenithSERANGOON),Chemistry,Closed - Running,,J1 Chemistry - Serangoon - 04 Jun Thu 01:30PM,[J1 Chemistry] Serangoon | 04 Jun (Thu) | 01:30PM - 04:30PM | Chem Bonding,0,,13,13,13 / 41,10,13 | 10 | 41,76.92%,J1,JC,CHEM,CHEM,CHEM,Braddell Heights,Shi Neng,FALSE,1
JC JunCC<>J1 2026<>JC - Math<>Ming Liang<>Monday<>Buona Vista<>BV-3 (L2)<>28<>8 Jun<>10:00 am<>APGP,JC JunCC,J1 2026,JC - Math,Ming Liang,Monday,Buona Vista,BV-3 (L2),28,08 Jun (Mon),10:00:00 AM,J1 Math,APGP,6/8/2026,10:00AM - 01:00PM,bit.ly/zenithBV,35 Rochester Dr #02-23 (Rochester Mall) S138639,35 Rochester Dr #02-23 (Rochester Mall) S138639  (Video Guide: bit.ly/zenithBV),Math,Closed - Running,,J1 Math - Buona Vista - 08 Jun Mon 10:00AM,[J1 Math] Buona Vista | 08 Jun (Mon) | 10:00AM - 01:00PM | APGP,0,,12,12,12 / 28,8,12 | 8 | 28,66.67%,J1,JC,MATH,MATH,MATH,Buona Vista,Ming Liang,FALSE,3
JC JunCC<>J1 2026<>JC - Bio<>Josh<>Wednesday<>Buona Vista<>BV-4 (L2)<>22<>10 Jun<>10:00 am<>DNA Replication,JC JunCC,J1 2026,JC - Bio,Josh,Wednesday,Buona Vista,BV-4 (L2),22,10 Jun (Wed),10:00:00 AM,J1 Biology,DNA Replication,6/10/2026,10:00AM - 01:00PM,bit.ly/zenithBV,35 Rochester Dr #02-23 (Rochester Mall) S138639,35 Rochester Dr #02-23 (Rochester Mall) S138639  (Video Guide: bit.ly/zenithBV),Biology,Closed - Running,,J1 Biology - Buona Vista - 10 Jun Wed 10:00AM,[J1 Biology] Buona Vista | 10 Jun (Wed) | 10:00AM - 01:00PM | DNA Replication,0,,17,17,17 / 22,15,17 | 15 | 22,88.24%,J1,JC,BIO,BIO,BIO,Buona Vista,Josh,FALSE,0
JC JunCC<>J1 2026<>JC - Chem<>DJ<>Thursday<>Buona Vista<>BV-3 (L2)<>28<>11 Jun<>1:00 pm<>Energetics,JC JunCC,J1 2026,JC - Chem,DJ,Thursday,Buona Vista,BV-3 (L2),28,11 Jun (Thu),1:00:00 PM,J1 Chemistry,Energetics,6/11/2026,01:30PM - 04:30PM,bit.ly/zenithBV,35 Rochester Dr #02-23 (Rochester Mall) S138639,35 Rochester Dr #02-23 (Rochester Mall) S138639  (Video Guide: bit.ly/zenithBV),Chemistry,Closed - Running,,J1 Chemistry - Buona Vista - 11 Jun Thu 01:30PM,[J1 Chemistry] Buona Vista | 11 Jun (Thu) | 01:30PM - 04:30PM | Energetics,0,,19,19,19 / 28,1,19 | 1 | 28,5.26%,J1,JC,CHEM,CHEM,CHEM,Buona Vista,DJ,FALSE,0
JC JunCC<>J1 2026<>JC - Math<>Ming Liang<>Thursday<>Buona Vista<>BV-3 (L2)<>28<>11 Jun<>10:00 am<>Summation and Recurrence Relations,JC JunCC,J1 2026,JC - Math,Ming Liang,Thursday,Buona Vista,BV-3 (L2),28,11 Jun (Thu),10:00:00 AM,J1 Math,Summation and Recurrence Relations,6/11/2026,10:00AM - 01:00PM,bit.ly/zenithBV,35 Rochester Dr #02-23 (Rochester Mall) S138639,35 Rochester Dr #02-23 (Rochester Mall) S138639  (Video Guide: bit.ly/zenithBV),Math,Closed - Running,,J1 Math - Buona Vista - 11 Jun Thu 10:00AM,[J1 Math] Buona Vista | 11 Jun (Thu) | 10:00AM - 01:00PM | Summation and Recurrence Relations,0,,12,12,12 / 28,6,12 | 6 | 28,50.00%,J1,JC,MATH,MATH,MATH,Buona Vista,Ming Liang,FALSE,0
JC JunCC<>J1 2026<>JC - Bio<>Josh<>Friday<>Buona Vista<>BV-2 (L3)<>18<>12 Jun<>1:00 pm<>Gene Expression,JC JunCC,J1 2026,JC - Bio,Josh,Friday,Buona Vista,BV-2 (L3),18,12 Jun (Fri),1:00:00 PM,J1 Biology,Gene Expression,6/12/2026,01:30PM - 04:30PM,bit.ly/zenithBV,35 Rochester Dr #02-23 (Rochester Mall) S138639,35 Rochester Dr #02-23 (Rochester Mall) S138639  (Video Guide: bit.ly/zenithBV),Biology,Open - Running,[J1 Biology] Buona Vista | 12 Jun (Fri) | 01:30PM - 04:30PM | Gene Expression,J1 Biology - Buona Vista - 12 Jun Fri 01:30PM,[J1 Biology] Buona Vista | 12 Jun (Fri) | 01:30PM - 04:30PM | Gene Expression,0,,19,19,19 / 18,0,19 | 0 | 18,0.00%,J1,JC,BIO,BIO,BIO,Buona Vista,Josh,TRUE,0
JC JunCC<>J1 2026<>JC - Econs<>Yuan Ping<>Monday<>Buona Vista<>BV-3 (L2)<>28<>8 Jun<>1:00 pm<>Market Failure and Government Intervention,JC JunCC,J1 2026,JC - Econs,Yuan Ping,Monday,Buona Vista,BV-3 (L2),28,08 Jun (Mon),1:00:00 PM,J1 Economics,Market Failure and Government Intervention,6/8/2026,01:30PM - 04:30PM,bit.ly/zenithBV,35 Rochester Dr #02-23 (Rochester Mall) S138639,35 Rochester Dr #02-23 (Rochester Mall) S138639  (Video Guide: bit.ly/zenithBV),Economics,Closed - Running,,J1 Economics - Buona Vista - 08 Jun Mon 01:30PM,[J1 Economics] Buona Vista | 08 Jun (Mon) | 01:30PM - 04:30PM | Market Failure and Government Intervention,0,,17,17,17 / 28,16,17 | 16 | 28,94.12%,J1,JC,ECON,ECON,ECON,Buona Vista,Yuan Ping,FALSE,0
JC JunCC<>J1 2026<>JC - Econs<>Yuan Ping<>Tuesday<>Buona Vista<>BV-3 (L2)<>28<>9 Jun<>1:00 pm<>Market Failure and Government Intervention,JC JunCC,J1 2026,JC - Econs,Yuan Ping,Tuesday,Buona Vista,BV-3 (L2),28,09 Jun (Tue),1:00:00 PM,J1 Economics,Market Failure and Government Intervention,6/9/2026,01:30PM - 04:30PM,bit.ly/zenithBV,35 Rochester Dr #02-23 (Rochester Mall) S138639,35 Rochester Dr #02-23 (Rochester Mall) S138639  (Video Guide: bit.ly/zenithBV),Economics,Closed - Running,,J1 Economics - Buona Vista - 09 Jun Tue 01:30PM,[J1 Economics] Buona Vista | 09 Jun (Tue) | 01:30PM - 04:30PM | Market Failure and Government Intervention,0,,16,16,16 / 28,15,16 | 15 | 28,93.75%,J1,JC,ECON,ECON,ECON,Buona Vista,Yuan Ping,FALSE,0
JC JunCC<>J1 2026<>JC - Chem<>Ryan<>Wednesday<>Buona Vista<>BV-3 (L2)<>28<>10 Jun<>10:00 am<>Energetics,JC JunCC,J1 2026,JC - Chem,Ryan,Wednesday,Buona Vista,BV-3 (L2),28,10 Jun (Wed),10:00:00 AM,J1 Chemistry,Energetics,6/10/2026,10:00AM - 01:00PM,bit.ly/zenithBV,35 Rochester Dr #02-23 (Rochester Mall) S138639,35 Rochester Dr #02-23 (Rochester Mall) S138639  (Video Guide: bit.ly/zenithBV),Chemistry,Closed - Running,,J1 Chemistry - Buona Vista - 10 Jun Wed 10:00AM,[J1 Chemistry] Buona Vista | 10 Jun (Wed) | 10:00AM - 01:00PM | Energetics,0,,15,15,15 / 28,13,15 | 13 | 28,86.67%,J1,JC,CHEM,CHEM,CHEM,Buona Vista,Ryan,FALSE,0
"JC JunCC<>J1 2026<>JC - Econs<>Yuan Ping<>Wednesday<>Buona Vista<>BV-3 (L2)<>28<>10 Jun<>1:00 pm<>Market Model: Demand, Supply and Elasticities",JC JunCC,J1 2026,JC - Econs,Yuan Ping,Wednesday,Buona Vista,BV-3 (L2),28,10 Jun (Wed),1:00:00 PM,J1 Economics,"Market Model: Demand, Supply and Elasticities",6/10/2026,01:30PM - 04:30PM,bit.ly/zenithBV,35 Rochester Dr #02-23 (Rochester Mall) S138639,35 Rochester Dr #02-23 (Rochester Mall) S138639  (Video Guide: bit.ly/zenithBV),Economics,Closed - Running,,J1 Economics - Buona Vista - 10 Jun Wed 01:30PM,"[J1 Economics] Buona Vista | 10 Jun (Wed) | 01:30PM - 04:30PM | Market Model: Demand, Supply and Elasticities",0,,5,5,5 / 28,5,5 | 5 | 28,100.00%,J1,JC,ECON,ECON,ECON,Buona Vista,Yuan Ping,FALSE,1
JC JunCC<>J1 2026<>JC - Phy<>Duncan<>Tuesday<>Buona Vista<>BV-LT<>70<>9 Jun<>1:00 pm<>Circular Motion,JC JunCC,J1 2026,JC - Phy,Duncan,Tuesday,Buona Vista,BV-LT,70,09 Jun (Tue),1:00:00 PM,J1 Physics,Circular Motion,6/9/2026,01:30PM - 04:30PM,bit.ly/zenithBV,35 Rochester Dr #02-23 (Rochester Mall) S138639,35 Rochester Dr #02-23 (Rochester Mall) S138639  (Video Guide: bit.ly/zenithBV),Physics,Closed - Running,,J1 Physics - Buona Vista - 09 Jun Tue 01:30PM,[J1 Physics] Buona Vista | 09 Jun (Tue) | 01:30PM - 04:30PM | Circular Motion,0,,23,23,23 / 70,20,23 | 20 | 70,86.96%,J1,JC,PHYS,PHYS,PHYS,Buona Vista,Duncan,FALSE,3
JC JunCC<>J1 2026<>JC - GP<>Zach<>Wednesday<>Buona Vista<>BV-LT<>70<>10 Jun<>1:00 pm<>Application Question (Singapore Traits and Qualities),JC JunCC,J1 2026,JC - GP,Zach,Wednesday,Buona Vista,BV-LT,70,10 Jun (Wed),1:00:00 PM,J1 GP,Application Question (Singapore Traits and Qualities),6/10/2026,01:30PM - 04:30PM,bit.ly/zenithBV,35 Rochester Dr #02-23 (Rochester Mall) S138639,35 Rochester Dr #02-23 (Rochester Mall) S138639  (Video Guide: bit.ly/zenithBV),GP,Closed - Running,,J1 GP - Buona Vista - 10 Jun Wed 01:30PM,[J1 GP] Buona Vista | 10 Jun (Wed) | 01:30PM - 04:30PM | Application Question (Singapore Traits and Qualities),0,,32,32,32 / 70,24,32 | 24 | 70,75.00%,J1,JC,GP,GP,GP,Buona Vista,Zach,FALSE,0
JC JunCC<>J1 2026<>JC - GP<>Zach<>Friday<>Buona Vista<>BV-3 (L2)<>28<>12 Jun<>1:00 pm<>Application Question (Singapore Traits and Qualities),JC JunCC,J1 2026,JC - GP,Zach,Friday,Buona Vista,BV-3 (L2),28,12 Jun (Fri),1:00:00 PM,J1 GP,Application Question (Singapore Traits and Qualities),6/12/2026,01:30PM - 04:30PM,bit.ly/zenithBV,35 Rochester Dr #02-23 (Rochester Mall) S138639,35 Rochester Dr #02-23 (Rochester Mall) S138639  (Video Guide: bit.ly/zenithBV),GP,Open - Running,[J1 GP] Buona Vista | 12 Jun (Fri) | 01:30PM - 04:30PM | Application Question (Singapore Traits and Qualities),J1 GP - Buona Vista - 12 Jun Fri 01:30PM,[J1 GP] Buona Vista | 12 Jun (Fri) | 01:30PM - 04:30PM | Application Question (Singapore Traits and Qualities),0,,27,27,27 / 28,1,27 | 1 | 28,3.70%,J1,JC,GP,GP,GP,Buona Vista,Zach,FALSE,2
JC JunCC<>J1 2026<>JC - Chem<>Xavier<>Monday<>Tan Kah Kee<>TKK-2<>30<>8 Jun<>10:00 am<>Energetics,JC JunCC,J1 2026,JC - Chem,Xavier,Monday,Tan Kah Kee,TKK-2,30,08 Jun (Mon),10:00:00 AM,J1 Chemistry,Energetics,6/8/2026,10:00AM - 01:00PM,bit.ly/TKK607,607 Bukit Timah Road #02-01 S269708,607 Bukit Timah Road #02-01 S269708  (Video Guide: bit.ly/TKK607),Chemistry,Closed - Running,,J1 Chemistry - Tan Kah Kee - 08 Jun Mon 10:00AM,[J1 Chemistry] Tan Kah Kee | 08 Jun (Mon) | 10:00AM - 01:00PM | Energetics,0,,7,7,7 / 30,7,7 | 7 | 30,100.00%,J1,JC,CHEM,CHEM,CHEM,Coro + TKK,Xavier,FALSE,0
JC JunCC<>J1 2026<>JC - Phy<>Enzhao<>Monday<>Tan Kah Kee<>TKK-2<>30<>8 Jun<>1:00 pm<>Circular Motion,JC JunCC,J1 2026,JC - Phy,Enzhao,Monday,Tan Kah Kee,TKK-2,30,08 Jun (Mon),1:00:00 PM,J1 Physics,Circular Motion,6/8/2026,01:30PM - 04:30PM,bit.ly/TKK607,607 Bukit Timah Road #02-01 S269708,607 Bukit Timah Road #02-01 S269708  (Video Guide: bit.ly/TKK607),Physics,Closed - Running,,J1 Physics - Tan Kah Kee - 08 Jun Mon 01:30PM,[J1 Physics] Tan Kah Kee | 08 Jun (Mon) | 01:30PM - 04:30PM | Circular Motion,0,,5,5,5 / 30,3,5 | 3 | 30,60.00%,J1,JC,PHYS,PHYS,PHYS,Coro + TKK,Enzhao,FALSE,0
JC JunCC<>J1 2026<>JC - Bio<>Phoebe<>Monday<>Tan Kah Kee<>TKK-1<>14<>8 Jun<>10:00 am<>Gene Expression,JC JunCC,J1 2026,JC - Bio,Phoebe,Monday,Tan Kah Kee,TKK-1,14,08 Jun (Mon),10:00:00 AM,J1 Biology,Gene Expression,6/8/2026,10:00AM - 01:00PM,bit.ly/TKK607,607 Bukit Timah Road #02-01 S269708,607 Bukit Timah Road #02-01 S269708  (Video Guide: bit.ly/TKK607),Biology,Closed - Running,,J1 Biology - Tan Kah Kee - 08 Jun Mon 10:00AM,[J1 Biology] Tan Kah Kee | 08 Jun (Mon) | 10:00AM - 01:00PM | Gene Expression,0,,7,7,7 / 14,7,7 | 7 | 14,100.00%,J1,JC,BIO,BIO,BIO,Coro + TKK,Phoebe,FALSE,0
JC JunCC<>J1 2026<>JC - Math<>Mandy<>Thursday<>Tan Kah Kee<>CORO-1<>30<>11 Jun<>1:00 pm<>Functions,JC JunCC,J1 2026,JC - Math,Mandy,Thursday,Tan Kah Kee,CORO-1,30,11 Jun (Thu),1:00:00 PM,J1 Math,Functions,6/11/2026,01:30PM - 04:30PM,bit.ly/zenithCORO,"587 Bukit Timah Rd, #01-05 Coronation Plaza (Beside KFC) S269707","587 Bukit Timah Rd, #01-05 Coronation Plaza (Beside KFC) S269707  (Video Guide: bit.ly/zenithCORO)",Math,Closed - Running,,J1 Math - Tan Kah Kee - 11 Jun Thu 01:30PM,[J1 Math] Tan Kah Kee | 11 Jun (Thu) | 01:30PM - 04:30PM | Functions,0,,13,13,13 / 30,0,13 | 0 | 30,0.00%,J1,JC,MATH,MATH,MATH,Coro + TKK,Mandy,FALSE,1
JC JunCC<>J1 2026<>JC - GP<>Finn<>Monday<>Tan Kah Kee<>TKK-3<>19<>8 Jun<>10:00 am<>Application Question (Singapore Traits and Qualities),JC JunCC,J1 2026,JC - GP,Finn,Monday,Tan Kah Kee,TKK-3,19,08 Jun (Mon),10:00:00 AM,J1 GP,Application Question (Singapore Traits and Qualities),6/8/2026,10:00AM - 01:00PM,bit.ly/TKK607,607 Bukit Timah Road #02-01 S269708,607 Bukit Timah Road #02-01 S269708  (Video Guide: bit.ly/TKK607),GP,Closed - Running,,J1 GP - Tan Kah Kee - 08 Jun Mon 10:00AM,[J1 GP] Tan Kah Kee | 08 Jun (Mon) | 10:00AM - 01:00PM | Application Question (Singapore Traits and Qualities),0,,9,9,9 / 19,8,9 | 8 | 19,88.89%,J1,JC,GP,GP,GP,Coro + TKK,Finn,FALSE,1
JC JunCC<>J1 2026<>JC - Math<>Mandy<>Monday<>Tan Kah Kee<>TKK-3<>19<>8 Jun<>1:00 pm<>Summation and Recurrence Relations,JC JunCC,J1 2026,JC - Math,Mandy,Monday,Tan Kah Kee,TKK-3,19,08 Jun (Mon),1:00:00 PM,J1 Math,Summation and Recurrence Relations,6/8/2026,01:30PM - 04:30PM,bit.ly/TKK607,607 Bukit Timah Road #02-01 S269708,607 Bukit Timah Road #02-01 S269708  (Video Guide: bit.ly/TKK607),Math,Closed - Running,,J1 Math - Tan Kah Kee - 08 Jun Mon 01:30PM,[J1 Math] Tan Kah Kee | 08 Jun (Mon) | 01:30PM - 04:30PM | Summation and Recurrence Relations,0,,8,8,8 / 19,5,8 | 5 | 19,62.50%,J1,JC,MATH,MATH,MATH,Coro + TKK,Mandy,FALSE,1
JC JunCC<>J1 2026<>JC - Math<>Mandy<>Wednesday<>Tan Kah Kee<>TKK-1<>14<>10 Jun<>1:00 pm<>Vector Planes,JC JunCC,J1 2026,JC - Math,Mandy,Wednesday,Tan Kah Kee,TKK-1,14,10 Jun (Wed),1:00:00 PM,J1 Math,Vector Planes,6/10/2026,01:30PM - 04:30PM,bit.ly/TKK607,607 Bukit Timah Road #02-01 S269708,607 Bukit Timah Road #02-01 S269708  (Video Guide: bit.ly/TKK607),Math,Closed - Running,,J1 Math - Tan Kah Kee - 10 Jun Wed 01:30PM,[J1 Math] Tan Kah Kee | 10 Jun (Wed) | 01:30PM - 04:30PM | Vector Planes,0,,9,9,9 / 14,7,9 | 7 | 14,77.78%,J1,JC,MATH,MATH,MATH,Coro + TKK,Mandy,FALSE,0
JC JunCC<>J1 2026<>JC - Phy<>Duncan<>Monday<>Potong Pasir<>PP-3 (L2)<>25<>8 Jun<>1:00 pm<>Motion & Forces (Part 2) + Collision,JC JunCC,J1 2026,JC - Phy,Duncan,Monday,Potong Pasir,PP-3 (L2),25,08 Jun (Mon),1:00:00 PM,J1 Physics,Motion & Forces (Part 2) + Collision,6/8/2026,01:30PM - 04:30PM,bit.ly/zenithPP,25 Tai Thong Crescent (Beside 7-11) S347856,25 Tai Thong Crescent (Beside 7-11) S347856  (Video Guide: bit.ly/zenithPP),Physics,Closed - Running,,J1 Physics - Potong Pasir - 08 Jun Mon 01:30PM,[J1 Physics] Potong Pasir | 08 Jun (Mon) | 01:30PM - 04:30PM | Motion & Forces (Part 2) + Collision,0,1,9,10,10 / 25,3,10 | 3 | 25,30.00%,J1,JC,PHYS,PHYS,PHYS,Potong Pasir,Duncan,FALSE,2
JC JunCC<>J1 2026<>JC - GP<>Hui Ying<>Wednesday<>Potong Pasir<>PP-4 (L2)<>52<>10 Jun<>1:00 pm<>Application Question (Singapore Traits and Qualities),JC JunCC,J1 2026,JC - GP,Hui Ying,Wednesday,Potong Pasir,PP-4 (L2),52,10 Jun (Wed),1:00:00 PM,J1 GP,Application Question (Singapore Traits and Qualities),6/10/2026,01:30PM - 04:30PM,bit.ly/zenithPP,25 Tai Thong Crescent (Beside 7-11) S347856,25 Tai Thong Crescent (Beside 7-11) S347856  (Video Guide: bit.ly/zenithPP),GP,Closed - Running,,J1 GP - Potong Pasir - 10 Jun Wed 01:30PM,[J1 GP] Potong Pasir | 10 Jun (Wed) | 01:30PM - 04:30PM | Application Question (Singapore Traits and Qualities),0,,30,30,30 / 52,23,30 | 23 | 52,76.67%,J1,JC,GP,GP,GP,Potong Pasir,Hui Ying,FALSE,0
JC JunCC<>J1 2026<>JC - Phy<>Duncan<>Thursday<>Potong Pasir<>PP-2 (L1)<>21<>11 Jun<>10:00 am<>Circular Motion,JC JunCC,J1 2026,JC - Phy,Duncan,Thursday,Potong Pasir,PP-2 (L1),21,11 Jun (Thu),10:00:00 AM,J1 Physics,Circular Motion,6/11/2026,10:00AM - 01:00PM,bit.ly/zenithPP,25 Tai Thong Crescent (Beside 7-11) S347856,25 Tai Thong Crescent (Beside 7-11) S347856  (Video Guide: bit.ly/zenithPP),Physics,Closed - Running,,J1 Physics - Potong Pasir - 11 Jun Thu 10:00AM,[J1 Physics] Potong Pasir | 11 Jun (Thu) | 10:00AM - 01:00PM | Circular Motion,0,,7,7,7 / 21,5,7 | 5 | 21,71.43%,J1,JC,PHYS,PHYS,PHYS,Potong Pasir,Duncan,FALSE,0
JC JunCC<>J1 2026<>JC - Bio<>Phoebe<>Tuesday<>Potong Pasir<>PP-3 (L2)<>25<>9 Jun<>10:00 am<>DNA Replication,JC JunCC,J1 2026,JC - Bio,Phoebe,Tuesday,Potong Pasir,PP-3 (L2),25,09 Jun (Tue),10:00:00 AM,J1 Biology,DNA Replication,6/9/2026,10:00AM - 01:00PM,bit.ly/zenithPP,25 Tai Thong Crescent (Beside 7-11) S347856,25 Tai Thong Crescent (Beside 7-11) S347856  (Video Guide: bit.ly/zenithPP),Biology,Closed - Running,,J1 Biology - Potong Pasir - 09 Jun Tue 10:00AM,[J1 Biology] Potong Pasir | 09 Jun (Tue) | 10:00AM - 01:00PM | DNA Replication,0,,11,11,11 / 25,9,11 | 9 | 25,81.82%,J1,JC,BIO,BIO,BIO,Potong Pasir,Phoebe,FALSE,0
JC JunCC<>J1 2026<>JC - Chem<>Ryan<>Thursday<>Potong Pasir<>PP-3 (L2)<>25<>11 Jun<>10:00 am<>Chem Bonding,JC JunCC,J1 2026,JC - Chem,Ryan,Thursday,Potong Pasir,PP-3 (L2),25,11 Jun (Thu),10:00:00 AM,J1 Chemistry,Chem Bonding,6/11/2026,10:00AM - 01:00PM,bit.ly/zenithPP,25 Tai Thong Crescent (Beside 7-11) S347856,25 Tai Thong Crescent (Beside 7-11) S347856  (Video Guide: bit.ly/zenithPP),Chemistry,Closed - Running,,J1 Chemistry - Potong Pasir - 11 Jun Thu 10:00AM,[J1 Chemistry] Potong Pasir | 11 Jun (Thu) | 10:00AM - 01:00PM | Chem Bonding,0,,16,16,16 / 25,15,16 | 15 | 25,93.75%,J1,JC,CHEM,CHEM,CHEM,Potong Pasir,Ryan,FALSE,0
JC JunCC<>J1 2026<>JC - Econs<>FY<>Thursday<>Potong Pasir<>PP-3 (L2)<>25<>11 Jun<>1:00 pm<>Market Failure and Government Intervention,JC JunCC,J1 2026,JC - Econs,FY,Thursday,Potong Pasir,PP-3 (L2),25,11 Jun (Thu),1:00:00 PM,J1 Economics,Market Failure and Government Intervention,6/11/2026,01:30PM - 04:30PM,bit.ly/zenithPP,25 Tai Thong Crescent (Beside 7-11) S347856,25 Tai Thong Crescent (Beside 7-11) S347856  (Video Guide: bit.ly/zenithPP),Economics,Closed - Running,,J1 Economics - Potong Pasir - 11 Jun Thu 01:30PM,[J1 Economics] Potong Pasir | 11 Jun (Thu) | 01:30PM - 04:30PM | Market Failure and Government Intervention,0,,20,20,20 / 25,1,20 | 1 | 25,5.00%,J1,JC,ECON,ECON,ECON,Potong Pasir,FY,FALSE,2
JC JunCC<>J1 2026<>JC - Econs<>FY<>Friday<>Potong Pasir<>PP-3 (L2)<>25<>12 Jun<>1:00 pm<>Market Failure and Government Intervention,JC JunCC,J1 2026,JC - Econs,FY,Friday,Potong Pasir,PP-3 (L2),25,12 Jun (Fri),1:00:00 PM,J1 Economics,Market Failure and Government Intervention,6/12/2026,01:30PM - 04:30PM,bit.ly/zenithPP,25 Tai Thong Crescent (Beside 7-11) S347856,25 Tai Thong Crescent (Beside 7-11) S347856  (Video Guide: bit.ly/zenithPP),Economics,Closed - Not running,,J1 Economics - Potong Pasir - 12 Jun Fri 01:30PM,[J1 Economics] Potong Pasir | 12 Jun (Fri) | 01:30PM - 04:30PM | Market Failure and Government Intervention,0,,0,0,0 / 25,0,0 | 0 | 25,0.00%,J1,JC,ECON,ECON,ECON,Potong Pasir,FY,FALSE,0
JC JunCC<>J1 2026<>JC - Econs<>Fung<>Tuesday<>Potong Pasir<>PP-2 (L1)<>21<>9 Jun<>10:00 am<>Market Failure and Government Intervention,JC JunCC,J1 2026,JC - Econs,Fung,Tuesday,Potong Pasir,PP-2 (L1),21,09 Jun (Tue),10:00:00 AM,J1 Economics,Market Failure and Government Intervention,6/9/2026,10:00AM - 01:00PM,bit.ly/zenithPP,25 Tai Thong Crescent (Beside 7-11) S347856,25 Tai Thong Crescent (Beside 7-11) S347856  (Video Guide: bit.ly/zenithPP),Economics,Closed - Running,,J1 Economics - Potong Pasir - 09 Jun Tue 10:00AM,[J1 Economics] Potong Pasir | 09 Jun (Tue) | 10:00AM - 01:00PM | Market Failure and Government Intervention,0,,12,12,12 / 21,11,12 | 11 | 21,91.67%,J1,JC,ECON,ECON,ECON,Potong Pasir,Fung,FALSE,0
JC JunCC<>J1 2026<>JC - Econs<>Caleb<>Wednesday<>Paya Lebar<>KINEX-1<>24<>10 Jun<>1:00 pm<>Market Failure and Government Intervention,JC JunCC,J1 2026,JC - Econs,Caleb,Wednesday,Paya Lebar,KINEX-1,24,10 Jun (Wed),1:00:00 PM,J1 Economics,Market Failure and Government Intervention,6/10/2026,01:30PM - 04:30PM,bit.ly/zenithKINEX,11 Tanjong Katong Rd #02-09 (KINEX Mall) S437157,11 Tanjong Katong Rd #02-09 (KINEX Mall) S437157  (Video Guide: bit.ly/zenithKINEX),Economics,Closed - Not running,,J1 Economics - Paya Lebar - 10 Jun Wed 01:30PM,[J1 Economics] Paya Lebar | 10 Jun (Wed) | 01:30PM - 04:30PM | Market Failure and Government Intervention,0,,0,0,0 / 24,0,0 | 0 | 24,0.00%,J1,JC,ECON,ECON,ECON,Kinex,Caleb,FALSE,0
JC JunCC<>J1 2026<>JC - Phy<>Joshua<>Thursday<>Paya Lebar<>KINEX-1<>24<>11 Jun<>1:00 pm<>Circular Motion,JC JunCC,J1 2026,JC - Phy,Joshua,Thursday,Paya Lebar,KINEX-1,24,11 Jun (Thu),1:00:00 PM,J1 Physics,Circular Motion,6/11/2026,01:30PM - 04:30PM,bit.ly/zenithKINEX,11 Tanjong Katong Rd #02-09 (KINEX Mall) S437157,11 Tanjong Katong Rd #02-09 (KINEX Mall) S437157  (Video Guide: bit.ly/zenithKINEX),Physics,Closed - Running,,J1 Physics - Paya Lebar - 11 Jun Thu 01:30PM,[J1 Physics] Paya Lebar | 11 Jun (Thu) | 01:30PM - 04:30PM | Circular Motion,0,,0,0,0 / 24,0,0 | 0 | 24,0.00%,J1,JC,PHYS,PHYS,PHYS,Kinex,Joshua,FALSE,0
JC JunCC<>J1 2026<>JC - Phy<>Joshua<>Monday<>Paya Lebar<>KINEX-2<>30<>8 Jun<>1:00 pm<>Motion & Forces (Part 2) + Collision,JC JunCC,J1 2026,JC - Phy,Joshua,Monday,Paya Lebar,KINEX-2,30,08 Jun (Mon),1:00:00 PM,J1 Physics,Motion & Forces (Part 2) + Collision,6/8/2026,01:30PM - 04:30PM,bit.ly/zenithKINEX,11 Tanjong Katong Rd #02-09 (KINEX Mall) S437157,11 Tanjong Katong Rd #02-09 (KINEX Mall) S437157  (Video Guide: bit.ly/zenithKINEX),Physics,Closed - Running,,J1 Physics - Paya Lebar - 08 Jun Mon 01:30PM,[J1 Physics] Paya Lebar | 08 Jun (Mon) | 01:30PM - 04:30PM | Motion & Forces (Part 2) + Collision,0,,6,6,6 / 30,3,6 | 3 | 30,50.00%,J1,JC,PHYS,PHYS,PHYS,Kinex,Joshua,FALSE,0
JC JunCC<>J1 2026<>JC - Chem<>Shi Neng<>Tuesday<>Paya Lebar<>KINEX-2<>30<>9 Jun<>1:00 pm<>Energetics,JC JunCC,J1 2026,JC - Chem,Shi Neng,Tuesday,Paya Lebar,KINEX-2,30,09 Jun (Tue),1:00:00 PM,J1 Chemistry,Energetics,6/9/2026,01:30PM - 04:30PM,bit.ly/zenithKINEX,11 Tanjong Katong Rd #02-09 (KINEX Mall) S437157,11 Tanjong Katong Rd #02-09 (KINEX Mall) S437157  (Video Guide: bit.ly/zenithKINEX),Chemistry,Closed - Running,,J1 Chemistry - Paya Lebar - 09 Jun Tue 01:30PM,[J1 Chemistry] Paya Lebar | 09 Jun (Tue) | 01:30PM - 04:30PM | Energetics,0,,16,16,16 / 30,12,16 | 12 | 30,75.00%,J1,JC,CHEM,CHEM,CHEM,Kinex,Shi Neng,FALSE,2
JC JunCC<>J1 2026<>JC - Bio<>Phoebe<>Thursday<>Paya Lebar<>KINEX-2<>30<>11 Jun<>10:00 am<>DNA Replication,JC JunCC,J1 2026,JC - Bio,Phoebe,Thursday,Paya Lebar,KINEX-2,30,11 Jun (Thu),10:00:00 AM,J1 Biology,DNA Replication,6/11/2026,10:00AM - 01:00PM,bit.ly/zenithKINEX,11 Tanjong Katong Rd #02-09 (KINEX Mall) S437157,11 Tanjong Katong Rd #02-09 (KINEX Mall) S437157  (Video Guide: bit.ly/zenithKINEX),Biology,Closed - Running,,J1 Biology - Paya Lebar - 11 Jun Thu 10:00AM,[J1 Biology] Paya Lebar | 11 Jun (Thu) | 10:00AM - 01:00PM | DNA Replication,0,,6,6,6 / 30,4,6 | 4 | 30,66.67%,J1,JC,BIO,BIO,BIO,Kinex,Phoebe,FALSE,0
JC JunCC<>J1 2026<>JC - Chem<>Dr. Ryan<>Friday<>Paya Lebar<>KINEX-2<>30<>12 Jun<>1:00 pm<>Energetics,JC JunCC,J1 2026,JC - Chem,Dr. Ryan,Friday,Paya Lebar,KINEX-2,30,12 Jun (Fri),1:00:00 PM,J1 Chemistry,Energetics,6/12/2026,01:30PM - 04:30PM,bit.ly/zenithKINEX,11 Tanjong Katong Rd #02-09 (KINEX Mall) S437157,11 Tanjong Katong Rd #02-09 (KINEX Mall) S437157  (Video Guide: bit.ly/zenithKINEX),Chemistry,Closed - Not running,,J1 Chemistry - Paya Lebar - 12 Jun Fri 01:30PM,[J1 Chemistry] Paya Lebar | 12 Jun (Fri) | 01:30PM - 04:30PM | Energetics,0,,0,0,0 / 30,0,0 | 0 | 30,0.00%,J1,JC,CHEM,CHEM,CHEM,Kinex,Dr. Ryan,FALSE,1
JC JunCC<>J1 2026<>JC - Math<>Kai Wen<>Tuesday<>Paya Lebar<>KINEX-3<>18<>9 Jun<>1:00 pm<>APGP,JC JunCC,J1 2026,JC - Math,Kai Wen,Tuesday,Paya Lebar,KINEX-3,18,09 Jun (Tue),1:00:00 PM,J1 Math,APGP,6/9/2026,01:30PM - 04:30PM,bit.ly/zenithKINEX,11 Tanjong Katong Rd #02-09 (KINEX Mall) S437157,11 Tanjong Katong Rd #02-09 (KINEX Mall) S437157  (Video Guide: bit.ly/zenithKINEX),Math,Closed - Running,,J1 Math - Paya Lebar - 09 Jun Tue 01:30PM,[J1 Math] Paya Lebar | 09 Jun (Tue) | 01:30PM - 04:30PM | APGP,0,,18,18,18 / 18,16,18 | 16 | 18,88.89%,J1,JC,MATH,MATH,MATH,Kinex,Kai Wen,FALSE,0
JC JunCC<>J1 2026<>JC - Econs<>Caleb<>Monday<>Paya Lebar<>KINEX-4<>30<>8 Jun<>10:00 am<>Market Failure and Government Intervention,JC JunCC,J1 2026,JC - Econs,Caleb,Monday,Paya Lebar,KINEX-4,30,08 Jun (Mon),10:00:00 AM,J1 Economics,Market Failure and Government Intervention,6/8/2026,10:00AM - 01:00PM,bit.ly/zenithKINEX,11 Tanjong Katong Rd #02-09 (KINEX Mall) S437157,11 Tanjong Katong Rd #02-09 (KINEX Mall) S437157  (Video Guide: bit.ly/zenithKINEX),Economics,Closed - Not running,,J1 Economics - Paya Lebar - 08 Jun Mon 10:00AM,[J1 Economics] Paya Lebar | 08 Jun (Mon) | 10:00AM - 01:00PM | Market Failure and Government Intervention,0,,0,0,0 / 30,0,0 | 0 | 30,0.00%,J1,JC,ECON,ECON,ECON,Kinex,Caleb,FALSE,0
JC JunCC<>J1 2026<>JC - Math<>Kai Wen<>Monday<>Paya Lebar<>KINEX-4<>30<>8 Jun<>1:00 pm<>Differentiation,JC JunCC,J1 2026,JC - Math,Kai Wen,Monday,Paya Lebar,KINEX-4,30,08 Jun (Mon),1:00:00 PM,J1 Math,Differentiation,6/8/2026,01:30PM - 04:30PM,bit.ly/zenithKINEX,11 Tanjong Katong Rd #02-09 (KINEX Mall) S437157,11 Tanjong Katong Rd #02-09 (KINEX Mall) S437157  (Video Guide: bit.ly/zenithKINEX),Math,Closed - Running,,J1 Math - Paya Lebar - 08 Jun Mon 01:30PM,[J1 Math] Paya Lebar | 08 Jun (Mon) | 01:30PM - 04:30PM | Differentiation,0,,9,9,9 / 30,1,9 | 1 | 30,11.11%,J1,JC,MATH,MATH,MATH,Kinex,Kai Wen,FALSE,1
JC JunCC<>J1 2026<>JC - Econs<>Caleb<>Tuesday<>Paya Lebar<>KINEX-4<>30<>9 Jun<>1:00 pm<>Market Failure and Government Intervention,JC JunCC,J1 2026,JC - Econs,Caleb,Tuesday,Paya Lebar,KINEX-4,30,09 Jun (Tue),1:00:00 PM,J1 Economics,Market Failure and Government Intervention,6/9/2026,01:30PM - 04:30PM,bit.ly/zenithKINEX,11 Tanjong Katong Rd #02-09 (KINEX Mall) S437157,11 Tanjong Katong Rd #02-09 (KINEX Mall) S437157  (Video Guide: bit.ly/zenithKINEX),Economics,Closed - Running,,J1 Economics - Paya Lebar - 09 Jun Tue 01:30PM,[J1 Economics] Paya Lebar | 09 Jun (Tue) | 01:30PM - 04:30PM | Market Failure and Government Intervention,0,,20,20,20 / 30,12,20 | 12 | 30,60.00%,J1,JC,ECON,ECON,ECON,Kinex,Caleb,FALSE,0
JC JunCC<>J1 2026<>JC - GP<>Jaymi<>Wednesday<>Paya Lebar<>KINEX-2<>30<>10 Jun<>10:00 am<>Application Question (Singapore Traits and Qualities),JC JunCC,J1 2026,JC - GP,Jaymi,Wednesday,Paya Lebar,KINEX-2,30,10 Jun (Wed),10:00:00 AM,J1 GP,Application Question (Singapore Traits and Qualities),6/10/2026,10:00AM - 01:00PM,bit.ly/zenithKINEX,11 Tanjong Katong Rd #02-09 (KINEX Mall) S437157,11 Tanjong Katong Rd #02-09 (KINEX Mall) S437157  (Video Guide: bit.ly/zenithKINEX),GP,Closed - Running,,J1 GP - Paya Lebar - 10 Jun Wed 10:00AM,[J1 GP] Paya Lebar | 10 Jun (Wed) | 10:00AM - 01:00PM | Application Question (Singapore Traits and Qualities),0,,31,31,31 / 30,18,31 | 18 | 30,58.06%,J1,JC,GP,GP,GP,Kinex,Jaymi,TRUE,1
JC JunCC<>J1 2026<>JC - Chem<>Dr. Ryan<>Wednesday<>Paya Lebar<>KINEX-4<>30<>10 Jun<>1:00 pm<>Energetics,JC JunCC,J1 2026,JC - Chem,Dr. Ryan,Wednesday,Paya Lebar,KINEX-4,30,10 Jun (Wed),1:00:00 PM,J1 Chemistry,Energetics,6/10/2026,01:30PM - 04:30PM,bit.ly/zenithKINEX,11 Tanjong Katong Rd #02-09 (KINEX Mall) S437157,11 Tanjong Katong Rd #02-09 (KINEX Mall) S437157  (Video Guide: bit.ly/zenithKINEX),Chemistry,Closed - Not running,,J1 Chemistry - Paya Lebar - 10 Jun Wed 01:30PM,[J1 Chemistry] Paya Lebar | 10 Jun (Wed) | 01:30PM - 04:30PM | Energetics,0,,0,0,0 / 30,0,0 | 0 | 30,0.00%,J1,JC,CHEM,CHEM,CHEM,Kinex,Dr. Ryan,FALSE,1
JC JunCC<>J1 2026<>JC - Econs<>Caleb<>Thursday<>Paya Lebar<>KINEX-4<>30<>11 Jun<>10:00 am<>Market Failure and Government Intervention,JC JunCC,J1 2026,JC - Econs,Caleb,Thursday,Paya Lebar,KINEX-4,30,11 Jun (Thu),10:00:00 AM,J1 Economics,Market Failure and Government Intervention,6/11/2026,10:00AM - 01:00PM,bit.ly/zenithKINEX,11 Tanjong Katong Rd #02-09 (KINEX Mall) S437157,11 Tanjong Katong Rd #02-09 (KINEX Mall) S437157  (Video Guide: bit.ly/zenithKINEX),Economics,Closed - Running,,J1 Economics - Paya Lebar - 11 Jun Thu 10:00AM,[J1 Economics] Paya Lebar | 11 Jun (Thu) | 10:00AM - 01:00PM | Market Failure and Government Intervention,0,,17,17,17 / 30,12,17 | 12 | 30,70.59%,J1,JC,ECON,ECON,ECON,Kinex,Caleb,FALSE,0
JC JunCC<>J1 2026<>JC - Math<>Kai Wen<>Thursday<>Paya Lebar<>KINEX-4<>30<>11 Jun<>1:00 pm<>Vector Planes,JC JunCC,J1 2026,JC - Math,Kai Wen,Thursday,Paya Lebar,KINEX-4,30,11 Jun (Thu),1:00:00 PM,J1 Math,Vector Planes,6/11/2026,01:30PM - 04:30PM,bit.ly/zenithKINEX,11 Tanjong Katong Rd #02-09 (KINEX Mall) S437157,11 Tanjong Katong Rd #02-09 (KINEX Mall) S437157  (Video Guide: bit.ly/zenithKINEX),Math,Closed - Running,,J1 Math - Paya Lebar - 11 Jun Thu 01:30PM,[J1 Math] Paya Lebar | 11 Jun (Thu) | 01:30PM - 04:30PM | Vector Planes,0,,9,9,9 / 30,0,9 | 0 | 30,0.00%,J1,JC,MATH,MATH,MATH,Kinex,Kai Wen,FALSE,1
JC JunCC<>J1 2026<>JC - Econs<>Eunice<>Friday<>Paya Lebar<>KINEX-4<>30<>12 Jun<>10:00 am<>Market Failure and Government Intervention,JC JunCC,J1 2026,JC - Econs,Eunice,Friday,Paya Lebar,KINEX-4,30,12 Jun (Fri),10:00:00 AM,J1 Economics,Market Failure and Government Intervention,6/12/2026,10:00AM - 01:00PM,bit.ly/zenithKINEX,11 Tanjong Katong Rd #02-09 (KINEX Mall) S437157,11 Tanjong Katong Rd #02-09 (KINEX Mall) S437157  (Video Guide: bit.ly/zenithKINEX),Economics,Closed - Not running,,J1 Economics - Paya Lebar - 12 Jun Fri 10:00AM,[J1 Economics] Paya Lebar | 12 Jun (Fri) | 10:00AM - 01:00PM | Market Failure and Government Intervention,0,,0,0,0 / 30,0,0 | 0 | 30,0.00%,J1,JC,ECON,ECON,ECON,Kinex,Eunice,FALSE,0
JC JunCC<>J1 2026<>JC - Bio<>Josh<>Tuesday<>Paya Lebar<>KINEX-5<>22<>9 Jun<>1:00 pm<>Gene Expression,JC JunCC,J1 2026,JC - Bio,Josh,Tuesday,Paya Lebar,KINEX-5,22,09 Jun (Tue),1:00:00 PM,J1 Biology,Gene Expression,6/9/2026,01:30PM - 04:30PM,bit.ly/zenithKINEX,11 Tanjong Katong Rd #02-09 (KINEX Mall) S437157,11 Tanjong Katong Rd #02-09 (KINEX Mall) S437157  (Video Guide: bit.ly/zenithKINEX),Biology,Closed - Running,,J1 Biology - Paya Lebar - 09 Jun Tue 01:30PM,[J1 Biology] Paya Lebar | 09 Jun (Tue) | 01:30PM - 04:30PM | Gene Expression,0,,13,13,13 / 22,13,13 | 13 | 22,100.00%,J1,JC,BIO,BIO,BIO,Kinex,Josh,FALSE,0
JC JunCC<>J1 2026<>JC - Math<>Kai Wen<>Wednesday<>Paya Lebar<>KINEX-5<>22<>10 Jun<>1:00 pm<>Vectors 1,JC JunCC,J1 2026,JC - Math,Kai Wen,Wednesday,Paya Lebar,KINEX-5,22,10 Jun (Wed),1:00:00 PM,J1 Math,Vectors 1,6/10/2026,01:30PM - 04:30PM,bit.ly/zenithKINEX,11 Tanjong Katong Rd #02-09 (KINEX Mall) S437157,11 Tanjong Katong Rd #02-09 (KINEX Mall) S437157  (Video Guide: bit.ly/zenithKINEX),Math,Closed - Running,,J1 Math - Paya Lebar - 10 Jun Wed 01:30PM,[J1 Math] Paya Lebar | 10 Jun (Wed) | 01:30PM - 04:30PM | Vectors 1,0,,19,19,19 / 22,12,19 | 12 | 22,63.16%,J1,JC,MATH,MATH,MATH,Kinex,Kai Wen,FALSE,0
JC JunCC<>J1 2026<>JC - Math<>Kai Wen<>Friday<>Paya Lebar<>KINEX-5<>22<>12 Jun<>1:00 pm<>Summation and Recurrence Relations,JC JunCC,J1 2026,JC - Math,Kai Wen,Friday,Paya Lebar,KINEX-5,22,12 Jun (Fri),1:00:00 PM,J1 Math,Summation and Recurrence Relations,6/12/2026,01:30PM - 04:30PM,bit.ly/zenithKINEX,11 Tanjong Katong Rd #02-09 (KINEX Mall) S437157,11 Tanjong Katong Rd #02-09 (KINEX Mall) S437157  (Video Guide: bit.ly/zenithKINEX),Math,Open - Running,[J1 Math] Paya Lebar | 12 Jun (Fri) | 01:30PM - 04:30PM | Summation and Recurrence Relations,J1 Math - Paya Lebar - 12 Jun Fri 01:30PM,[J1 Math] Paya Lebar | 12 Jun (Fri) | 01:30PM - 04:30PM | Summation and Recurrence Relations,0,,12,12,12 / 22,0,12 | 0 | 22,0.00%,J1,JC,MATH,MATH,MATH,Kinex,Kai Wen,FALSE,4
JC JunCC<>J1 2026<>JC - Phy<>Aznikah<>Monday<>Marymount<>MM-1<>28<>8 Jun<>1:00 pm<>Motion & Forces (Part 2) + Collision,JC JunCC,J1 2026,JC - Phy,Aznikah,Monday,Marymount,MM-1,28,08 Jun (Mon),1:00:00 PM,J1 Physics,Motion & Forces (Part 2) + Collision,6/8/2026,01:30PM - 04:30PM,bit.ly/zenithMM,183 Upper Thomson Road B1-05 (Longhaus) S574429,183 Upper Thomson Road B1-05 (Longhaus) S574429  (Video Guide: bit.ly/zenithMM),Physics,Closed - Running,,J1 Physics - Marymount - 08 Jun Mon 01:30PM,[J1 Physics] Marymount | 08 Jun (Mon) | 01:30PM - 04:30PM | Motion & Forces (Part 2) + Collision,0,,5,5,5 / 28,4,5 | 4 | 28,80.00%,J1,JC,PHYS,PHYS,PHYS,Marymount,Aznikah,FALSE,0
JC JunCC<>J1 2026<>JC - Bio<>Derek<>Tuesday<>Marymount<>MM-1<>28<>9 Jun<>10:00 am<>Gene Expression,JC JunCC,J1 2026,JC - Bio,Derek,Tuesday,Marymount,MM-1,28,09 Jun (Tue),10:00:00 AM,J1 Biology,Gene Expression,6/9/2026,10:00AM - 01:00PM,bit.ly/zenithMM,183 Upper Thomson Road B1-05 (Longhaus) S574429,183 Upper Thomson Road B1-05 (Longhaus) S574429  (Video Guide: bit.ly/zenithMM),Biology,Closed - Running,,J1 Biology - Marymount - 09 Jun Tue 10:00AM,[J1 Biology] Marymount | 09 Jun (Tue) | 10:00AM - 01:00PM | Gene Expression,0,,8,8,8 / 28,6,8 | 6 | 28,75.00%,J1,JC,BIO,BIO,BIO,Marymount,Derek,FALSE,0
JC JunCC<>J1 2026<>JC - Bio<>Derek<>Wednesday<>Marymount<>MM-1<>28<>10 Jun<>10:00 am<>DNA Replication,JC JunCC,J1 2026,JC - Bio,Derek,Wednesday,Marymount,MM-1,28,10 Jun (Wed),10:00:00 AM,J1 Biology,DNA Replication,6/10/2026,10:00AM - 01:00PM,bit.ly/zenithMM,183 Upper Thomson Road B1-05 (Longhaus) S574429,183 Upper Thomson Road B1-05 (Longhaus) S574429  (Video Guide: bit.ly/zenithMM),Biology,Closed - Running,,J1 Biology - Marymount - 10 Jun Wed 10:00AM,[J1 Biology] Marymount | 10 Jun (Wed) | 10:00AM - 01:00PM | DNA Replication,0,,0,0,0 / 28,0,0 | 0 | 28,0.00%,J1,JC,BIO,BIO,BIO,Marymount,Derek,FALSE,0
JC JunCC<>J1 2026<>JC - Phy<>Duncan<>Friday<>Marymount<>MM-1<>28<>12 Jun<>10:00 am<>Circular Motion,JC JunCC,J1 2026,JC - Phy,Duncan,Friday,Marymount,MM-1,28,12 Jun (Fri),10:00:00 AM,J1 Physics,Circular Motion,6/12/2026,10:00AM - 01:00PM,bit.ly/zenithMM,183 Upper Thomson Road B1-05 (Longhaus) S574429,183 Upper Thomson Road B1-05 (Longhaus) S574429  (Video Guide: bit.ly/zenithMM),Physics,Closed - Not running,,J1 Physics - Marymount - 12 Jun Fri 10:00AM,[J1 Physics] Marymount | 12 Jun (Fri) | 10:00AM - 01:00PM | Circular Motion,0,,0,0,0 / 28,0,0 | 0 | 28,0.00%,J1,JC,PHYS,PHYS,PHYS,Marymount,Duncan,FALSE,0
JC JunCC<>J1 2026<>JC - Chem<>Jia Yi<>Friday<>Marymount<>MM-1<>28<>12 Jun<>1:00 pm<>Energetics,JC JunCC,J1 2026,JC - Chem,Jia Yi,Friday,Marymount,MM-1,28,12 Jun (Fri),1:00:00 PM,J1 Chemistry,Energetics,6/12/2026,01:30PM - 04:30PM,bit.ly/zenithMM,183 Upper Thomson Road B1-05 (Longhaus) S574429,183 Upper Thomson Road B1-05 (Longhaus) S574429  (Video Guide: bit.ly/zenithMM),Chemistry,Open - Running,[J1 Chemistry] Marymount | 12 Jun (Fri) | 01:30PM - 04:30PM | Energetics,J1 Chemistry - Marymount - 12 Jun Fri 01:30PM,[J1 Chemistry] Marymount | 12 Jun (Fri) | 01:30PM - 04:30PM | Energetics,0,,8,8,8 / 28,0,8 | 0 | 28,0.00%,J1,JC,CHEM,CHEM,CHEM,Marymount,Jia Yi,FALSE,1
JC JunCC<>J1 2026<>JC - Bio<>Melvin<>Monday<>Marymount<>MM-2<>27<>8 Jun<>10:00 am<>DNA Replication,JC JunCC,J1 2026,JC - Bio,Melvin,Monday,Marymount,MM-2,27,08 Jun (Mon),10:00:00 AM,J1 Biology,DNA Replication,6/8/2026,10:00AM - 01:00PM,bit.ly/zenithMM,183 Upper Thomson Road B1-05 (Longhaus) S574429,183 Upper Thomson Road B1-05 (Longhaus) S574429  (Video Guide: bit.ly/zenithMM),Biology,Closed - Running,,J1 Biology - Marymount - 08 Jun Mon 10:00AM,[J1 Biology] Marymount | 08 Jun (Mon) | 10:00AM - 01:00PM | DNA Replication,0,,9,9,9 / 27,9,9 | 9 | 27,100.00%,J1,JC,BIO,BIO,BIO,Marymount,Melvin,FALSE,0
JC JunCC<>J1 2026<>JC - GP<>Finn<>Tuesday<>Marymount<>MM-2<>27<>9 Jun<>10:00 am<>Application Question (Singapore Traits and Qualities),JC JunCC,J1 2026,JC - GP,Finn,Tuesday,Marymount,MM-2,27,09 Jun (Tue),10:00:00 AM,J1 GP,Application Question (Singapore Traits and Qualities),6/9/2026,10:00AM - 01:00PM,bit.ly/zenithMM,183 Upper Thomson Road B1-05 (Longhaus) S574429,183 Upper Thomson Road B1-05 (Longhaus) S574429  (Video Guide: bit.ly/zenithMM),GP,Closed - Running,,J1 GP - Marymount - 09 Jun Tue 10:00AM,[J1 GP] Marymount | 09 Jun (Tue) | 10:00AM - 01:00PM | Application Question (Singapore Traits and Qualities),0,,29,29,29 / 27,16,29 | 16 | 27,55.17%,J1,JC,GP,GP,GP,Marymount,Finn,TRUE,3
JC JunCC<>J1 2026<>JC - Bio<>Melvin<>Thursday<>Marymount<>MM-2<>27<>11 Jun<>10:00 am<>Gene Expression,JC JunCC,J1 2026,JC - Bio,Melvin,Thursday,Marymount,MM-2,27,11 Jun (Thu),10:00:00 AM,J1 Biology,Gene Expression,6/11/2026,10:00AM - 01:00PM,bit.ly/zenithMM,183 Upper Thomson Road B1-05 (Longhaus) S574429,183 Upper Thomson Road B1-05 (Longhaus) S574429  (Video Guide: bit.ly/zenithMM),Biology,Closed - Running,,J1 Biology - Marymount - 11 Jun Thu 10:00AM,[J1 Biology] Marymount | 11 Jun (Thu) | 10:00AM - 01:00PM | Gene Expression,0,,5,5,5 / 27,4,5 | 4 | 27,80.00%,J1,JC,BIO,BIO,BIO,Marymount,Melvin,FALSE,0
JC JunCC<>J1 2026<>JC - Chem<>Zoey<>Monday<>Tampines<>TP-5 (LT) (ext)<>50<>8 Jun<>10:00 am<>Chem Bonding,JC JunCC,J1 2026,JC - Chem,Zoey,Monday,Tampines,TP-5 (LT) (ext),50,08 Jun (Mon),10:00:00 AM,J1 Chemistry,Chem Bonding,6/8/2026,10:00AM - 01:00PM,bit.ly/zenithTP,1 Tampines Central #08-10 (CPF Building) SS529508,1 Tampines Central #08-10 (CPF Building) SS529508  (Video Guide: bit.ly/zenithTP),Chemistry,Closed - Running,,J1 Chemistry - Tampines - 08 Jun Mon 10:00AM,[J1 Chemistry] Tampines | 08 Jun (Mon) | 10:00AM - 01:00PM | Chem Bonding,0,,30,30,30 / 50,27,30 | 27 | 50,90.00%,J1,JC,CHEM,CHEM,CHEM,Tampines,Zoey,FALSE,0
JC JunCC<>J1 2026<>JC - Chem<>Zoey<>Friday<>Tampines<>TP-1 (main)<>28<>12 Jun<>10:00 am<>Energetics,JC JunCC,J1 2026,JC - Chem,Zoey,Friday,Tampines,TP-1 (main),28,12 Jun (Fri),10:00:00 AM,J1 Chemistry,Energetics,6/12/2026,10:00AM - 01:00PM,bit.ly/zenithTP,1 Tampines Central #08-10 (CPF Building) SS529508,1 Tampines Central #08-10 (CPF Building) SS529508  (Video Guide: bit.ly/zenithTP),Chemistry,Open - Running,[J1 Chemistry] Tampines | 12 Jun (Fri) | 10:00AM - 01:00PM | Energetics,J1 Chemistry - Tampines - 12 Jun Fri 10:00AM,[J1 Chemistry] Tampines | 12 Jun (Fri) | 10:00AM - 01:00PM | Energetics,0,,13,13,13 / 28,1,13 | 1 | 28,7.69%,J1,JC,CHEM,CHEM,CHEM,Tampines,Zoey,FALSE,4
JC JunCC<>J1 2026<>JC - Econs<>Justin<>Tuesday<>Tampines<>TP-3 (main)<>20<>9 Jun<>1:00 pm<>Market Failure and Government Intervention,JC JunCC,J1 2026,JC - Econs,Justin,Tuesday,Tampines,TP-3 (main),20,09 Jun (Tue),1:00:00 PM,J1 Economics,Market Failure and Government Intervention,6/9/2026,01:30PM - 04:30PM,bit.ly/zenithTP,1 Tampines Central #08-10 (CPF Building) SS529508,1 Tampines Central #08-10 (CPF Building) SS529508  (Video Guide: bit.ly/zenithTP),Economics,Closed - Running,,J1 Economics - Tampines - 09 Jun Tue 01:30PM,[J1 Economics] Tampines | 09 Jun (Tue) | 01:30PM - 04:30PM | Market Failure and Government Intervention,0,,11,11,11 / 20,8,11 | 8 | 20,72.73%,J1,JC,ECON,ECON,ECON,Tampines,Justin,FALSE,0
JC JunCC<>J1 2026<>JC - Bio<>Derek<>Monday<>Tampines<>TP-4 (ext)<>35<>8 Jun<>1:00 pm<>Gene Expression,JC JunCC,J1 2026,JC - Bio,Derek,Monday,Tampines,TP-4 (ext),35,08 Jun (Mon),1:00:00 PM,J1 Biology,Gene Expression,6/8/2026,01:30PM - 04:30PM,bit.ly/zenithTP,1 Tampines Central #08-10 (CPF Building) SS529508,1 Tampines Central #08-10 (CPF Building) SS529508  (Video Guide: bit.ly/zenithTP),Biology,Closed - Running,,J1 Biology - Tampines - 08 Jun Mon 01:30PM,[J1 Biology] Tampines | 08 Jun (Mon) | 01:30PM - 04:30PM | Gene Expression,0,,8,8,8 / 35,8,8 | 8 | 35,100.00%,J1,JC,BIO,BIO,BIO,Tampines,Derek,FALSE,0
JC JunCC<>J1 2026<>JC - Econs<>Justin<>Friday<>Tampines<>TP-4 (ext)<>35<>12 Jun<>10:00 am<>Market Failure and Government Intervention,JC JunCC,J1 2026,JC - Econs,Justin,Friday,Tampines,TP-4 (ext),35,12 Jun (Fri),10:00:00 AM,J1 Economics,Market Failure and Government Intervention,6/12/2026,10:00AM - 01:00PM,bit.ly/zenithTP,1 Tampines Central #08-10 (CPF Building) SS529508,1 Tampines Central #08-10 (CPF Building) SS529508  (Video Guide: bit.ly/zenithTP),Economics,Open - Running,[J1 Economics] Tampines | 12 Jun (Fri) | 10:00AM - 01:00PM | Market Failure and Government Intervention,J1 Economics - Tampines - 12 Jun Fri 10:00AM,[J1 Economics] Tampines | 12 Jun (Fri) | 10:00AM - 01:00PM | Market Failure and Government Intervention,0,,14,14,14 / 35,0,14 | 0 | 35,0.00%,J1,JC,ECON,ECON,ECON,Tampines,Justin,FALSE,0
JC JunCC<>J1 2026<>JC - Phy<>Dr. Han Wei<>Friday<>Tampines<>TP-4 (ext)<>35<>12 Jun<>1:00 pm<>Circular Motion,JC JunCC,J1 2026,JC - Phy,Dr. Han Wei,Friday,Tampines,TP-4 (ext),35,12 Jun (Fri),1:00:00 PM,J1 Physics,Circular Motion,6/12/2026,01:30PM - 04:30PM,bit.ly/zenithTP,1 Tampines Central #08-10 (CPF Building) SS529508,1 Tampines Central #08-10 (CPF Building) SS529508  (Video Guide: bit.ly/zenithTP),Physics,Open - Running,[J1 Physics] Tampines | 12 Jun (Fri) | 01:30PM - 04:30PM | Circular Motion,J1 Physics - Tampines - 12 Jun Fri 01:30PM,[J1 Physics] Tampines | 12 Jun (Fri) | 01:30PM - 04:30PM | Circular Motion,0,,17,17,17 / 35,1,17 | 1 | 35,5.88%,J1,JC,PHYS,PHYS,PHYS,Tampines,Dr. Han Wei,FALSE,0
JC JunCC<>J1 2026<>JC - Math<>Chuan Li<>Monday<>Tampines<>TP-5 (LT) (ext)<>50<>8 Jun<>1:00 pm<>Functions,JC JunCC,J1 2026,JC - Math,Chuan Li,Monday,Tampines,TP-5 (LT) (ext),50,08 Jun (Mon),1:00:00 PM,J1 Math,Functions,6/8/2026,01:30PM - 04:30PM,bit.ly/zenithTP,1 Tampines Central #08-10 (CPF Building) SS529508,1 Tampines Central #08-10 (CPF Building) SS529508  (Video Guide: bit.ly/zenithTP),Math,Closed - Running,,J1 Math - Tampines - 08 Jun Mon 01:30PM,[J1 Math] Tampines | 08 Jun (Mon) | 01:30PM - 04:30PM | Functions,0,,21,21,21 / 50,19,21 | 19 | 50,90.48%,J1,JC,MATH,MATH,MATH,Tampines,Chuan Li,FALSE,0
JC JunCC<>J1 2026<>JC - Phy<>Dr. Han Wei<>Tuesday<>Tampines<>TP-4 (ext)<>35<>9 Jun<>10:00 am<>Motion & Forces (Part 2) + Collision,JC JunCC,J1 2026,JC - Phy,Dr. Han Wei,Tuesday,Tampines,TP-4 (ext),35,09 Jun (Tue),10:00:00 AM,J1 Physics,Motion & Forces (Part 2) + Collision,6/9/2026,10:00AM - 01:00PM,bit.ly/zenithTP,1 Tampines Central #08-10 (CPF Building) SS529508,1 Tampines Central #08-10 (CPF Building) SS529508  (Video Guide: bit.ly/zenithTP),Physics,Closed - Running,,J1 Physics - Tampines - 09 Jun Tue 10:00AM,[J1 Physics] Tampines | 09 Jun (Tue) | 10:00AM - 01:00PM | Motion & Forces (Part 2) + Collision,0,,12,12,12 / 35,11,12 | 11 | 35,91.67%,J1,JC,PHYS,PHYS,PHYS,Tampines,Dr. Han Wei,FALSE,0
JC JunCC<>J1 2026<>JC - Math<>Chuan Li<>Tuesday<>Tampines<>TP-5 (LT) (ext)<>50<>9 Jun<>1:00 pm<>Vectors 1,JC JunCC,J1 2026,JC - Math,Chuan Li,Tuesday,Tampines,TP-5 (LT) (ext),50,09 Jun (Tue),1:00:00 PM,J1 Math,Vectors 1,6/9/2026,01:30PM - 04:30PM,bit.ly/zenithTP,1 Tampines Central #08-10 (CPF Building) SS529508,1 Tampines Central #08-10 (CPF Building) SS529508  (Video Guide: bit.ly/zenithTP),Math,Closed - Running,,J1 Math - Tampines - 09 Jun Tue 01:30PM,[J1 Math] Tampines | 09 Jun (Tue) | 01:30PM - 04:30PM | Vectors 1,0,,17,17,17 / 50,11,17 | 11 | 50,64.71%,J1,JC,MATH,MATH,MATH,Tampines,Chuan Li,FALSE,0
JC JunCC<>J1 2026<>JC - Math<>Chuan Li<>Thursday<>Tampines<>TP-5 (LT) (ext)<>50<>11 Jun<>1:00 pm<>Differentiation,JC JunCC,J1 2026,JC - Math,Chuan Li,Thursday,Tampines,TP-5 (LT) (ext),50,11 Jun (Thu),1:00:00 PM,J1 Math,Differentiation,6/11/2026,01:30PM - 04:30PM,bit.ly/zenithTP,1 Tampines Central #08-10 (CPF Building) SS529508,1 Tampines Central #08-10 (CPF Building) SS529508  (Video Guide: bit.ly/zenithTP),Math,Closed - Running,,J1 Math - Tampines - 11 Jun Thu 01:30PM,[J1 Math] Tampines | 11 Jun (Thu) | 01:30PM - 04:30PM | Differentiation,0,,23,23,23 / 50,0,23 | 0 | 50,0.00%,J1,JC,MATH,MATH,MATH,Tampines,Chuan Li,FALSE,0
JC JunCC<>J1 2026<>JC - Chem<>Jia Yi<>Monday<>Bishan<>BS-6<>18<>8 Jun<>1:00 pm<>Chem Bonding,JC JunCC,J1 2026,JC - Chem,Jia Yi,Monday,Bishan,BS-6,18,08 Jun (Mon),1:00:00 PM,J1 Chemistry,Chem Bonding,6/8/2026,01:30PM - 04:30PM,bit.ly/zenithBISHAN,51 Bishan Street 13 #03-01 (Bishan CC) S579799,51 Bishan Street 13 #03-01 (Bishan CC) S579799  (Video Guide: bit.ly/zenithBISHAN),Chemistry,Closed - Running,,J1 Chemistry - Bishan - 08 Jun Mon 01:30PM,[J1 Chemistry] Bishan | 08 Jun (Mon) | 01:30PM - 04:30PM | Chem Bonding,0,,21,21,21 / 18,20,21 | 20 | 18,95.24%,J1,JC,CHEM,CHEM,CHEM,Bishan CC,Jia Yi,FALSE,1
"JC JunCC<>J1 2026<>JC - Econs<>Fung<>Monday<>Bishan<>BS-1<>24<>8 Jun<>1:00 pm<>Market Model: Demand, Supply and Elasticities",JC JunCC,J1 2026,JC - Econs,Fung,Monday,Bishan,BS-1,24,08 Jun (Mon),1:00:00 PM,J1 Economics,"Market Model: Demand, Supply and Elasticities",6/8/2026,01:30PM - 04:30PM,bit.ly/zenithBISHAN,51 Bishan Street 13 #03-01 (Bishan CC) S579799,51 Bishan Street 13 #03-01 (Bishan CC) S579799  (Video Guide: bit.ly/zenithBISHAN),Economics,Closed - Running,,J1 Economics - Bishan - 08 Jun Mon 01:30PM,"[J1 Economics] Bishan | 08 Jun (Mon) | 01:30PM - 04:30PM | Market Model: Demand, Supply and Elasticities",0,,15,15,15 / 24,11,15 | 11 | 24,73.33%,J1,JC,ECON,ECON,ECON,Bishan CC,Fung,FALSE,0
JC JunCC<>J1 2026<>JC - Chem<>Dr. Ryan<>Tuesday<>Bishan<>BS-1<>24<>9 Jun<>1:00 pm<>Chem Bonding,JC JunCC,J1 2026,JC - Chem,Dr. Ryan,Tuesday,Bishan,BS-1,24,09 Jun (Tue),1:00:00 PM,J1 Chemistry,Chem Bonding,6/9/2026,01:30PM - 04:30PM,bit.ly/zenithBISHAN,51 Bishan Street 13 #03-01 (Bishan CC) S579799,51 Bishan Street 13 #03-01 (Bishan CC) S579799  (Video Guide: bit.ly/zenithBISHAN),Chemistry,Closed - Running,,J1 Chemistry - Bishan - 09 Jun Tue 01:30PM,[J1 Chemistry] Bishan | 09 Jun (Tue) | 01:30PM - 04:30PM | Chem Bonding,0,,27,27,27 / 24,19,27 | 19 | 24,70.37%,J1,JC,CHEM,CHEM,CHEM,Bishan CC,Dr. Ryan,FALSE,0
JC JunCC<>J1 2026<>JC - Econs<>Fung<>Thursday<>Bishan<>BS-2<>29<>11 Jun<>1:00 pm<>Market Failure and Government Intervention,JC JunCC,J1 2026,JC - Econs,Fung,Thursday,Bishan,BS-2,29,11 Jun (Thu),1:00:00 PM,J1 Economics,Market Failure and Government Intervention,6/11/2026,01:30PM - 04:30PM,bit.ly/zenithBISHAN,51 Bishan Street 13 #03-01 (Bishan CC) S579799,51 Bishan Street 13 #03-01 (Bishan CC) S579799  (Video Guide: bit.ly/zenithBISHAN),Economics,Closed - Running,,J1 Economics - Bishan - 11 Jun Thu 01:30PM,[J1 Economics] Bishan | 11 Jun (Thu) | 01:30PM - 04:30PM | Market Failure and Government Intervention,0,,32,32,32 / 29,0,32 | 0 | 29,0.00%,J1,JC,ECON,ECON,ECON,Bishan CC,Fung,TRUE,2
JC JunCC<>J1 2026<>JC - Econs<>Fung<>Friday<>Bishan<>BS-2<>29<>12 Jun<>10:00 am<>Market Failure and Government Intervention,JC JunCC,J1 2026,JC - Econs,Fung,Friday,Bishan,BS-2,29,12 Jun (Fri),10:00:00 AM,J1 Economics,Market Failure and Government Intervention,6/12/2026,10:00AM - 01:00PM,bit.ly/zenithBISHAN,51 Bishan Street 13 #03-01 (Bishan CC) S579799,51 Bishan Street 13 #03-01 (Bishan CC) S579799  (Video Guide: bit.ly/zenithBISHAN),Economics,Open - Running,[J1 Economics] Bishan | 12 Jun (Fri) | 10:00AM - 01:00PM | Market Failure and Government Intervention,J1 Economics - Bishan - 12 Jun Fri 10:00AM,[J1 Economics] Bishan | 12 Jun (Fri) | 10:00AM - 01:00PM | Market Failure and Government Intervention,0,,29,29,29 / 29,0,29 | 0 | 29,0.00%,J1,JC,ECON,ECON,ECON,Bishan CC,Fung,FALSE,2
JC JunCC<>J1 2026<>JC - Phy<>Joshua<>Wednesday<>Bishan<>BS-7<>9<>10 Jun<>1:00 pm<>Circular Motion,JC JunCC,J1 2026,JC - Phy,Joshua,Wednesday,Bishan,BS-7,9,10 Jun (Wed),1:00:00 PM,J1 Physics,Circular Motion,6/10/2026,01:30PM - 04:30PM,bit.ly/zenithBISHAN,51 Bishan Street 13 #03-01 (Bishan CC) S579799,51 Bishan Street 13 #03-01 (Bishan CC) S579799  (Video Guide: bit.ly/zenithBISHAN),Physics,Closed - Running,,J1 Physics - Bishan - 10 Jun Wed 01:30PM,[J1 Physics] Bishan | 10 Jun (Wed) | 01:30PM - 04:30PM | Circular Motion,0,,11,11,11 / 9,5,11 | 5 | 9,45.45%,J1,JC,PHYS,PHYS,PHYS,Bishan CC,Joshua,FALSE,0
JC JunCC<>J1 2026<>JC - Phy<>Enzhao<>Tuesday<>Bukit Panjang<>BP-1<>24<>9 Jun<>10:00 am<>Circular Motion,JC JunCC,J1 2026,JC - Phy,Enzhao,Tuesday,Bukit Panjang,BP-1,24,09 Jun (Tue),10:00:00 AM,J1 Physics,Circular Motion,6/9/2026,10:00AM - 01:00PM,bit.ly/zenithBP,1 Woodlands Road #01-10 (Junction10) S677899,1 Woodlands Road #01-10 (Junction10) S677899  (Video Guide: bit.ly/zenithBP),Physics,Closed - Running,,J1 Physics - Bukit Panjang - 09 Jun Tue 10:00AM,[J1 Physics] Bukit Panjang | 09 Jun (Tue) | 10:00AM - 01:00PM | Circular Motion,0,,8,8,8 / 24,5,8 | 5 | 24,62.50%,J1,JC,PHYS,PHYS,PHYS,Bukit Panjang,Enzhao,FALSE,1
JC JunCC<>J1 2026<>JC - Chem<>YH<>Tuesday<>Bukit Panjang<>BP-1<>24<>9 Jun<>1:00 pm<>Energetics,JC JunCC,J1 2026,JC - Chem,YH,Tuesday,Bukit Panjang,BP-1,24,09 Jun (Tue),1:00:00 PM,J1 Chemistry,Energetics,6/9/2026,01:30PM - 04:30PM,bit.ly/zenithBP,1 Woodlands Road #01-10 (Junction10) S677899,1 Woodlands Road #01-10 (Junction10) S677899  (Video Guide: bit.ly/zenithBP),Chemistry,Closed - Running,,J1 Chemistry - Bukit Panjang - 09 Jun Tue 01:30PM,[J1 Chemistry] Bukit Panjang | 09 Jun (Tue) | 01:30PM - 04:30PM | Energetics,0,,17,17,17 / 24,14,17 | 14 | 24,82.35%,J1,JC,CHEM,CHEM,CHEM,Bukit Panjang,YH,FALSE,1
JC JunCC<>J1 2026<>JC - Phy<>Enzhao<>Thursday<>Bukit Panjang<>BP-1<>24<>11 Jun<>10:00 am<>Motion & Forces (Part 2) + Collision,JC JunCC,J1 2026,JC - Phy,Enzhao,Thursday,Bukit Panjang,BP-1,24,11 Jun (Thu),10:00:00 AM,J1 Physics,Motion & Forces (Part 2) + Collision,6/11/2026,10:00AM - 01:00PM,bit.ly/zenithBP,1 Woodlands Road #01-10 (Junction10) S677899,1 Woodlands Road #01-10 (Junction10) S677899  (Video Guide: bit.ly/zenithBP),Physics,Closed - Running,,J1 Physics - Bukit Panjang - 11 Jun Thu 10:00AM,[J1 Physics] Bukit Panjang | 11 Jun (Thu) | 10:00AM - 01:00PM | Motion & Forces (Part 2) + Collision,0,,4,4,4 / 24,2,4 | 2 | 24,50.00%,J1,JC,PHYS,PHYS,PHYS,Bukit Panjang,Enzhao,FALSE,0
JC JunCC<>J1 2026<>JC - Econs<>Lay Chun<>Thursday<>Bukit Panjang<>BP-1<>24<>11 Jun<>1:00 pm<>Market Failure and Government Intervention,JC JunCC,J1 2026,JC - Econs,Lay Chun,Thursday,Bukit Panjang,BP-1,24,11 Jun (Thu),1:00:00 PM,J1 Economics,Market Failure and Government Intervention,6/11/2026,01:30PM - 04:30PM,bit.ly/zenithBP,1 Woodlands Road #01-10 (Junction10) S677899,1 Woodlands Road #01-10 (Junction10) S677899  (Video Guide: bit.ly/zenithBP),Economics,Closed - Not running,,J1 Economics - Bukit Panjang - 11 Jun Thu 01:30PM,[J1 Economics] Bukit Panjang | 11 Jun (Thu) | 01:30PM - 04:30PM | Market Failure and Government Intervention,0,,0,0,0 / 24,0,0 | 0 | 24,0.00%,J1,JC,ECON,ECON,ECON,Bukit Panjang,Lay Chun,FALSE,0
JC JunCC<>J1 2026<>JC - Bio<>Melvin<>Friday<>Bukit Panjang<>BP-1<>24<>12 Jun<>1:00 pm<>DNA Replication,JC JunCC,J1 2026,JC - Bio,Melvin,Friday,Bukit Panjang,BP-1,24,12 Jun (Fri),1:00:00 PM,J1 Biology,DNA Replication,6/12/2026,01:30PM - 04:30PM,bit.ly/zenithBP,1 Woodlands Road #01-10 (Junction10) S677899,1 Woodlands Road #01-10 (Junction10) S677899  (Video Guide: bit.ly/zenithBP),Biology,Open - Running,[J1 Biology] Bukit Panjang | 12 Jun (Fri) | 01:30PM - 04:30PM | DNA Replication,J1 Biology - Bukit Panjang - 12 Jun Fri 01:30PM,[J1 Biology] Bukit Panjang | 12 Jun (Fri) | 01:30PM - 04:30PM | DNA Replication,0,,16,16,16 / 24,0,16 | 0 | 24,0.00%,J1,JC,BIO,BIO,BIO,Bukit Panjang,Melvin,FALSE,0
JC JunCC<>J1 2026<>JC - Chem<>DJ<>Monday<>Bukit Panjang<>BP-2<>12<>8 Jun<>10:00 am<>Energetics,JC JunCC,J1 2026,JC - Chem,DJ,Monday,Bukit Panjang,BP-2,12,08 Jun (Mon),10:00:00 AM,J1 Chemistry,Energetics,6/8/2026,10:00AM - 01:00PM,bit.ly/zenithBP,1 Woodlands Road #01-10 (Junction10) S677899,1 Woodlands Road #01-10 (Junction10) S677899  (Video Guide: bit.ly/zenithBP),Chemistry,Closed - Running,,J1 Chemistry - Bukit Panjang - 08 Jun Mon 10:00AM,[J1 Chemistry] Bukit Panjang | 08 Jun (Mon) | 10:00AM - 01:00PM | Energetics,0,,12,12,12 / 12,7,12 | 7 | 12,58.33%,J1,JC,CHEM,CHEM,CHEM,Bukit Panjang,DJ,FALSE,0
JC JunCC<>J1 2026<>JC - Math<>Hui Xuan<>Wednesday<>Bukit Panjang<>BP-3<>19<>10 Jun<>1:00 pm<>Vector Planes,JC JunCC,J1 2026,JC - Math,Hui Xuan,Wednesday,Bukit Panjang,BP-3,19,10 Jun (Wed),1:00:00 PM,J1 Math,Vector Planes,6/10/2026,01:30PM - 04:30PM,bit.ly/zenithBP,1 Woodlands Road #01-10 (Junction10) S677899,1 Woodlands Road #01-10 (Junction10) S677899  (Video Guide: bit.ly/zenithBP),Math,Closed - Running,,J1 Math - Bukit Panjang - 10 Jun Wed 01:30PM,[J1 Math] Bukit Panjang | 10 Jun (Wed) | 01:30PM - 04:30PM | Vector Planes,0,,12,12,12 / 19,9,12 | 9 | 19,75.00%,J1,JC,MATH,MATH,MATH,Bukit Panjang,Hui Xuan,FALSE,1
JC JunCC<>J1 2026<>JC - Chem<>E Ler<>Wednesday<>Jurong East<>JE-2<>27<>10 Jun<>1:00 pm<>Chem Bonding,JC JunCC,J1 2026,JC - Chem,E Ler,Wednesday,Jurong East,JE-2,27,10 Jun (Wed),1:00:00 PM,J1 Chemistry,Chem Bonding,6/10/2026,01:30PM - 04:30PM,https://tinyurl.com/4cnf5kwu,21 Jurong Gateway Rd #02-01 (CPF Jurong Building) S608546,21 Jurong Gateway Rd #02-01 (CPF Jurong Building) S608546  (Video Guide: https://tinyurl.com/4cnf5kwu),Chemistry,Closed - Running,,J1 Chemistry - Jurong East - 10 Jun Wed 01:30PM,[J1 Chemistry] Jurong East | 10 Jun (Wed) | 01:30PM - 04:30PM | Chem Bonding,0,,21,21,21 / 27,15,21 | 15 | 27,71.43%,J1,JC,CHEM,CHEM,CHEM,Jurong East,E Ler,FALSE,21
JC JunCC<>J1 2026<>JC - Chem<>E Ler<>Thursday<>Jurong East<>JE-2<>27<>11 Jun<>1:00 pm<>Energetics,JC JunCC,J1 2026,JC - Chem,E Ler,Thursday,Jurong East,JE-2,27,11 Jun (Thu),1:00:00 PM,J1 Chemistry,Energetics,6/11/2026,01:30PM - 04:30PM,https://tinyurl.com/4cnf5kwu,21 Jurong Gateway Rd #02-01 (CPF Jurong Building) S608546,21 Jurong Gateway Rd #02-01 (CPF Jurong Building) S608546  (Video Guide: https://tinyurl.com/4cnf5kwu),Chemistry,Closed - Running,,J1 Chemistry - Jurong East - 11 Jun Thu 01:30PM,[J1 Chemistry] Jurong East | 11 Jun (Thu) | 01:30PM - 04:30PM | Energetics,0,,19,19,19 / 27,1,19 | 1 | 27,5.26%,J1,JC,CHEM,CHEM,CHEM,Jurong East,E Ler,FALSE,19
JC JunCC<>J1 2026<>JC - Phy<>Enzhao<>Friday<>Jurong East<>JE-2<>27<>12 Jun<>1:00 pm<>Circular Motion,JC JunCC,J1 2026,JC - Phy,Enzhao,Friday,Jurong East,JE-2,27,12 Jun (Fri),1:00:00 PM,J1 Physics,Circular Motion,6/12/2026,01:30PM - 04:30PM,https://tinyurl.com/4cnf5kwu,21 Jurong Gateway Rd #02-01 (CPF Jurong Building) S608546,21 Jurong Gateway Rd #02-01 (CPF Jurong Building) S608546  (Video Guide: https://tinyurl.com/4cnf5kwu),Physics,Closed - Not running,,J1 Physics - Jurong East - 12 Jun Fri 01:30PM,[J1 Physics] Jurong East | 12 Jun (Fri) | 01:30PM - 04:30PM | Circular Motion,0,,0,0,0 / 27,0,0 | 0 | 27,0.00%,J1,JC,PHYS,PHYS,PHYS,Jurong East,Enzhao,FALSE,0
JC JunCC<>J1 2026<>JC - Phy<>Enzhao<>Saturday<>Jurong East<>JE-2<>27<>13 Jun<>3:00 pm<>Motion & Forces (Part 2) + Collision,JC JunCC,J1 2026,JC - Phy,Enzhao,Saturday,Jurong East,JE-2,27,13 Jun (Sat),3:00:00 PM,J1 Physics,Motion & Forces (Part 2) + Collision,6/13/2026,03:00PM - 06:00PM,https://tinyurl.com/4cnf5kwu,21 Jurong Gateway Rd #02-01 (CPF Jurong Building) S608546,21 Jurong Gateway Rd #02-01 (CPF Jurong Building) S608546  (Video Guide: https://tinyurl.com/4cnf5kwu),Physics,Open - Running,[J1 Physics] Jurong East | 13 Jun (Sat) | 03:00PM - 06:00PM | Motion & Forces (Part 2) + Collision,J1 Physics - Jurong East - 13 Jun Sat 03:00PM,[J1 Physics] Jurong East | 13 Jun (Sat) | 03:00PM - 06:00PM | Motion & Forces (Part 2) + Collision,0,,5,5,5 / 27,0,5 | 0 | 27,0.00%,J1,JC,PHYS,PHYS,PHYS,Jurong East,Enzhao,FALSE,0
JC JunCC<>J1 2026<>JC - Econs<>Eunice<>Thursday<>Jurong East<>JE-3<>30<>11 Jun<>1:00 pm<>Market Failure and Government Intervention,JC JunCC,J1 2026,JC - Econs,Eunice,Thursday,Jurong East,JE-3,30,11 Jun (Thu),1:00:00 PM,J1 Economics,Market Failure and Government Intervention,6/11/2026,01:30PM - 04:30PM,https://tinyurl.com/4cnf5kwu,21 Jurong Gateway Rd #02-01 (CPF Jurong Building) S608546,21 Jurong Gateway Rd #02-01 (CPF Jurong Building) S608546  (Video Guide: https://tinyurl.com/4cnf5kwu),Economics,Closed - Running,,J1 Economics - Jurong East - 11 Jun Thu 01:30PM,[J1 Economics] Jurong East | 11 Jun (Thu) | 01:30PM - 04:30PM | Market Failure and Government Intervention,0,,24,24,24 / 30,0,24 | 0 | 30,0.00%,J1,JC,ECON,ECON,ECON,Jurong East,Eunice,FALSE,0
JC JunCC<>J1 2026<>JC - GP<>Mel B<>Tuesday<>Jurong East<>JE-6<>42<>9 Jun<>1:00 pm<>Application Question (Singapore Traits and Qualities),JC JunCC,J1 2026,JC - GP,Mel B,Tuesday,Jurong East,JE-6,42,09 Jun (Tue),1:00:00 PM,J1 GP,Application Question (Singapore Traits and Qualities),6/9/2026,01:30PM - 04:30PM,https://tinyurl.com/4cnf5kwu,21 Jurong Gateway Rd #02-01 (CPF Jurong Building) S608546,21 Jurong Gateway Rd #02-01 (CPF Jurong Building) S608546  (Video Guide: https://tinyurl.com/4cnf5kwu),GP,Closed - Running,,J1 GP - Jurong East - 09 Jun Tue 01:30PM,[J1 GP] Jurong East | 09 Jun (Tue) | 01:30PM - 04:30PM | Application Question (Singapore Traits and Qualities),0,,45,45,45 / 42,10,45 | 10 | 42,22.22%,J1,JC,GP,GP,GP,Jurong East,Mel B,TRUE,13
JC JunCC<>J1 2026<>JC - Math<>Ethan<>Sunday<>Jurong East<>JE-5<>16<>14 Jun<>3:00 pm<>Vector Planes,JC JunCC,J1 2026,JC - Math,Ethan,Sunday,Jurong East,JE-5,16,14 Jun (Sun),3:00:00 PM,J1 Math,Vector Planes,6/14/2026,03:00PM - 06:00PM,https://tinyurl.com/4cnf5kwu,21 Jurong Gateway Rd #02-01 (CPF Jurong Building) S608546,21 Jurong Gateway Rd #02-01 (CPF Jurong Building) S608546  (Video Guide: https://tinyurl.com/4cnf5kwu),Math,Open - Running,[J1 Math] Jurong East | 14 Jun (Sun) | 03:00PM - 06:00PM | Vector Planes,J1 Math - Jurong East - 14 Jun Sun 03:00PM,[J1 Math] Jurong East | 14 Jun (Sun) | 03:00PM - 06:00PM | Vector Planes,0,,16,16,16 / 16,0,16 | 0 | 16,0.00%,J1,JC,MATH,MATH,MATH,Jurong East,Ethan,FALSE,2
JC JunCC<>J1 2026<>JC - Math<>Clarence<>Wednesday<>Jurong East<>JE-6<>42<>10 Jun<>10:00 am<>Functions,JC JunCC,J1 2026,JC - Math,Clarence,Wednesday,Jurong East,JE-6,42,10 Jun (Wed),10:00:00 AM,J1 Math,Functions,6/10/2026,10:00AM - 01:00PM,https://tinyurl.com/4cnf5kwu,21 Jurong Gateway Rd #02-01 (CPF Jurong Building) S608546,21 Jurong Gateway Rd #02-01 (CPF Jurong Building) S608546  (Video Guide: https://tinyurl.com/4cnf5kwu),Math,Closed - Running,,J1 Math - Jurong East - 10 Jun Wed 10:00AM,[J1 Math] Jurong East | 10 Jun (Wed) | 10:00AM - 01:00PM | Functions,0,,24,24,24 / 42,18,24 | 18 | 42,75.00%,J1,JC,MATH,MATH,MATH,Jurong East,Clarence,FALSE,3
JC JunCC<>J1 2026<>JC - Math<>Clarence<>Thursday<>Jurong East<>JE-4<>25<>11 Jun<>1:00 pm<>Summation and Recurrence Relations,JC JunCC,J1 2026,JC - Math,Clarence,Thursday,Jurong East,JE-4,25,11 Jun (Thu),1:00:00 PM,J1 Math,Summation and Recurrence Relations,6/11/2026,01:30PM - 04:30PM,https://tinyurl.com/4cnf5kwu,21 Jurong Gateway Rd #02-01 (CPF Jurong Building) S608546,21 Jurong Gateway Rd #02-01 (CPF Jurong Building) S608546  (Video Guide: https://tinyurl.com/4cnf5kwu),Math,Closed - Running,,J1 Math - Jurong East - 11 Jun Thu 01:30PM,[J1 Math] Jurong East | 11 Jun (Thu) | 01:30PM - 04:30PM | Summation and Recurrence Relations,0,,4,4,4 / 25,0,4 | 0 | 25,0.00%,J1,JC,MATH,MATH,MATH,Jurong East,Clarence,FALSE,0
JC JunCC<>J1 2026<>JC - Math<>Ethan<>Saturday<>Jurong East<>JE-6<>42<>13 Jun<>2:00 pm<>Vector Planes,JC JunCC,J1 2026,JC - Math,Ethan,Saturday,Jurong East,JE-6,42,13 Jun (Sat),2:00:00 PM,J1 Math,Vector Planes,6/13/2026,02:00PM - 05:00PM,https://tinyurl.com/4cnf5kwu,21 Jurong Gateway Rd #02-01 (CPF Jurong Building) S608546,21 Jurong Gateway Rd #02-01 (CPF Jurong Building) S608546  (Video Guide: https://tinyurl.com/4cnf5kwu),Math,Open - Running,[J1 Math] Jurong East | 13 Jun (Sat) | 02:00PM - 05:00PM | Vector Planes,J1 Math - Jurong East - 13 Jun Sat 02:00PM,[J1 Math] Jurong East | 13 Jun (Sat) | 02:00PM - 05:00PM | Vector Planes,0,,11,11,11 / 42,0,11 | 0 | 42,0.00%,J1,JC,MATH,MATH,MATH,Jurong East,Ethan,FALSE,1
JC JunCC<>J1 2026<>JC - Chem<>Kelly<>Friday<>Kovan<>KO-1<>23<>12 Jun<>10:00 am<>Energetics,JC JunCC,J1 2026,JC - Chem,Kelly,Friday,Kovan,KO-1,23,12 Jun (Fri),10:00:00 AM,J1 Chemistry,Energetics,6/12/2026,10:00AM - 01:00PM,https://tinyurl.com/SOKGuide,988 Upper Serangoon Rd #01-16 (Stars of Kovan) S534733,988 Upper Serangoon Rd #01-16 (Stars of Kovan) S534733  (Video Guide: https://tinyurl.com/SOKGuide),Chemistry,Open - Running,[J1 Chemistry] Kovan | 12 Jun (Fri) | 10:00AM - 01:00PM | Energetics,J1 Chemistry - Kovan - 12 Jun Fri 10:00AM,[J1 Chemistry] Kovan | 12 Jun (Fri) | 10:00AM - 01:00PM | Energetics,0,,14,14,14 / 23,1,14 | 1 | 23,7.14%,J1,JC,CHEM,CHEM,CHEM,Kovan,Kelly,FALSE,3
JC JunCC<>J1 2026<>JC - Phy<>Aznikah<>Friday<>Kovan<>KO-1<>23<>12 Jun<>1:00 pm<>Motion & Forces (Part 2) + Collision,JC JunCC,J1 2026,JC - Phy,Aznikah,Friday,Kovan,KO-1,23,12 Jun (Fri),1:00:00 PM,J1 Physics,Motion & Forces (Part 2) + Collision,6/12/2026,01:30PM - 04:30PM,https://tinyurl.com/SOKGuide,988 Upper Serangoon Rd #01-16 (Stars of Kovan) S534733,988 Upper Serangoon Rd #01-16 (Stars of Kovan) S534733  (Video Guide: https://tinyurl.com/SOKGuide),Physics,Open - Running,[J1 Physics] Kovan | 12 Jun (Fri) | 01:30PM - 04:30PM | Motion & Forces (Part 2) + Collision,J1 Physics - Kovan - 12 Jun Fri 01:30PM,[J1 Physics] Kovan | 12 Jun (Fri) | 01:30PM - 04:30PM | Motion & Forces (Part 2) + Collision,0,,11,11,11 / 23,0,11 | 0 | 23,0.00%,J1,JC,PHYS,PHYS,PHYS,Kovan,Aznikah,FALSE,0
JC JunCC<>J1 2026<>JC - Math<>Alicia<>Tuesday<>Kovan<>KO-3<>23<>9 Jun<>10:00 am<>Functions,JC JunCC,J1 2026,JC - Math,Alicia,Tuesday,Kovan,KO-3,23,09 Jun (Tue),10:00:00 AM,J1 Math,Functions,6/9/2026,10:00AM - 01:00PM,https://tinyurl.com/SOKGuide,988 Upper Serangoon Rd #01-16 (Stars of Kovan) S534733,988 Upper Serangoon Rd #01-16 (Stars of Kovan) S534733  (Video Guide: https://tinyurl.com/SOKGuide),Math,Closed - Running,,J1 Math - Kovan - 09 Jun Tue 10:00AM,[J1 Math] Kovan | 09 Jun (Tue) | 10:00AM - 01:00PM | Functions,0,,13,13,13 / 23,12,13 | 12 | 23,92.31%,J1,JC,MATH,MATH,MATH,Kovan,Alicia,FALSE,0
JC JunCC<>J1 2026<>JC - Math<>Hui Xuan<>Thursday<>Kovan<>KO-3<>23<>11 Jun<>1:00 pm<>Functions,JC JunCC,J1 2026,JC - Math,Hui Xuan,Thursday,Kovan,KO-3,23,11 Jun (Thu),1:00:00 PM,J1 Math,Functions,6/11/2026,01:30PM - 04:30PM,https://tinyurl.com/SOKGuide,988 Upper Serangoon Rd #01-16 (Stars of Kovan) S534733,988 Upper Serangoon Rd #01-16 (Stars of Kovan) S534733  (Video Guide: https://tinyurl.com/SOKGuide),Math,Closed - Running,,J1 Math - Kovan - 11 Jun Thu 01:30PM,[J1 Math] Kovan | 11 Jun (Thu) | 01:30PM - 04:30PM | Functions,0,,9,9,9 / 23,0,9 | 0 | 23,0.00%,J1,JC,MATH,MATH,MATH,Kovan,Hui Xuan,FALSE,2
JC JunCC<>J1 2026<>JC - Math<>Alicia<>Friday<>Kovan<>KO-3<>23<>12 Jun<>1:00 pm<>Vectors 1,JC JunCC,J1 2026,JC - Math,Alicia,Friday,Kovan,KO-3,23,12 Jun (Fri),1:00:00 PM,J1 Math,Vectors 1,6/12/2026,01:30PM - 04:30PM,https://tinyurl.com/SOKGuide,988 Upper Serangoon Rd #01-16 (Stars of Kovan) S534733,988 Upper Serangoon Rd #01-16 (Stars of Kovan) S534733  (Video Guide: https://tinyurl.com/SOKGuide),Math,Open - Running,[J1 Math] Kovan | 12 Jun (Fri) | 01:30PM - 04:30PM | Vectors 1,J1 Math - Kovan - 12 Jun Fri 01:30PM,[J1 Math] Kovan | 12 Jun (Fri) | 01:30PM - 04:30PM | Vectors 1,0,,11,11,11 / 23,0,11 | 0 | 23,0.00%,J1,JC,MATH,MATH,MATH,Kovan,Alicia,FALSE,0
JC JunCC<>J1 2026<>JC - Math<>Clarence<>Saturday<>King Albert Park<>KAP-2<>15<>13 Jun<>10:00 am<>Functions,JC JunCC,J1 2026,JC - Math,Clarence,Saturday,King Albert Park,KAP-2,15,13 Jun (Sat),10:00:00 AM,J1 Math,Functions,6/13/2026,10:00AM - 01:00PM,https://tinyurl.com/zenithKAP,896 Dunearn Road Dunearn Village #04-16 S589472,896 Dunearn Road Dunearn Village #04-16 S589472  (Video Guide: https://tinyurl.com/zenithKAP),Math,Closed - Not running,,J1 Math - King Albert Park - 13 Jun Sat 10:00AM,[J1 Math] King Albert Park | 13 Jun (Sat) | 10:00AM - 01:00PM | Functions,0,,0,0,0 / 15,0,0 | 0 | 15,0.00%,J1,JC,MATH,MATH,MATH,King Albert Park,Clarence,FALSE,0
JC JunCC<>J1 2026<>JC - Chem<>YH<>Wednesday<>King Albert Park<>KAP-4<>18<>10 Jun<>1:00 pm<>Energetics,JC JunCC,J1 2026,JC - Chem,YH,Wednesday,King Albert Park,KAP-4,18,10 Jun (Wed),1:00:00 PM,J1 Chemistry,Energetics,6/10/2026,01:30PM - 04:30PM,https://tinyurl.com/zenithKAP,896 Dunearn Road Dunearn Village #04-16 S589472,896 Dunearn Road Dunearn Village #04-16 S589472  (Video Guide: https://tinyurl.com/zenithKAP),Chemistry,Closed - Running,,J1 Chemistry - King Albert Park - 10 Jun Wed 01:30PM,[J1 Chemistry] King Albert Park | 10 Jun (Wed) | 01:30PM - 04:30PM | Energetics,0,,9,9,9 / 18,8,9 | 8 | 18,88.89%,J1,JC,CHEM,CHEM,CHEM,King Albert Park,YH,FALSE,0
JC JunCC<>J1 2026<>JC - Econs<>Lennard<>Monday<>King Albert Park<>KAP-5<>24<>8 Jun<>10:00 am<>Market Failure and Government Intervention,JC JunCC,J1 2026,JC - Econs,Lennard,Monday,King Albert Park,KAP-5,24,08 Jun (Mon),10:00:00 AM,J1 Economics,Market Failure and Government Intervention,6/8/2026,10:00AM - 01:00PM,https://tinyurl.com/zenithKAP,896 Dunearn Road Dunearn Village #04-16 S589472,896 Dunearn Road Dunearn Village #04-16 S589472  (Video Guide: https://tinyurl.com/zenithKAP),Economics,Closed - Running,,J1 Economics - King Albert Park - 08 Jun Mon 10:00AM,[J1 Economics] King Albert Park | 08 Jun (Mon) | 10:00AM - 01:00PM | Market Failure and Government Intervention,0,,8,8,8 / 24,6,8 | 6 | 24,75.00%,J1,JC,ECON,ECON,ECON,King Albert Park,Lennard,FALSE,0
JC JunCC<>J1 2026<>JC - Econs<>Lennard<>Wednesday<>King Albert Park<>KAP-5<>24<>10 Jun<>10:00 am<>Market Failure and Government Intervention,JC JunCC,J1 2026,JC - Econs,Lennard,Wednesday,King Albert Park,KAP-5,24,10 Jun (Wed),10:00:00 AM,J1 Economics,Market Failure and Government Intervention,6/10/2026,10:00AM - 01:00PM,https://tinyurl.com/zenithKAP,896 Dunearn Road Dunearn Village #04-16 S589472,896 Dunearn Road Dunearn Village #04-16 S589472  (Video Guide: https://tinyurl.com/zenithKAP),Economics,Closed - Running,,J1 Economics - King Albert Park - 10 Jun Wed 10:00AM,[J1 Economics] King Albert Park | 10 Jun (Wed) | 10:00AM - 01:00PM | Market Failure and Government Intervention,0,,14,14,14 / 24,10,14 | 10 | 24,71.43%,J1,JC,ECON,ECON,ECON,King Albert Park,Lennard,FALSE,0
JC JunCC<>J1 2026<>JC - Econs<>Lennard<>Thursday<>King Albert Park<>KAP-5<>24<>11 Jun<>10:00 am<>Market Failure and Government Intervention,JC JunCC,J1 2026,JC - Econs,Lennard,Thursday,King Albert Park,KAP-5,24,11 Jun (Thu),10:00:00 AM,J1 Economics,Market Failure and Government Intervention,6/11/2026,10:00AM - 01:00PM,https://tinyurl.com/zenithKAP,896 Dunearn Road Dunearn Village #04-16 S589472,896 Dunearn Road Dunearn Village #04-16 S589472  (Video Guide: https://tinyurl.com/zenithKAP),Economics,Closed - Running,,J1 Economics - King Albert Park - 11 Jun Thu 10:00AM,[J1 Economics] King Albert Park | 11 Jun (Thu) | 10:00AM - 01:00PM | Market Failure and Government Intervention,0,,6,6,6 / 24,5,6 | 5 | 24,83.33%,J1,JC,ECON,ECON,ECON,King Albert Park,Lennard,FALSE,0
JC JunCC<>J1 2026<>JC - Math<>Clarence<>Tuesday<>King Albert Park<>KAP-6<>20<>9 Jun<>10:00 am<>Vector Planes,JC JunCC,J1 2026,JC - Math,Clarence,Tuesday,King Albert Park,KAP-6,20,09 Jun (Tue),10:00:00 AM,J1 Math,Vector Planes,6/9/2026,10:00AM - 01:00PM,https://tinyurl.com/zenithKAP,896 Dunearn Road Dunearn Village #04-16 S589472,896 Dunearn Road Dunearn Village #04-16 S589472  (Video Guide: https://tinyurl.com/zenithKAP),Math,Closed - Not running,,J1 Math - King Albert Park - 09 Jun Tue 10:00AM,[J1 Math] King Albert Park | 09 Jun (Tue) | 10:00AM - 01:00PM | Vector Planes,0,,0,0,0 / 20,0,0 | 0 | 20,0.00%,J1,JC,MATH,MATH,MATH,King Albert Park,Clarence,FALSE,1
JC JunCC<>J1 2026<>JC - GP<>Mel B<>Thursday<>King Albert Park<>KAP-6<>20<>11 Jun<>1:00 pm<>Application Question (Singapore Traits and Qualities),JC JunCC,J1 2026,JC - GP,Mel B,Thursday,King Albert Park,KAP-6,20,11 Jun (Thu),1:00:00 PM,J1 GP,Application Question (Singapore Traits and Qualities),6/11/2026,01:30PM - 04:30PM,https://tinyurl.com/zenithKAP,896 Dunearn Road Dunearn Village #04-16 S589472,896 Dunearn Road Dunearn Village #04-16 S589472  (Video Guide: https://tinyurl.com/zenithKAP),GP,Closed - Running,,J1 GP - King Albert Park - 11 Jun Thu 01:30PM,[J1 GP] King Albert Park | 11 Jun (Thu) | 01:30PM - 04:30PM | Application Question (Singapore Traits and Qualities),0,,10,10,10 / 20,0,10 | 0 | 20,0.00%,J1,JC,GP,GP,GP,King Albert Park,Mel B,FALSE,5
JC JunCC<>J1 2026<>JC - Chem<>YH<>Friday<>King Albert Park<>KAP-6<>20<>12 Jun<>10:00 am<>Energetics,JC JunCC,J1 2026,JC - Chem,YH,Friday,King Albert Park,KAP-6,20,12 Jun (Fri),10:00:00 AM,J1 Chemistry,Energetics,6/12/2026,10:00AM - 01:00PM,https://tinyurl.com/zenithKAP,896 Dunearn Road Dunearn Village #04-16 S589472,896 Dunearn Road Dunearn Village #04-16 S589472  (Video Guide: https://tinyurl.com/zenithKAP),Chemistry,Closed - Not running,,J1 Chemistry - King Albert Park - 12 Jun Fri 10:00AM,[J1 Chemistry] King Albert Park | 12 Jun (Fri) | 10:00AM - 01:00PM | Energetics,0,,0,0,0 / 20,0,0 | 0 | 20,0.00%,J1,JC,CHEM,CHEM,CHEM,King Albert Park,YH,FALSE,0
JC JunCC<>J1 2026<>JC - Chem<>YH<>Saturday<>King Albert Park<>KAP-6<>20<>13 Jun<>10:00 am<>Energetics,JC JunCC,J1 2026,JC - Chem,YH,Saturday,King Albert Park,KAP-6,20,13 Jun (Sat),10:00:00 AM,J1 Chemistry,Energetics,6/13/2026,10:00AM - 01:00PM,https://tinyurl.com/zenithKAP,896 Dunearn Road Dunearn Village #04-16 S589472,896 Dunearn Road Dunearn Village #04-16 S589472  (Video Guide: https://tinyurl.com/zenithKAP),Chemistry,Open - Running,[J1 Chemistry] King Albert Park | 13 Jun (Sat) | 10:00AM - 01:00PM | Energetics,J1 Chemistry - King Albert Park - 13 Jun Sat 10:00AM,[J1 Chemistry] King Albert Park | 13 Jun (Sat) | 10:00AM - 01:00PM | Energetics,0,,3,3,3 / 20,0,3 | 0 | 20,0.00%,J1,JC,CHEM,CHEM,CHEM,King Albert Park,YH,FALSE,1
JC JunCC<>J1 2026<>JC - Chem<>Shi Neng<>Monday<>Serangoon<>BHC-1<>41<>8 Jun<>1:00 pm<>Chem Bonding,JC JunCC,J1 2026,JC - Chem,Shi Neng,Monday,Serangoon,BHC-1,41,08 Jun (Mon),1:00:00 PM,J1 Chemistry,Chem Bonding,6/8/2026,01:30PM - 04:30PM,https://tinyurl.com/zenithSERANGOON,50 Serangoon Avenue 2 #03-01 S556129,50 Serangoon Avenue 2 #03-01 S556129  (Video Guide: https://tinyurl.com/zenithSERANGOON),Chemistry,Closed - Running,,J1 Chemistry - Serangoon - 08 Jun Mon 01:30PM,[J1 Chemistry] Serangoon | 08 Jun (Mon) | 01:30PM - 04:30PM | Chem Bonding,0,,17,17,17 / 41,14,17 | 14 | 41,82.35%,J1,JC,CHEM,CHEM,CHEM,Braddell Heights,Shi Neng,FALSE,0
JC JunCC<>J1 2026<>JC - Chem<>Xavier<>Tuesday<>Serangoon<>BHC-1<>41<>9 Jun<>10:00 am<>Energetics,JC JunCC,J1 2026,JC - Chem,Xavier,Tuesday,Serangoon,BHC-1,41,09 Jun (Tue),10:00:00 AM,J1 Chemistry,Energetics,6/9/2026,10:00AM - 01:00PM,https://tinyurl.com/zenithSERANGOON,50 Serangoon Avenue 2 #03-01 S556129,50 Serangoon Avenue 2 #03-01 S556129  (Video Guide: https://tinyurl.com/zenithSERANGOON),Chemistry,Closed - Running,,J1 Chemistry - Serangoon - 09 Jun Tue 10:00AM,[J1 Chemistry] Serangoon | 09 Jun (Tue) | 10:00AM - 01:00PM | Energetics,0,,12,12,12 / 41,10,12 | 10 | 41,83.33%,J1,JC,CHEM,CHEM,CHEM,Braddell Heights,Xavier,FALSE,1
JC JunCC<>J1 2026<>JC - Phy<>Aznikah<>Tuesday<>Serangoon<>BHC-1<>41<>9 Jun<>1:00 pm<>Circular Motion,JC JunCC,J1 2026,JC - Phy,Aznikah,Tuesday,Serangoon,BHC-1,41,09 Jun (Tue),1:00:00 PM,J1 Physics,Circular Motion,6/9/2026,01:30PM - 04:30PM,https://tinyurl.com/zenithSERANGOON,50 Serangoon Avenue 2 #03-01 S556129,50 Serangoon Avenue 2 #03-01 S556129  (Video Guide: https://tinyurl.com/zenithSERANGOON),Physics,Closed - Running,,J1 Physics - Serangoon - 09 Jun Tue 01:30PM,[J1 Physics] Serangoon | 09 Jun (Tue) | 01:30PM - 04:30PM | Circular Motion,0,,5,5,5 / 41,4,5 | 4 | 41,80.00%,J1,JC,PHYS,PHYS,PHYS,Braddell Heights,Aznikah,FALSE,0
JC JunCC<>J1 2026<>JC - Chem<>Shi Neng<>Thursday<>Serangoon<>BHC-2<>23<>11 Jun<>1:00 pm<>Energetics,JC JunCC,J1 2026,JC - Chem,Shi Neng,Thursday,Serangoon,BHC-2,23,11 Jun (Thu),1:00:00 PM,J1 Chemistry,Energetics,6/11/2026,01:30PM - 04:30PM,https://tinyurl.com/zenithSERANGOON,50 Serangoon Avenue 2 #03-01 S556129,50 Serangoon Avenue 2 #03-01 S556129  (Video Guide: https://tinyurl.com/zenithSERANGOON),Chemistry,Closed - Running,,J1 Chemistry - Serangoon - 11 Jun Thu 01:30PM,[J1 Chemistry] Serangoon | 11 Jun (Thu) | 01:30PM - 04:30PM | Energetics,0,,12,12,12 / 23,0,12 | 0 | 23,0.00%,J1,JC,CHEM,CHEM,CHEM,Braddell Heights,Shi Neng,FALSE,1
JC JunCC<>J1 2026<>JC - Phy<>Duncan<>Friday<>Buona Vista<>BV-1 (L3)<>28<>19 Jun<>10:00 am<>Circular Motion,JC JunCC,J1 2026,JC - Phy,Duncan,Friday,Buona Vista,BV-1 (L3),28,19 Jun (Fri),10:00:00 AM,J1 Physics,Circular Motion,6/19/2026,10:00AM - 01:00PM,bit.ly/zenithBV,35 Rochester Dr #02-23 (Rochester Mall) S138639,35 Rochester Dr #02-23 (Rochester Mall) S138639  (Video Guide: bit.ly/zenithBV),Physics,Open - Running,[J1 Physics] Buona Vista | 19 Jun (Fri) | 10:00AM - 01:00PM | Circular Motion,J1 Physics - Buona Vista - 19 Jun Fri 10:00AM,[J1 Physics] Buona Vista | 19 Jun (Fri) | 10:00AM - 01:00PM | Circular Motion,0,,11,11,11 / 28,0,11 | 0 | 28,0.00%,J1,JC,PHYS,PHYS,PHYS,Buona Vista,Duncan,FALSE,1
JC JunCC<>J1 2026<>JC - Math<>Ming Liang<>Monday<>Buona Vista<>BV-3 (L2)<>28<>15 Jun<>10:00 am<>APGP,JC JunCC,J1 2026,JC - Math,Ming Liang,Monday,Buona Vista,BV-3 (L2),28,15 Jun (Mon),10:00:00 AM,J1 Math,APGP,6/15/2026,10:00AM - 01:00PM,bit.ly/zenithBV,35 Rochester Dr #02-23 (Rochester Mall) S138639,35 Rochester Dr #02-23 (Rochester Mall) S138639  (Video Guide: bit.ly/zenithBV),Math,Open - Running,[J1 Math] Buona Vista | 15 Jun (Mon) | 10:00AM - 01:00PM | APGP,J1 Math - Buona Vista - 15 Jun Mon 10:00AM,[J1 Math] Buona Vista | 15 Jun (Mon) | 10:00AM - 01:00PM | APGP,0,,10,10,10 / 28,0,10 | 0 | 28,0.00%,J1,JC,MATH,MATH,MATH,Buona Vista,Ming Liang,FALSE,4
JC JunCC<>J1 2026<>JC - Math<>Ming Liang<>Thursday<>Buona Vista<>BV-3 (L2)<>28<>18 Jun<>10:00 am<>Functions,JC JunCC,J1 2026,JC - Math,Ming Liang,Thursday,Buona Vista,BV-3 (L2),28,18 Jun (Thu),10:00:00 AM,J1 Math,Functions,6/18/2026,10:00AM - 01:00PM,bit.ly/zenithBV,35 Rochester Dr #02-23 (Rochester Mall) S138639,35 Rochester Dr #02-23 (Rochester Mall) S138639  (Video Guide: bit.ly/zenithBV),Math,Open - Running,[J1 Math] Buona Vista | 18 Jun (Thu) | 10:00AM - 01:00PM | Functions,J1 Math - Buona Vista - 18 Jun Thu 10:00AM,[J1 Math] Buona Vista | 18 Jun (Thu) | 10:00AM - 01:00PM | Functions,0,,30,30,30 / 28,0,30 | 0 | 28,0.00%,J1,JC,MATH,MATH,MATH,Buona Vista,Ming Liang,FALSE,3
JC JunCC<>J1 2026<>JC - Math<>Ming Liang<>Friday<>Buona Vista<>BV-2 (L3)<>18<>19 Jun<>10:00 am<>Summation and Recurrence Relations,JC JunCC,J1 2026,JC - Math,Ming Liang,Friday,Buona Vista,BV-2 (L3),18,19 Jun (Fri),10:00:00 AM,J1 Math,Summation and Recurrence Relations,6/19/2026,10:00AM - 01:00PM,bit.ly/zenithBV,35 Rochester Dr #02-23 (Rochester Mall) S138639,35 Rochester Dr #02-23 (Rochester Mall) S138639  (Video Guide: bit.ly/zenithBV),Math,Open - Running,[J1 Math] Buona Vista | 19 Jun (Fri) | 10:00AM - 01:00PM | Summation and Recurrence Relations,J1 Math - Buona Vista - 19 Jun Fri 10:00AM,[J1 Math] Buona Vista | 19 Jun (Fri) | 10:00AM - 01:00PM | Summation and Recurrence Relations,0,,6,6,6 / 18,0,6 | 0 | 18,0.00%,J1,JC,MATH,MATH,MATH,Buona Vista,Ming Liang,FALSE,6
JC JunCC<>J1 2026<>JC - Phy<>Duncan<>Tuesday<>Buona Vista<>BV-3 (L2)<>28<>16 Jun<>10:00 am<>Motion & Forces (Part 2) + Collision,JC JunCC,J1 2026,JC - Phy,Duncan,Tuesday,Buona Vista,BV-3 (L2),28,16 Jun (Tue),10:00:00 AM,J1 Physics,Motion & Forces (Part 2) + Collision,6/16/2026,10:00AM - 01:00PM,bit.ly/zenithBV,35 Rochester Dr #02-23 (Rochester Mall) S138639,35 Rochester Dr #02-23 (Rochester Mall) S138639  (Video Guide: bit.ly/zenithBV),Physics,Open - Running,[J1 Physics] Buona Vista | 16 Jun (Tue) | 10:00AM - 01:00PM | Motion & Forces (Part 2) + Collision,J1 Physics - Buona Vista - 16 Jun Tue 10:00AM,[J1 Physics] Buona Vista | 16 Jun (Tue) | 10:00AM - 01:00PM | Motion & Forces (Part 2) + Collision,0,,11,11,11 / 28,0,11 | 0 | 28,0.00%,J1,JC,PHYS,PHYS,PHYS,Buona Vista,Duncan,FALSE,2
"JC JunCC<>J1 2026<>JC - Econs<>Yuan Ping<>Tuesday<>Buona Vista<>BV-3 (L2)<>28<>16 Jun<>1:00 pm<>Market Model: Demand, Supply and Elasticities",JC JunCC,J1 2026,JC - Econs,Yuan Ping,Tuesday,Buona Vista,BV-3 (L2),28,16 Jun (Tue),1:00:00 PM,J1 Economics,"Market Model: Demand, Supply and Elasticities",6/16/2026,01:30PM - 04:30PM,bit.ly/zenithBV,35 Rochester Dr #02-23 (Rochester Mall) S138639,35 Rochester Dr #02-23 (Rochester Mall) S138639  (Video Guide: bit.ly/zenithBV),Economics,Open - Running,"[J1 Economics] Buona Vista | 16 Jun (Tue) | 01:30PM - 04:30PM | Market Model: Demand, Supply and Elasticities",J1 Economics - Buona Vista - 16 Jun Tue 01:30PM,"[J1 Economics] Buona Vista | 16 Jun (Tue) | 01:30PM - 04:30PM | Market Model: Demand, Supply and Elasticities",0,,15,15,15 / 28,0,15 | 0 | 28,0.00%,J1,JC,ECON,ECON,ECON,Buona Vista,Yuan Ping,FALSE,1
JC JunCC<>J1 2026<>JC - Econs<>Yuan Ping<>Wednesday<>Buona Vista<>BV-3 (L2)<>28<>17 Jun<>1:00 pm<>Market Failure and Government Intervention,JC JunCC,J1 2026,JC - Econs,Yuan Ping,Wednesday,Buona Vista,BV-3 (L2),28,17 Jun (Wed),1:00:00 PM,J1 Economics,Market Failure and Government Intervention,6/17/2026,01:30PM - 04:30PM,bit.ly/zenithBV,35 Rochester Dr #02-23 (Rochester Mall) S138639,35 Rochester Dr #02-23 (Rochester Mall) S138639  (Video Guide: bit.ly/zenithBV),Economics,Open - Running,[J1 Economics] Buona Vista | 17 Jun (Wed) | 01:30PM - 04:30PM | Market Failure and Government Intervention,J1 Economics - Buona Vista - 17 Jun Wed 01:30PM,[J1 Economics] Buona Vista | 17 Jun (Wed) | 01:30PM - 04:30PM | Market Failure and Government Intervention,0,,17,17,17 / 28,0,17 | 0 | 28,0.00%,J1,JC,ECON,ECON,ECON,Buona Vista,Yuan Ping,FALSE,0
JC JunCC<>J1 2026<>JC - GP<>Zach<>Thursday<>Buona Vista<>BV-3 (L2)<>28<>18 Jun<>1:00 pm<>Application Question (Singapore Traits and Qualities),JC JunCC,J1 2026,JC - GP,Zach,Thursday,Buona Vista,BV-3 (L2),28,18 Jun (Thu),1:00:00 PM,J1 GP,Application Question (Singapore Traits and Qualities),6/18/2026,01:30PM - 04:30PM,bit.ly/zenithBV,35 Rochester Dr #02-23 (Rochester Mall) S138639,35 Rochester Dr #02-23 (Rochester Mall) S138639  (Video Guide: bit.ly/zenithBV),GP,Open - Running,[J1 GP] Buona Vista | 18 Jun (Thu) | 01:30PM - 04:30PM | Application Question (Singapore Traits and Qualities),J1 GP - Buona Vista - 18 Jun Thu 01:30PM,[J1 GP] Buona Vista | 18 Jun (Thu) | 01:30PM - 04:30PM | Application Question (Singapore Traits and Qualities),0,,24,24,24 / 28,1,24 | 1 | 28,4.17%,J1,JC,GP,GP,GP,Buona Vista,Zach,FALSE,2
JC JunCC<>J1 2026<>JC - Bio<>Phoebe<>Friday<>Buona Vista<>BV-3 (L2)<>28<>19 Jun<>10:00 am<>Gene Expression,JC JunCC,J1 2026,JC - Bio,Phoebe,Friday,Buona Vista,BV-3 (L2),28,19 Jun (Fri),10:00:00 AM,J1 Biology,Gene Expression,6/19/2026,10:00AM - 01:00PM,bit.ly/zenithBV,35 Rochester Dr #02-23 (Rochester Mall) S138639,35 Rochester Dr #02-23 (Rochester Mall) S138639  (Video Guide: bit.ly/zenithBV),Biology,Open - Running,[J1 Biology] Buona Vista | 19 Jun (Fri) | 10:00AM - 01:00PM | Gene Expression,J1 Biology - Buona Vista - 19 Jun Fri 10:00AM,[J1 Biology] Buona Vista | 19 Jun (Fri) | 10:00AM - 01:00PM | Gene Expression,0,,18,18,18 / 28,2,18 | 2 | 28,11.11%,J1,JC,BIO,BIO,BIO,Buona Vista,Phoebe,FALSE,1
JC JunCC<>J1 2026<>JC - GP<>Zach<>Friday<>Buona Vista<>BV-3 (L2)<>28<>19 Jun<>1:00 pm<>Application Question (Singapore Traits and Qualities),JC JunCC,J1 2026,JC - GP,Zach,Friday,Buona Vista,BV-3 (L2),28,19 Jun (Fri),1:00:00 PM,J1 GP,Application Question (Singapore Traits and Qualities),6/19/2026,01:30PM - 04:30PM,bit.ly/zenithBV,35 Rochester Dr #02-23 (Rochester Mall) S138639,35 Rochester Dr #02-23 (Rochester Mall) S138639  (Video Guide: bit.ly/zenithBV),GP,Open - Running,[J1 GP] Buona Vista | 19 Jun (Fri) | 01:30PM - 04:30PM | Application Question (Singapore Traits and Qualities),J1 GP - Buona Vista - 19 Jun Fri 01:30PM,[J1 GP] Buona Vista | 19 Jun (Fri) | 01:30PM - 04:30PM | Application Question (Singapore Traits and Qualities),0,,23,23,23 / 28,0,23 | 0 | 28,0.00%,J1,JC,GP,GP,GP,Buona Vista,Zach,FALSE,1
JC JunCC<>J1 2026<>JC - Econs<>Kevin Heng<>Monday<>Buona Vista<>BV-4 (L2)<>22<>15 Jun<>1:00 pm<>Market Failure and Government Intervention,JC JunCC,J1 2026,JC - Econs,Kevin Heng,Monday,Buona Vista,BV-4 (L2),22,15 Jun (Mon),1:00:00 PM,J1 Economics,Market Failure and Government Intervention,6/15/2026,01:30PM - 04:30PM,bit.ly/zenithBV,35 Rochester Dr #02-23 (Rochester Mall) S138639,35 Rochester Dr #02-23 (Rochester Mall) S138639  (Video Guide: bit.ly/zenithBV),Economics,Closed - Not running,,J1 Economics - Buona Vista - 15 Jun Mon 01:30PM,[J1 Economics] Buona Vista | 15 Jun (Mon) | 01:30PM - 04:30PM | Market Failure and Government Intervention,0,,0,0,0 / 22,0,0 | 0 | 22,0.00%,J1,JC,ECON,ECON,ECON,Buona Vista,Kevin Heng,FALSE,0
JC JunCC<>J1 2026<>JC - Chem<>Xavier<>Thursday<>Tan Kah Kee<>TKK-0<>30<>18 Jun<>10:00 am<>Chem Bonding,JC JunCC,J1 2026,JC - Chem,Xavier,Thursday,Tan Kah Kee,TKK-0,30,18 Jun (Thu),10:00:00 AM,J1 Chemistry,Chem Bonding,6/18/2026,10:00AM - 01:00PM,bit.ly/zenithTKK,"611A Bukit Timah Rd, S269713","611A Bukit Timah Rd, S269713  (Video Guide: bit.ly/zenithTKK)",Chemistry,Open - Running,[J1 Chemistry] Tan Kah Kee | 18 Jun (Thu) | 10:00AM - 01:00PM | Chem Bonding,J1 Chemistry - Tan Kah Kee - 18 Jun Thu 10:00AM,[J1 Chemistry] Tan Kah Kee | 18 Jun (Thu) | 10:00AM - 01:00PM | Chem Bonding,0,,10,10,10 / 30,0,10 | 0 | 30,0.00%,J1,JC,CHEM,CHEM,CHEM,Coro + TKK,Xavier,FALSE,3
JC JunCC<>J1 2026<>JC - Phy<>Enzhao<>Monday<>Tan Kah Kee<>TKK-2<>30<>15 Jun<>10:00 am<>Motion & Forces (Part 2) + Collision,JC JunCC,J1 2026,JC - Phy,Enzhao,Monday,Tan Kah Kee,TKK-2,30,15 Jun (Mon),10:00:00 AM,J1 Physics,Motion & Forces (Part 2) + Collision,6/15/2026,10:00AM - 01:00PM,bit.ly/TKK607,607 Bukit Timah Road #02-01 S269708,607 Bukit Timah Road #02-01 S269708  (Video Guide: bit.ly/TKK607),Physics,Open - Running,[J1 Physics] Tan Kah Kee | 15 Jun (Mon) | 10:00AM - 01:00PM | Motion & Forces (Part 2) + Collision,J1 Physics - Tan Kah Kee - 15 Jun Mon 10:00AM,[J1 Physics] Tan Kah Kee | 15 Jun (Mon) | 10:00AM - 01:00PM | Motion & Forces (Part 2) + Collision,0,,7,7,7 / 30,0,7 | 0 | 30,0.00%,J1,JC,PHYS,PHYS,PHYS,Coro + TKK,Enzhao,FALSE,0
JC JunCC<>J1 2026<>JC - Bio<>Phoebe<>Tuesday<>Tan Kah Kee<>TKK-1<>14<>16 Jun<>1:00 pm<>DNA Replication,JC JunCC,J1 2026,JC - Bio,Phoebe,Tuesday,Tan Kah Kee,TKK-1,14,16 Jun (Tue),1:00:00 PM,J1 Biology,DNA Replication,6/16/2026,01:30PM - 04:30PM,bit.ly/TKK607,607 Bukit Timah Road #02-01 S269708,607 Bukit Timah Road #02-01 S269708  (Video Guide: bit.ly/TKK607),Biology,Open - Running,[J1 Biology] Tan Kah Kee | 16 Jun (Tue) | 01:30PM - 04:30PM | DNA Replication,J1 Biology - Tan Kah Kee - 16 Jun Tue 01:30PM,[J1 Biology] Tan Kah Kee | 16 Jun (Tue) | 01:30PM - 04:30PM | DNA Replication,0,,7,7,7 / 14,0,7 | 0 | 14,0.00%,J1,JC,BIO,BIO,BIO,Coro + TKK,Phoebe,FALSE,1
JC JunCC<>J1 2026<>JC - Phy<>Enzhao<>Thursday<>Tan Kah Kee<>TKK-2<>30<>18 Jun<>10:00 am<>Circular Motion,JC JunCC,J1 2026,JC - Phy,Enzhao,Thursday,Tan Kah Kee,TKK-2,30,18 Jun (Thu),10:00:00 AM,J1 Physics,Circular Motion,6/18/2026,10:00AM - 01:00PM,bit.ly/TKK607,607 Bukit Timah Road #02-01 S269708,607 Bukit Timah Road #02-01 S269708  (Video Guide: bit.ly/TKK607),Physics,Open - Running,[J1 Physics] Tan Kah Kee | 18 Jun (Thu) | 10:00AM - 01:00PM | Circular Motion,J1 Physics - Tan Kah Kee - 18 Jun Thu 10:00AM,[J1 Physics] Tan Kah Kee | 18 Jun (Thu) | 10:00AM - 01:00PM | Circular Motion,0,,3,3,3 / 30,0,3 | 0 | 30,0.00%,J1,JC,PHYS,PHYS,PHYS,Coro + TKK,Enzhao,FALSE,0
JC JunCC<>J1 2026<>JC - GP<>Antonia<>Wednesday<>Tan Kah Kee<>TKK-3<>19<>17 Jun<>10:00 am<>Application Question (Singapore Traits and Qualities),JC JunCC,J1 2026,JC - GP,Antonia,Wednesday,Tan Kah Kee,TKK-3,19,17 Jun (Wed),10:00:00 AM,J1 GP,Application Question (Singapore Traits and Qualities),6/17/2026,10:00AM - 01:00PM,bit.ly/TKK607,607 Bukit Timah Road #02-01 S269708,607 Bukit Timah Road #02-01 S269708  (Video Guide: bit.ly/TKK607),GP,Open - Running,[J1 GP] Tan Kah Kee | 17 Jun (Wed) | 10:00AM - 01:00PM | Application Question (Singapore Traits and Qualities),J1 GP - Tan Kah Kee - 17 Jun Wed 10:00AM,[J1 GP] Tan Kah Kee | 17 Jun (Wed) | 10:00AM - 01:00PM | Application Question (Singapore Traits and Qualities),0,,16,16,16 / 19,0,16 | 0 | 19,0.00%,J1,JC,GP,GP,GP,Coro + TKK,Antonia,FALSE,4
JC JunCC<>J1 2026<>JC - Bio<>Melvin<>Wednesday<>Tan Kah Kee<>CORO-1<>30<>17 Jun<>10:00 am<>Gene Expression,JC JunCC,J1 2026,JC - Bio,Melvin,Wednesday,Tan Kah Kee,CORO-1,30,17 Jun (Wed),10:00:00 AM,J1 Biology,Gene Expression,6/17/2026,10:00AM - 01:00PM,bit.ly/zenithCORO,"587 Bukit Timah Rd, #01-05 Coronation Plaza (Beside KFC) S269707","587 Bukit Timah Rd, #01-05 Coronation Plaza (Beside KFC) S269707  (Video Guide: bit.ly/zenithCORO)",Biology,Open - Running,[J1 Biology] Tan Kah Kee | 17 Jun (Wed) | 10:00AM - 01:00PM | Gene Expression,J1 Biology - Tan Kah Kee - 17 Jun Wed 10:00AM,[J1 Biology] Tan Kah Kee | 17 Jun (Wed) | 10:00AM - 01:00PM | Gene Expression,0,,18,18,18 / 30,0,18 | 0 | 30,0.00%,J1,JC,BIO,BIO,BIO,Coro + TKK,Melvin,FALSE,2
JC JunCC<>J1 2026<>JC - Phy<>Dr. Han Wei<>Wednesday<>Potong Pasir<>PP-4 (L2)<>52<>17 Jun<>1:00 pm<>Circular Motion,JC JunCC,J1 2026,JC - Phy,Dr. Han Wei,Wednesday,Potong Pasir,PP-4 (L2),52,17 Jun (Wed),1:00:00 PM,J1 Physics,Circular Motion,6/17/2026,01:30PM - 04:30PM,bit.ly/zenithPP,25 Tai Thong Crescent (Beside 7-11) S347856,25 Tai Thong Crescent (Beside 7-11) S347856  (Video Guide: bit.ly/zenithPP),Physics,Open - Running,[J1 Physics] Potong Pasir | 17 Jun (Wed) | 01:30PM - 04:30PM | Circular Motion,J1 Physics - Potong Pasir - 17 Jun Wed 01:30PM,[J1 Physics] Potong Pasir | 17 Jun (Wed) | 01:30PM - 04:30PM | Circular Motion,0,,2,2,2 / 52,1,2 | 1 | 52,50.00%,J1,JC,PHYS,PHYS,PHYS,Potong Pasir,Dr. Han Wei,FALSE,2
"JC JunCC<>J1 2026<>JC - Econs<>FY<>Thursday<>Potong Pasir<>PP-4 (L2)<>52<>18 Jun<>1:00 pm<>Market Model: Demand, Supply and Elasticities",JC JunCC,J1 2026,JC - Econs,FY,Thursday,Potong Pasir,PP-4 (L2),52,18 Jun (Thu),1:00:00 PM,J1 Economics,"Market Model: Demand, Supply and Elasticities",6/18/2026,01:30PM - 04:30PM,bit.ly/zenithPP,25 Tai Thong Crescent (Beside 7-11) S347856,25 Tai Thong Crescent (Beside 7-11) S347856  (Video Guide: bit.ly/zenithPP),Economics,Open - Running,"[J1 Economics] Potong Pasir | 18 Jun (Thu) | 01:30PM - 04:30PM | Market Model: Demand, Supply and Elasticities",J1 Economics - Potong Pasir - 18 Jun Thu 01:30PM,"[J1 Economics] Potong Pasir | 18 Jun (Thu) | 01:30PM - 04:30PM | Market Model: Demand, Supply and Elasticities",0,,0,0,0 / 52,0,0 | 0 | 52,0.00%,J1,JC,ECON,ECON,ECON,Potong Pasir,FY,FALSE,2
JC JunCC<>J1 2026<>JC - Econs<>FY<>Friday<>Potong Pasir<>PP-4 (L2)<>52<>19 Jun<>1:00 pm<>Market Failure and Government Intervention,JC JunCC,J1 2026,JC - Econs,FY,Friday,Potong Pasir,PP-4 (L2),52,19 Jun (Fri),1:00:00 PM,J1 Economics,Market Failure and Government Intervention,6/19/2026,01:30PM - 04:30PM,bit.ly/zenithPP,25 Tai Thong Crescent (Beside 7-11) S347856,25 Tai Thong Crescent (Beside 7-11) S347856  (Video Guide: bit.ly/zenithPP),Economics,Open - Running,[J1 Economics] Potong Pasir | 19 Jun (Fri) | 01:30PM - 04:30PM | Market Failure and Government Intervention,J1 Economics - Potong Pasir - 19 Jun Fri 01:30PM,[J1 Economics] Potong Pasir | 19 Jun (Fri) | 01:30PM - 04:30PM | Market Failure and Government Intervention,0,,8,8,8 / 52,0,8 | 0 | 52,0.00%,J1,JC,ECON,ECON,ECON,Potong Pasir,FY,FALSE,0
"JC JunCC<>J1 2026<>JC - Econs<>Fung<>Monday<>Potong Pasir<>PP-3 (L2)<>25<>15 Jun<>10:00 am<>Market Model: Demand, Supply and Elasticities",JC JunCC,J1 2026,JC - Econs,Fung,Monday,Potong Pasir,PP-3 (L2),25,15 Jun (Mon),10:00:00 AM,J1 Economics,"Market Model: Demand, Supply and Elasticities",6/15/2026,10:00AM - 01:00PM,bit.ly/zenithPP,25 Tai Thong Crescent (Beside 7-11) S347856,25 Tai Thong Crescent (Beside 7-11) S347856  (Video Guide: bit.ly/zenithPP),Economics,Open - Running,"[J1 Economics] Potong Pasir | 15 Jun (Mon) | 10:00AM - 01:00PM | Market Model: Demand, Supply and Elasticities",J1 Economics - Potong Pasir - 15 Jun Mon 10:00AM,"[J1 Economics] Potong Pasir | 15 Jun (Mon) | 10:00AM - 01:00PM | Market Model: Demand, Supply and Elasticities",0,,10,10,10 / 25,0,10 | 0 | 25,0.00%,J1,JC,ECON,ECON,ECON,Potong Pasir,Fung,FALSE,1
JC JunCC<>J1 2026<>JC - Phy<>Dr. Han Wei<>Monday<>Potong Pasir<>PP-3 (L2)<>25<>15 Jun<>1:00 pm<>Motion & Forces (Part 2) + Collision,JC JunCC,J1 2026,JC - Phy,Dr. Han Wei,Monday,Potong Pasir,PP-3 (L2),25,15 Jun (Mon),1:00:00 PM,J1 Physics,Motion & Forces (Part 2) + Collision,6/15/2026,01:30PM - 04:30PM,bit.ly/zenithPP,25 Tai Thong Crescent (Beside 7-11) S347856,25 Tai Thong Crescent (Beside 7-11) S347856  (Video Guide: bit.ly/zenithPP),Physics,Open - Running,[J1 Physics] Potong Pasir | 15 Jun (Mon) | 01:30PM - 04:30PM | Motion & Forces (Part 2) + Collision,J1 Physics - Potong Pasir - 15 Jun Mon 01:30PM,[J1 Physics] Potong Pasir | 15 Jun (Mon) | 01:30PM - 04:30PM | Motion & Forces (Part 2) + Collision,0,,8,8,8 / 25,0,8 | 0 | 25,0.00%,J1,JC,PHYS,PHYS,PHYS,Potong Pasir,Dr. Han Wei,FALSE,0
JC JunCC<>J1 2026<>JC - Bio<>Phoebe<>Thursday<>Potong Pasir<>PP-3 (L2)<>25<>18 Jun<>1:00 pm<>DNA Replication,JC JunCC,J1 2026,JC - Bio,Phoebe,Thursday,Potong Pasir,PP-3 (L2),25,18 Jun (Thu),1:00:00 PM,J1 Biology,DNA Replication,6/18/2026,01:30PM - 04:30PM,bit.ly/zenithPP,25 Tai Thong Crescent (Beside 7-11) S347856,25 Tai Thong Crescent (Beside 7-11) S347856  (Video Guide: bit.ly/zenithPP),Biology,Closed - Not running,,J1 Biology - Potong Pasir - 18 Jun Thu 01:30PM,[J1 Biology] Potong Pasir | 18 Jun (Thu) | 01:30PM - 04:30PM | DNA Replication,0,,0,0,0 / 25,0,0 | 0 | 25,0.00%,J1,JC,BIO,BIO,BIO,Potong Pasir,Phoebe,FALSE,0
JC JunCC<>J1 2026<>JC - Chem<>Ryan<>Friday<>Potong Pasir<>PP-3 (L2)<>25<>19 Jun<>10:00 am<>Energetics,JC JunCC,J1 2026,JC - Chem,Ryan,Friday,Potong Pasir,PP-3 (L2),25,19 Jun (Fri),10:00:00 AM,J1 Chemistry,Energetics,6/19/2026,10:00AM - 01:00PM,bit.ly/zenithPP,25 Tai Thong Crescent (Beside 7-11) S347856,25 Tai Thong Crescent (Beside 7-11) S347856  (Video Guide: bit.ly/zenithPP),Chemistry,Open - Running,[J1 Chemistry] Potong Pasir | 19 Jun (Fri) | 10:00AM - 01:00PM | Energetics,J1 Chemistry - Potong Pasir - 19 Jun Fri 10:00AM,[J1 Chemistry] Potong Pasir | 19 Jun (Fri) | 10:00AM - 01:00PM | Energetics,0,,8,8,8 / 25,1,8 | 1 | 25,12.50%,J1,JC,CHEM,CHEM,CHEM,Potong Pasir,Ryan,FALSE,2
JC JunCC<>J1 2026<>JC - Econs<>Fung<>Tuesday<>Potong Pasir<>PP-2 (L1)<>21<>16 Jun<>10:00 am<>Market Failure and Government Intervention,JC JunCC,J1 2026,JC - Econs,Fung,Tuesday,Potong Pasir,PP-2 (L1),21,16 Jun (Tue),10:00:00 AM,J1 Economics,Market Failure and Government Intervention,6/16/2026,10:00AM - 01:00PM,bit.ly/zenithPP,25 Tai Thong Crescent (Beside 7-11) S347856,25 Tai Thong Crescent (Beside 7-11) S347856  (Video Guide: bit.ly/zenithPP),Economics,Open - Running,[J1 Economics] Potong Pasir | 16 Jun (Tue) | 10:00AM - 01:00PM | Market Failure and Government Intervention,J1 Economics - Potong Pasir - 16 Jun Tue 10:00AM,[J1 Economics] Potong Pasir | 16 Jun (Tue) | 10:00AM - 01:00PM | Market Failure and Government Intervention,0,,11,11,11 / 21,0,11 | 0 | 21,0.00%,J1,JC,ECON,ECON,ECON,Potong Pasir,Fung,FALSE,0
JC JunCC<>J1 2026<>JC - Phy<>Aznikah<>Wednesday<>Paya Lebar<>KINEX-1<>24<>17 Jun<>10:00 am<>Circular Motion,JC JunCC,J1 2026,JC - Phy,Aznikah,Wednesday,Paya Lebar,KINEX-1,24,17 Jun (Wed),10:00:00 AM,J1 Physics,Circular Motion,6/17/2026,10:00AM - 01:00PM,bit.ly/zenithKINEX,11 Tanjong Katong Rd #02-09 (KINEX Mall) S437157,11 Tanjong Katong Rd #02-09 (KINEX Mall) S437157  (Video Guide: bit.ly/zenithKINEX),Physics,Closed - Not running,,J1 Physics - Paya Lebar - 17 Jun Wed 10:00AM,[J1 Physics] Paya Lebar | 17 Jun (Wed) | 10:00AM - 01:00PM | Circular Motion,0,,0,0,0 / 24,0,0 | 0 | 24,0.00%,J1,JC,PHYS,PHYS,PHYS,Kinex,Aznikah,FALSE,0
JC JunCC<>J1 2026<>JC - Econs<>Caleb<>Tuesday<>Paya Lebar<>KINEX-2<>30<>16 Jun<>1:00 pm<>Market Failure and Government Intervention,JC JunCC,J1 2026,JC - Econs,Caleb,Tuesday,Paya Lebar,KINEX-2,30,16 Jun (Tue),1:00:00 PM,J1 Economics,Market Failure and Government Intervention,6/16/2026,01:30PM - 04:30PM,bit.ly/zenithKINEX,11 Tanjong Katong Rd #02-09 (KINEX Mall) S437157,11 Tanjong Katong Rd #02-09 (KINEX Mall) S437157  (Video Guide: bit.ly/zenithKINEX),Economics,Open - Running,[J1 Economics] Paya Lebar | 16 Jun (Tue) | 01:30PM - 04:30PM | Market Failure and Government Intervention,J1 Economics - Paya Lebar - 16 Jun Tue 01:30PM,[J1 Economics] Paya Lebar | 16 Jun (Tue) | 01:30PM - 04:30PM | Market Failure and Government Intervention,0,,29,29,29 / 30,0,29 | 0 | 30,0.00%,J1,JC,ECON,ECON,ECON,Kinex,Caleb,FALSE,1
JC JunCC<>J1 2026<>JC - Econs<>Caleb<>Wednesday<>Paya Lebar<>KINEX-2<>30<>17 Jun<>1:00 pm<>Market Failure and Government Intervention,JC JunCC,J1 2026,JC - Econs,Caleb,Wednesday,Paya Lebar,KINEX-2,30,17 Jun (Wed),1:00:00 PM,J1 Economics,Market Failure and Government Intervention,6/17/2026,01:30PM - 04:30PM,bit.ly/zenithKINEX,11 Tanjong Katong Rd #02-09 (KINEX Mall) S437157,11 Tanjong Katong Rd #02-09 (KINEX Mall) S437157  (Video Guide: bit.ly/zenithKINEX),Economics,Closed - Not running,,J1 Economics - Paya Lebar - 17 Jun Wed 01:30PM,[J1 Economics] Paya Lebar | 17 Jun (Wed) | 01:30PM - 04:30PM | Market Failure and Government Intervention,0,,0,0,0 / 30,0,0 | 0 | 30,0.00%,J1,JC,ECON,ECON,ECON,Kinex,Caleb,FALSE,0
JC JunCC<>J1 2026<>JC - Bio<>Josh<>Thursday<>Paya Lebar<>KINEX-2<>30<>18 Jun<>1:00 pm<>Gene Expression,JC JunCC,J1 2026,JC - Bio,Josh,Thursday,Paya Lebar,KINEX-2,30,18 Jun (Thu),1:00:00 PM,J1 Biology,Gene Expression,6/18/2026,01:30PM - 04:30PM,bit.ly/zenithKINEX,11 Tanjong Katong Rd #02-09 (KINEX Mall) S437157,11 Tanjong Katong Rd #02-09 (KINEX Mall) S437157  (Video Guide: bit.ly/zenithKINEX),Biology,Open - Running,[J1 Biology] Paya Lebar | 18 Jun (Thu) | 01:30PM - 04:30PM | Gene Expression,J1 Biology - Paya Lebar - 18 Jun Thu 01:30PM,[J1 Biology] Paya Lebar | 18 Jun (Thu) | 01:30PM - 04:30PM | Gene Expression,0,,11,11,11 / 30,0,11 | 0 | 30,0.00%,J1,JC,BIO,BIO,BIO,Kinex,Josh,FALSE,1
JC JunCC<>J1 2026<>JC - Phy<>Duncan<>Monday<>Paya Lebar<>KINEX-4<>30<>15 Jun<>1:00 pm<>Motion & Forces (Part 2) + Collision,JC JunCC,J1 2026,JC - Phy,Duncan,Monday,Paya Lebar,KINEX-4,30,15 Jun (Mon),1:00:00 PM,J1 Physics,Motion & Forces (Part 2) + Collision,6/15/2026,01:30PM - 04:30PM,bit.ly/zenithKINEX,11 Tanjong Katong Rd #02-09 (KINEX Mall) S437157,11 Tanjong Katong Rd #02-09 (KINEX Mall) S437157  (Video Guide: bit.ly/zenithKINEX),Physics,Open - Running,[J1 Physics] Paya Lebar | 15 Jun (Mon) | 01:30PM - 04:30PM | Motion & Forces (Part 2) + Collision,J1 Physics - Paya Lebar - 15 Jun Mon 01:30PM,[J1 Physics] Paya Lebar | 15 Jun (Mon) | 01:30PM - 04:30PM | Motion & Forces (Part 2) + Collision,0,,17,17,17 / 30,0,17 | 0 | 30,0.00%,J1,JC,PHYS,PHYS,PHYS,Kinex,Duncan,FALSE,2
JC JunCC<>J1 2026<>JC - Bio<>Josh<>Tuesday<>Paya Lebar<>KINEX-5<>22<>16 Jun<>1:00 pm<>DNA Replication,JC JunCC,J1 2026,JC - Bio,Josh,Tuesday,Paya Lebar,KINEX-5,22,16 Jun (Tue),1:00:00 PM,J1 Biology,DNA Replication,6/16/2026,01:30PM - 04:30PM,bit.ly/zenithKINEX,11 Tanjong Katong Rd #02-09 (KINEX Mall) S437157,11 Tanjong Katong Rd #02-09 (KINEX Mall) S437157  (Video Guide: bit.ly/zenithKINEX),Biology,Open - Running,[J1 Biology] Paya Lebar | 16 Jun (Tue) | 01:30PM - 04:30PM | DNA Replication,J1 Biology - Paya Lebar - 16 Jun Tue 01:30PM,[J1 Biology] Paya Lebar | 16 Jun (Tue) | 01:30PM - 04:30PM | DNA Replication,0,,10,10,10 / 22,0,10 | 0 | 22,0.00%,J1,JC,BIO,BIO,BIO,Kinex,Josh,FALSE,3
JC JunCC<>J1 2026<>JC - Bio<>Derek<>Monday<>Marymount<>MM-1<>28<>15 Jun<>1:00 pm<>DNA Replication,JC JunCC,J1 2026,JC - Bio,Derek,Monday,Marymount,MM-1,28,15 Jun (Mon),1:00:00 PM,J1 Biology,DNA Replication,6/15/2026,01:30PM - 04:30PM,bit.ly/zenithMM,183 Upper Thomson Road B1-05 (Longhaus) S574429,183 Upper Thomson Road B1-05 (Longhaus) S574429  (Video Guide: bit.ly/zenithMM),Biology,Closed - Not running,,J1 Biology - Marymount - 15 Jun Mon 01:30PM,[J1 Biology] Marymount | 15 Jun (Mon) | 01:30PM - 04:30PM | DNA Replication,0,,0,0,0 / 28,0,0 | 0 | 28,0.00%,J1,JC,BIO,BIO,BIO,Marymount,Derek,FALSE,0
JC JunCC<>J1 2026<>JC - Chem<>Jia Yi<>Friday<>Marymount<>MM-1<>28<>19 Jun<>1:00 pm<>Energetics,JC JunCC,J1 2026,JC - Chem,Jia Yi,Friday,Marymount,MM-1,28,19 Jun (Fri),1:00:00 PM,J1 Chemistry,Energetics,6/19/2026,01:30PM - 04:30PM,bit.ly/zenithMM,183 Upper Thomson Road B1-05 (Longhaus) S574429,183 Upper Thomson Road B1-05 (Longhaus) S574429  (Video Guide: bit.ly/zenithMM),Chemistry,Open - Running,[J1 Chemistry] Marymount | 19 Jun (Fri) | 01:30PM - 04:30PM | Energetics,J1 Chemistry - Marymount - 19 Jun Fri 01:30PM,[J1 Chemistry] Marymount | 19 Jun (Fri) | 01:30PM - 04:30PM | Energetics,0,,9,9,9 / 28,0,9 | 0 | 28,0.00%,J1,JC,CHEM,CHEM,CHEM,Marymount,Jia Yi,FALSE,1
JC JunCC<>J1 2026<>JC - Phy<>Aznikah<>Monday<>Marymount<>MM-2<>27<>15 Jun<>1:00 pm<>Circular Motion,JC JunCC,J1 2026,JC - Phy,Aznikah,Monday,Marymount,MM-2,27,15 Jun (Mon),1:00:00 PM,J1 Physics,Circular Motion,6/15/2026,01:30PM - 04:30PM,bit.ly/zenithMM,183 Upper Thomson Road B1-05 (Longhaus) S574429,183 Upper Thomson Road B1-05 (Longhaus) S574429  (Video Guide: bit.ly/zenithMM),Physics,Open - Running,[J1 Physics] Marymount | 15 Jun (Mon) | 01:30PM - 04:30PM | Circular Motion,J1 Physics - Marymount - 15 Jun Mon 01:30PM,[J1 Physics] Marymount | 15 Jun (Mon) | 01:30PM - 04:30PM | Circular Motion,0,,3,3,3 / 27,0,3 | 0 | 27,0.00%,J1,JC,PHYS,PHYS,PHYS,Marymount,Aznikah,FALSE,0
JC JunCC<>J1 2026<>JC - Bio<>Melvin<>Thursday<>Marymount<>MM-2<>27<>18 Jun<>10:00 am<>DNA Replication,JC JunCC,J1 2026,JC - Bio,Melvin,Thursday,Marymount,MM-2,27,18 Jun (Thu),10:00:00 AM,J1 Biology,DNA Replication,6/18/2026,10:00AM - 01:00PM,bit.ly/zenithMM,183 Upper Thomson Road B1-05 (Longhaus) S574429,183 Upper Thomson Road B1-05 (Longhaus) S574429  (Video Guide: bit.ly/zenithMM),Biology,Open - Running,[J1 Biology] Marymount | 18 Jun (Thu) | 10:00AM - 01:00PM | DNA Replication,J1 Biology - Marymount - 18 Jun Thu 10:00AM,[J1 Biology] Marymount | 18 Jun (Thu) | 10:00AM - 01:00PM | DNA Replication,0,,3,3,3 / 27,0,3 | 0 | 27,0.00%,J1,JC,BIO,BIO,BIO,Marymount,Melvin,FALSE,1
JC JunCC<>J1 2026<>JC - Math<>Chuan Li<>Monday<>Tampines<>TP-1 (main)<>28<>15 Jun<>1:00 pm<>APGP,JC JunCC,J1 2026,JC - Math,Chuan Li,Monday,Tampines,TP-1 (main),28,15 Jun (Mon),1:00:00 PM,J1 Math,APGP,6/15/2026,01:30PM - 04:30PM,bit.ly/zenithTP,1 Tampines Central #08-10 (CPF Building) SS529508,1 Tampines Central #08-10 (CPF Building) SS529508  (Video Guide: bit.ly/zenithTP),Math,Closed - Not running,,J1 Math - Tampines - 15 Jun Mon 01:30PM,[J1 Math] Tampines | 15 Jun (Mon) | 01:30PM - 04:30PM | APGP,0,,0,0,0 / 28,0,0 | 0 | 28,0.00%,J1,JC,MATH,MATH,MATH,Tampines,Chuan Li,FALSE,1
JC JunCC<>J1 2026<>JC - Bio<>Derek<>Tuesday<>Tampines<>TP-1 (main)<>28<>16 Jun<>10:00 am<>Gene Expression,JC JunCC,J1 2026,JC - Bio,Derek,Tuesday,Tampines,TP-1 (main),28,16 Jun (Tue),10:00:00 AM,J1 Biology,Gene Expression,6/16/2026,10:00AM - 01:00PM,bit.ly/zenithTP,1 Tampines Central #08-10 (CPF Building) SS529508,1 Tampines Central #08-10 (CPF Building) SS529508  (Video Guide: bit.ly/zenithTP),Biology,Open - Running,[J1 Biology] Tampines | 16 Jun (Tue) | 10:00AM - 01:00PM | Gene Expression,J1 Biology - Tampines - 16 Jun Tue 10:00AM,[J1 Biology] Tampines | 16 Jun (Tue) | 10:00AM - 01:00PM | Gene Expression,0,,18,18,18 / 28,0,18 | 0 | 28,0.00%,J1,JC,BIO,BIO,BIO,Tampines,Derek,FALSE,1
JC JunCC<>J1 2026<>JC - Math<>Chuan Li<>Tuesday<>Tampines<>TP-1 (main)<>28<>16 Jun<>1:00 pm<>Vectors 1,JC JunCC,J1 2026,JC - Math,Chuan Li,Tuesday,Tampines,TP-1 (main),28,16 Jun (Tue),1:00:00 PM,J1 Math,Vectors 1,6/16/2026,01:30PM - 04:30PM,bit.ly/zenithTP,1 Tampines Central #08-10 (CPF Building) SS529508,1 Tampines Central #08-10 (CPF Building) SS529508  (Video Guide: bit.ly/zenithTP),Math,Closed - Not running,,J1 Math - Tampines - 16 Jun Tue 01:30PM,[J1 Math] Tampines | 16 Jun (Tue) | 01:30PM - 04:30PM | Vectors 1,0,,0,0,0 / 28,0,0 | 0 | 28,0.00%,J1,JC,MATH,MATH,MATH,Tampines,Chuan Li,FALSE,0
JC JunCC<>J1 2026<>JC - Bio<>Derek<>Wednesday<>Tampines<>TP-1 (main)<>28<>17 Jun<>10:00 am<>DNA Replication,JC JunCC,J1 2026,JC - Bio,Derek,Wednesday,Tampines,TP-1 (main),28,17 Jun (Wed),10:00:00 AM,J1 Biology,DNA Replication,6/17/2026,10:00AM - 01:00PM,bit.ly/zenithTP,1 Tampines Central #08-10 (CPF Building) SS529508,1 Tampines Central #08-10 (CPF Building) SS529508  (Video Guide: bit.ly/zenithTP),Biology,Open - Running,[J1 Biology] Tampines | 17 Jun (Wed) | 10:00AM - 01:00PM | DNA Replication,J1 Biology - Tampines - 17 Jun Wed 10:00AM,[J1 Biology] Tampines | 17 Jun (Wed) | 10:00AM - 01:00PM | DNA Replication,0,,14,14,14 / 28,1,14 | 1 | 28,7.14%,J1,JC,BIO,BIO,BIO,Tampines,Derek,FALSE,0
JC JunCC<>J1 2026<>JC - Phy<>Dr. Han Wei<>Tuesday<>Tampines<>TP-3 (main)<>20<>16 Jun<>10:00 am<>Motion & Forces (Part 2) + Collision,JC JunCC,J1 2026,JC - Phy,Dr. Han Wei,Tuesday,Tampines,TP-3 (main),20,16 Jun (Tue),10:00:00 AM,J1 Physics,Motion & Forces (Part 2) + Collision,6/16/2026,10:00AM - 01:00PM,bit.ly/zenithTP,1 Tampines Central #08-10 (CPF Building) SS529508,1 Tampines Central #08-10 (CPF Building) SS529508  (Video Guide: bit.ly/zenithTP),Physics,Open - Running,[J1 Physics] Tampines | 16 Jun (Tue) | 10:00AM - 01:00PM | Motion & Forces (Part 2) + Collision,J1 Physics - Tampines - 16 Jun Tue 10:00AM,[J1 Physics] Tampines | 16 Jun (Tue) | 10:00AM - 01:00PM | Motion & Forces (Part 2) + Collision,0,,10,10,10 / 20,0,10 | 0 | 20,0.00%,J1,JC,PHYS,PHYS,PHYS,Tampines,Dr. Han Wei,FALSE,5
JC JunCC<>J1 2026<>JC - Econs<>Justin<>Tuesday<>Tampines<>TP-1 (main)<>28<>16 Jun<>1:00 pm<>Market Failure and Government Intervention,JC JunCC,J1 2026,JC - Econs,Justin,Tuesday,Tampines,TP-1 (main),28,16 Jun (Tue),1:00:00 PM,J1 Economics,Market Failure and Government Intervention,6/16/2026,01:30PM - 04:30PM,bit.ly/zenithTP,1 Tampines Central #08-10 (CPF Building) SS529508,1 Tampines Central #08-10 (CPF Building) SS529508  (Video Guide: bit.ly/zenithTP),Economics,Open - Running,[J1 Economics] Tampines | 16 Jun (Tue) | 01:30PM - 04:30PM | Market Failure and Government Intervention,J1 Economics - Tampines - 16 Jun Tue 01:30PM,[J1 Economics] Tampines | 16 Jun (Tue) | 01:30PM - 04:30PM | Market Failure and Government Intervention,0,,22,22,22 / 28,0,22 | 0 | 28,0.00%,J1,JC,ECON,ECON,ECON,Tampines,Justin,FALSE,0
JC JunCC<>J1 2026<>JC - GP<>Jaymi<>Monday<>Tampines<>TP-4 (ext)<>35<>15 Jun<>10:00 am<>Application Question (Singapore Traits and Qualities),JC JunCC,J1 2026,JC - GP,Jaymi,Monday,Tampines,TP-4 (ext),35,15 Jun (Mon),10:00:00 AM,J1 GP,Application Question (Singapore Traits and Qualities),6/15/2026,10:00AM - 01:00PM,bit.ly/zenithTP,1 Tampines Central #08-10 (CPF Building) SS529508,1 Tampines Central #08-10 (CPF Building) SS529508  (Video Guide: bit.ly/zenithTP),GP,Closed - Running,,J1 GP - Tampines - 15 Jun Mon 10:00AM,[J1 GP] Tampines | 15 Jun (Mon) | 10:00AM - 01:00PM | Application Question (Singapore Traits and Qualities),0,,40,40,40 / 35,0,40 | 0 | 35,0.00%,J1,JC,GP,GP,GP,Tampines,Jaymi,TRUE,1
"JC JunCC<>J1 2026<>JC - Econs<>Justin<>Monday<>Tampines<>TP-4 (ext)<>35<>15 Jun<>1:00 pm<>Market Model: Demand, Supply and Elasticities",JC JunCC,J1 2026,JC - Econs,Justin,Monday,Tampines,TP-4 (ext),35,15 Jun (Mon),1:00:00 PM,J1 Economics,"Market Model: Demand, Supply and Elasticities",6/15/2026,01:30PM - 04:30PM,bit.ly/zenithTP,1 Tampines Central #08-10 (CPF Building) SS529508,1 Tampines Central #08-10 (CPF Building) SS529508  (Video Guide: bit.ly/zenithTP),Economics,Open - Running,"[J1 Economics] Tampines | 15 Jun (Mon) | 01:30PM - 04:30PM | Market Model: Demand, Supply and Elasticities",J1 Economics - Tampines - 15 Jun Mon 01:30PM,"[J1 Economics] Tampines | 15 Jun (Mon) | 01:30PM - 04:30PM | Market Model: Demand, Supply and Elasticities",0,,22,22,22 / 35,0,22 | 0 | 35,0.00%,J1,JC,ECON,ECON,ECON,Tampines,Justin,FALSE,0
JC JunCC<>J1 2026<>JC - GP<>Jaymi<>Wednesday<>Tampines<>TP-4 (ext)<>35<>17 Jun<>1:00 pm<>Application Question (Singapore Traits and Qualities),JC JunCC,J1 2026,JC - GP,Jaymi,Wednesday,Tampines,TP-4 (ext),35,17 Jun (Wed),1:00:00 PM,J1 GP,Application Question (Singapore Traits and Qualities),6/17/2026,01:30PM - 04:30PM,bit.ly/zenithTP,1 Tampines Central #08-10 (CPF Building) SS529508,1 Tampines Central #08-10 (CPF Building) SS529508  (Video Guide: bit.ly/zenithTP),GP,Closed - Running,,J1 GP - Tampines - 17 Jun Wed 01:30PM,[J1 GP] Tampines | 17 Jun (Wed) | 01:30PM - 04:30PM | Application Question (Singapore Traits and Qualities),0,,38,38,38 / 35,0,38 | 0 | 35,0.00%,J1,JC,GP,GP,GP,Tampines,Jaymi,FALSE,3
JC JunCC<>J1 2026<>JC - Phy<>Dr. Han Wei<>Thursday<>Tampines<>TP-4 (ext)<>35<>18 Jun<>1:00 pm<>Circular Motion,JC JunCC,J1 2026,JC - Phy,Dr. Han Wei,Thursday,Tampines,TP-4 (ext),35,18 Jun (Thu),1:00:00 PM,J1 Physics,Circular Motion,6/18/2026,01:30PM - 04:30PM,bit.ly/zenithTP,1 Tampines Central #08-10 (CPF Building) SS529508,1 Tampines Central #08-10 (CPF Building) SS529508  (Video Guide: bit.ly/zenithTP),Physics,Open - Running,[J1 Physics] Tampines | 18 Jun (Thu) | 01:30PM - 04:30PM | Circular Motion,J1 Physics - Tampines - 18 Jun Thu 01:30PM,[J1 Physics] Tampines | 18 Jun (Thu) | 01:30PM - 04:30PM | Circular Motion,0,,9,9,9 / 35,0,9 | 0 | 35,0.00%,J1,JC,PHYS,PHYS,PHYS,Tampines,Dr. Han Wei,FALSE,4
"JC JunCC<>J1 2026<>JC - Econs<>Justin<>Friday<>Tampines<>TP-4 (ext)<>35<>19 Jun<>10:00 am<>Market Model: Demand, Supply and Elasticities",JC JunCC,J1 2026,JC - Econs,Justin,Friday,Tampines,TP-4 (ext),35,19 Jun (Fri),10:00:00 AM,J1 Economics,"Market Model: Demand, Supply and Elasticities",6/19/2026,10:00AM - 01:00PM,bit.ly/zenithTP,1 Tampines Central #08-10 (CPF Building) SS529508,1 Tampines Central #08-10 (CPF Building) SS529508  (Video Guide: bit.ly/zenithTP),Economics,Open - Running,"[J1 Economics] Tampines | 19 Jun (Fri) | 10:00AM - 01:00PM | Market Model: Demand, Supply and Elasticities",J1 Economics - Tampines - 19 Jun Fri 10:00AM,"[J1 Economics] Tampines | 19 Jun (Fri) | 10:00AM - 01:00PM | Market Model: Demand, Supply and Elasticities",0,,6,6,6 / 35,0,6 | 0 | 35,0.00%,J1,JC,ECON,ECON,ECON,Tampines,Justin,FALSE,0
"JC JunCC<>J1 2026<>JC - Econs<>Fung<>Friday<>Bishan<>BS-2<>29<>19 Jun<>10:00 am<>Market Model: Demand, Supply and Elasticities",JC JunCC,J1 2026,JC - Econs,Fung,Friday,Bishan,BS-2,29,19 Jun (Fri),10:00:00 AM,J1 Economics,"Market Model: Demand, Supply and Elasticities",6/19/2026,10:00AM - 01:00PM,bit.ly/zenithBISHAN,51 Bishan Street 13 #03-01 (Bishan CC) S579799,51 Bishan Street 13 #03-01 (Bishan CC) S579799  (Video Guide: bit.ly/zenithBISHAN),Economics,Open - Running,"[J1 Economics] Bishan | 19 Jun (Fri) | 10:00AM - 01:00PM | Market Model: Demand, Supply and Elasticities",J1 Economics - Bishan - 19 Jun Fri 10:00AM,"[J1 Economics] Bishan | 19 Jun (Fri) | 10:00AM - 01:00PM | Market Model: Demand, Supply and Elasticities",0,,8,8,8 / 29,0,8 | 0 | 29,0.00%,J1,JC,ECON,ECON,ECON,Bishan CC,Fung,FALSE,1
JC JunCC<>J1 2026<>JC - Phy<>Joshua<>Thursday<>Bishan<>BS-2<>29<>18 Jun<>1:00 pm<>Circular Motion,JC JunCC,J1 2026,JC - Phy,Joshua,Thursday,Bishan,BS-2,29,18 Jun (Thu),1:00:00 PM,J1 Physics,Circular Motion,6/18/2026,01:30PM - 04:30PM,bit.ly/zenithBISHAN,51 Bishan Street 13 #03-01 (Bishan CC) S579799,51 Bishan Street 13 #03-01 (Bishan CC) S579799  (Video Guide: bit.ly/zenithBISHAN),Physics,Open - Running,[J1 Physics] Bishan | 18 Jun (Thu) | 01:30PM - 04:30PM | Circular Motion,J1 Physics - Bishan - 18 Jun Thu 01:30PM,[J1 Physics] Bishan | 18 Jun (Thu) | 01:30PM - 04:30PM | Circular Motion,0,,8,8,8 / 29,0,8 | 0 | 29,0.00%,J1,JC,PHYS,PHYS,PHYS,Bishan CC,Joshua,FALSE,7
JC JunCC<>J1 2026<>JC - Phy<>Joshua<>Friday<>Bishan<>BS-4<>15<>19 Jun<>1:00 pm<>Circular Motion,JC JunCC,J1 2026,JC - Phy,Joshua,Friday,Bishan,BS-4,15,19 Jun (Fri),1:00:00 PM,J1 Physics,Circular Motion,6/19/2026,01:30PM - 04:30PM,bit.ly/zenithBISHAN,51 Bishan Street 13 #03-01 (Bishan CC) S579799,51 Bishan Street 13 #03-01 (Bishan CC) S579799  (Video Guide: bit.ly/zenithBISHAN),Physics,Open - Running,[J1 Physics] Bishan | 19 Jun (Fri) | 01:30PM - 04:30PM | Circular Motion,J1 Physics - Bishan - 19 Jun Fri 01:30PM,[J1 Physics] Bishan | 19 Jun (Fri) | 01:30PM - 04:30PM | Circular Motion,0,,5,5,5 / 15,0,5 | 0 | 15,0.00%,J1,JC,PHYS,PHYS,PHYS,Bishan CC,Joshua,FALSE,5
JC JunCC<>J1 2026<>JC - Bio<>Melvin<>Monday<>Bukit Panjang<>BP-1<>24<>15 Jun<>1:00 pm<>Gene Expression,JC JunCC,J1 2026,JC - Bio,Melvin,Monday,Bukit Panjang,BP-1,24,15 Jun (Mon),1:00:00 PM,J1 Biology,Gene Expression,6/15/2026,01:30PM - 04:30PM,bit.ly/zenithBP,1 Woodlands Road #01-10 (Junction10) S677899,1 Woodlands Road #01-10 (Junction10) S677899  (Video Guide: bit.ly/zenithBP),Biology,Open - Running,[J1 Biology] Bukit Panjang | 15 Jun (Mon) | 01:30PM - 04:30PM | Gene Expression,J1 Biology - Bukit Panjang - 15 Jun Mon 01:30PM,[J1 Biology] Bukit Panjang | 15 Jun (Mon) | 01:30PM - 04:30PM | Gene Expression,0,,3,3,3 / 24,0,3 | 0 | 24,0.00%,J1,JC,BIO,BIO,BIO,Bukit Panjang,Melvin,FALSE,0
JC JunCC<>J1 2026<>JC - Phy<>Enzhao<>Tuesday<>Bukit Panjang<>BP-1<>24<>16 Jun<>10:00 am<>Circular Motion,JC JunCC,J1 2026,JC - Phy,Enzhao,Tuesday,Bukit Panjang,BP-1,24,16 Jun (Tue),10:00:00 AM,J1 Physics,Circular Motion,6/16/2026,10:00AM - 01:00PM,bit.ly/zenithBP,1 Woodlands Road #01-10 (Junction10) S677899,1 Woodlands Road #01-10 (Junction10) S677899  (Video Guide: bit.ly/zenithBP),Physics,Open - Running,[J1 Physics] Bukit Panjang | 16 Jun (Tue) | 10:00AM - 01:00PM | Circular Motion,J1 Physics - Bukit Panjang - 16 Jun Tue 10:00AM,[J1 Physics] Bukit Panjang | 16 Jun (Tue) | 10:00AM - 01:00PM | Circular Motion,0,,4,4,4 / 24,1,4 | 1 | 24,25.00%,J1,JC,PHYS,PHYS,PHYS,Bukit Panjang,Enzhao,FALSE,0
"JC JunCC<>J1 2026<>JC - Econs<>Lay Chun<>Tuesday<>Bukit Panjang<>BP-1<>24<>16 Jun<>1:00 pm<>Market Model: Demand, Supply and Elasticities",JC JunCC,J1 2026,JC - Econs,Lay Chun,Tuesday,Bukit Panjang,BP-1,24,16 Jun (Tue),1:00:00 PM,J1 Economics,"Market Model: Demand, Supply and Elasticities",6/16/2026,01:30PM - 04:30PM,bit.ly/zenithBP,1 Woodlands Road #01-10 (Junction10) S677899,1 Woodlands Road #01-10 (Junction10) S677899  (Video Guide: bit.ly/zenithBP),Economics,Closed - Not running,,J1 Economics - Bukit Panjang - 16 Jun Tue 01:30PM,"[J1 Economics] Bukit Panjang | 16 Jun (Tue) | 01:30PM - 04:30PM | Market Model: Demand, Supply and Elasticities",0,,0,0,0 / 24,0,0 | 0 | 24,0.00%,J1,JC,ECON,ECON,ECON,Bukit Panjang,Lay Chun,FALSE,0
JC JunCC<>J1 2026<>JC - Econs<>Lay Chun<>Thursday<>Bukit Panjang<>BP-1<>24<>18 Jun<>1:00 pm<>Market Failure and Government Intervention,JC JunCC,J1 2026,JC - Econs,Lay Chun,Thursday,Bukit Panjang,BP-1,24,18 Jun (Thu),1:00:00 PM,J1 Economics,Market Failure and Government Intervention,6/18/2026,01:30PM - 04:30PM,bit.ly/zenithBP,1 Woodlands Road #01-10 (Junction10) S677899,1 Woodlands Road #01-10 (Junction10) S677899  (Video Guide: bit.ly/zenithBP),Economics,Open - Running,[J1 Economics] Bukit Panjang | 18 Jun (Thu) | 01:30PM - 04:30PM | Market Failure and Government Intervention,J1 Economics - Bukit Panjang - 18 Jun Thu 01:30PM,[J1 Economics] Bukit Panjang | 18 Jun (Thu) | 01:30PM - 04:30PM | Market Failure and Government Intervention,0,,6,6,6 / 24,0,6 | 0 | 24,0.00%,J1,JC,ECON,ECON,ECON,Bukit Panjang,Lay Chun,FALSE,4
JC JunCC<>J1 2026<>JC - Phy<>Enzhao<>Friday<>Bukit Panjang<>BP-1<>24<>19 Jun<>10:00 am<>Motion & Forces (Part 2) + Collision,JC JunCC,J1 2026,JC - Phy,Enzhao,Friday,Bukit Panjang,BP-1,24,19 Jun (Fri),10:00:00 AM,J1 Physics,Motion & Forces (Part 2) + Collision,6/19/2026,10:00AM - 01:00PM,bit.ly/zenithBP,1 Woodlands Road #01-10 (Junction10) S677899,1 Woodlands Road #01-10 (Junction10) S677899  (Video Guide: bit.ly/zenithBP),Physics,Open - Running,[J1 Physics] Bukit Panjang | 19 Jun (Fri) | 10:00AM - 01:00PM | Motion & Forces (Part 2) + Collision,J1 Physics - Bukit Panjang - 19 Jun Fri 10:00AM,[J1 Physics] Bukit Panjang | 19 Jun (Fri) | 10:00AM - 01:00PM | Motion & Forces (Part 2) + Collision,0,,2,2,2 / 24,0,2 | 0 | 24,0.00%,J1,JC,PHYS,PHYS,PHYS,Bukit Panjang,Enzhao,FALSE,0
JC JunCC<>J1 2026<>JC - Econs<>Lay Chun<>Friday<>Bukit Panjang<>BP-1<>24<>19 Jun<>1:00 pm<>Market Failure and Government Intervention,JC JunCC,J1 2026,JC - Econs,Lay Chun,Friday,Bukit Panjang,BP-1,24,19 Jun (Fri),1:00:00 PM,J1 Economics,Market Failure and Government Intervention,6/19/2026,01:30PM - 04:30PM,bit.ly/zenithBP,1 Woodlands Road #01-10 (Junction10) S677899,1 Woodlands Road #01-10 (Junction10) S677899  (Video Guide: bit.ly/zenithBP),Economics,Open - Running,[J1 Economics] Bukit Panjang | 19 Jun (Fri) | 01:30PM - 04:30PM | Market Failure and Government Intervention,J1 Economics - Bukit Panjang - 19 Jun Fri 01:30PM,[J1 Economics] Bukit Panjang | 19 Jun (Fri) | 01:30PM - 04:30PM | Market Failure and Government Intervention,0,,3,3,3 / 24,0,3 | 0 | 24,0.00%,J1,JC,ECON,ECON,ECON,Bukit Panjang,Lay Chun,FALSE,0
JC JunCC<>J1 2026<>JC - Econs<>Lay Chun<>Monday<>Bukit Panjang<>BP-3<>19<>15 Jun<>1:00 pm<>Market Failure and Government Intervention,JC JunCC,J1 2026,JC - Econs,Lay Chun,Monday,Bukit Panjang,BP-3,19,15 Jun (Mon),1:00:00 PM,J1 Economics,Market Failure and Government Intervention,6/15/2026,01:30PM - 04:30PM,bit.ly/zenithBP,1 Woodlands Road #01-10 (Junction10) S677899,1 Woodlands Road #01-10 (Junction10) S677899  (Video Guide: bit.ly/zenithBP),Economics,Open - Running,[J1 Economics] Bukit Panjang | 15 Jun (Mon) | 01:30PM - 04:30PM | Market Failure and Government Intervention,J1 Economics - Bukit Panjang - 15 Jun Mon 01:30PM,[J1 Economics] Bukit Panjang | 15 Jun (Mon) | 01:30PM - 04:30PM | Market Failure and Government Intervention,0,,11,11,11 / 19,0,11 | 0 | 19,0.00%,J1,JC,ECON,ECON,ECON,Bukit Panjang,Lay Chun,FALSE,2
"JC JunCC<>J1 2026<>JC - Econs<>Lay Chun<>Wednesday<>Bukit Panjang<>BP-3<>19<>17 Jun<>10:00 am<>Market Model: Demand, Supply and Elasticities",JC JunCC,J1 2026,JC - Econs,Lay Chun,Wednesday,Bukit Panjang,BP-3,19,17 Jun (Wed),10:00:00 AM,J1 Economics,"Market Model: Demand, Supply and Elasticities",6/17/2026,10:00AM - 01:00PM,bit.ly/zenithBP,1 Woodlands Road #01-10 (Junction10) S677899,1 Woodlands Road #01-10 (Junction10) S677899  (Video Guide: bit.ly/zenithBP),Economics,Open - Running,"[J1 Economics] Bukit Panjang | 17 Jun (Wed) | 10:00AM - 01:00PM | Market Model: Demand, Supply and Elasticities",J1 Economics - Bukit Panjang - 17 Jun Wed 10:00AM,"[J1 Economics] Bukit Panjang | 17 Jun (Wed) | 10:00AM - 01:00PM | Market Model: Demand, Supply and Elasticities",0,,5,5,5 / 19,0,5 | 0 | 19,0.00%,J1,JC,ECON,ECON,ECON,Bukit Panjang,Lay Chun,FALSE,0
JC JunCC<>J1 2026<>JC - Chem<>Jia Yi<>Wednesday<>Bukit Panjang<>BP-3<>19<>17 Jun<>1:00 pm<>Energetics,JC JunCC,J1 2026,JC - Chem,Jia Yi,Wednesday,Bukit Panjang,BP-3,19,17 Jun (Wed),1:00:00 PM,J1 Chemistry,Energetics,6/17/2026,01:30PM - 04:30PM,bit.ly/zenithBP,1 Woodlands Road #01-10 (Junction10) S677899,1 Woodlands Road #01-10 (Junction10) S677899  (Video Guide: bit.ly/zenithBP),Chemistry,Open - Running,[J1 Chemistry] Bukit Panjang | 17 Jun (Wed) | 01:30PM - 04:30PM | Energetics,J1 Chemistry - Bukit Panjang - 17 Jun Wed 01:30PM,[J1 Chemistry] Bukit Panjang | 17 Jun (Wed) | 01:30PM - 04:30PM | Energetics,0,,6,6,6 / 19,0,6 | 0 | 19,0.00%,J1,JC,CHEM,CHEM,CHEM,Bukit Panjang,Jia Yi,FALSE,1
JC JunCC<>J1 2026<>JC - Chem<>Jia Yi<>Thursday<>Bukit Panjang<>BP-3<>19<>18 Jun<>10:00 am<>Chem Bonding,JC JunCC,J1 2026,JC - Chem,Jia Yi,Thursday,Bukit Panjang,BP-3,19,18 Jun (Thu),10:00:00 AM,J1 Chemistry,Chem Bonding,6/18/2026,10:00AM - 01:00PM,bit.ly/zenithBP,1 Woodlands Road #01-10 (Junction10) S677899,1 Woodlands Road #01-10 (Junction10) S677899  (Video Guide: bit.ly/zenithBP),Chemistry,Open - Running,[J1 Chemistry] Bukit Panjang | 18 Jun (Thu) | 10:00AM - 01:00PM | Chem Bonding,J1 Chemistry - Bukit Panjang - 18 Jun Thu 10:00AM,[J1 Chemistry] Bukit Panjang | 18 Jun (Thu) | 10:00AM - 01:00PM | Chem Bonding,0,,13,13,13 / 19,1,13 | 1 | 19,7.69%,J1,JC,CHEM,CHEM,CHEM,Bukit Panjang,Jia Yi,FALSE,1
JC JunCC<>J1 2026<>JC - GP<>Mel B<>Wednesday<>Jurong East<>JE-1<>30<>17 Jun<>10:00 am<>Application Question (Singapore Traits and Qualities),JC JunCC,J1 2026,JC - GP,Mel B,Wednesday,Jurong East,JE-1,30,17 Jun (Wed),10:00:00 AM,J1 GP,Application Question (Singapore Traits and Qualities),6/17/2026,10:00AM - 01:00PM,https://tinyurl.com/4cnf5kwu,21 Jurong Gateway Rd #02-01 (CPF Jurong Building) S608546,21 Jurong Gateway Rd #02-01 (CPF Jurong Building) S608546  (Video Guide: https://tinyurl.com/4cnf5kwu),GP,Open - Running,[J1 GP] Jurong East | 17 Jun (Wed) | 10:00AM - 01:00PM | Application Question (Singapore Traits and Qualities),J1 GP - Jurong East - 17 Jun Wed 10:00AM,[J1 GP] Jurong East | 17 Jun (Wed) | 10:00AM - 01:00PM | Application Question (Singapore Traits and Qualities),0,,26,26,26 / 30,0,26 | 0 | 30,0.00%,J1,JC,GP,GP,GP,Jurong East,Mel B,FALSE,12
JC JunCC<>J1 2026<>JC - Econs<>Eunice<>Wednesday<>Jurong East<>JE-1<>30<>17 Jun<>1:00 pm<>Market Failure and Government Intervention,JC JunCC,J1 2026,JC - Econs,Eunice,Wednesday,Jurong East,JE-1,30,17 Jun (Wed),1:00:00 PM,J1 Economics,Market Failure and Government Intervention,6/17/2026,01:30PM - 04:30PM,https://tinyurl.com/4cnf5kwu,21 Jurong Gateway Rd #02-01 (CPF Jurong Building) S608546,21 Jurong Gateway Rd #02-01 (CPF Jurong Building) S608546  (Video Guide: https://tinyurl.com/4cnf5kwu),Economics,Closed - Not running,,J1 Economics - Jurong East - 17 Jun Wed 01:30PM,[J1 Economics] Jurong East | 17 Jun (Wed) | 01:30PM - 04:30PM | Market Failure and Government Intervention,0,,0,0,0 / 30,0,0 | 0 | 30,0.00%,J1,JC,ECON,ECON,ECON,Jurong East,Eunice,FALSE,0
JC JunCC<>J1 2026<>JC - Bio<>Josh<>Friday<>Jurong East<>JE-1<>30<>19 Jun<>10:00 am<>Gene Expression,JC JunCC,J1 2026,JC - Bio,Josh,Friday,Jurong East,JE-1,30,19 Jun (Fri),10:00:00 AM,J1 Biology,Gene Expression,6/19/2026,10:00AM - 01:00PM,https://tinyurl.com/4cnf5kwu,21 Jurong Gateway Rd #02-01 (CPF Jurong Building) S608546,21 Jurong Gateway Rd #02-01 (CPF Jurong Building) S608546  (Video Guide: https://tinyurl.com/4cnf5kwu),Biology,Open - Running,[J1 Biology] Jurong East | 19 Jun (Fri) | 10:00AM - 01:00PM | Gene Expression,J1 Biology - Jurong East - 19 Jun Fri 10:00AM,[J1 Biology] Jurong East | 19 Jun (Fri) | 10:00AM - 01:00PM | Gene Expression,0,,15,15,15 / 30,0,15 | 0 | 30,0.00%,J1,JC,BIO,BIO,BIO,Jurong East,Josh,FALSE,4
JC JunCC<>J1 2026<>JC - Chem<>E Ler<>Wednesday<>Jurong East<>JE-2<>27<>17 Jun<>1:00 pm<>Chem Bonding,JC JunCC,J1 2026,JC - Chem,E Ler,Wednesday,Jurong East,JE-2,27,17 Jun (Wed),1:00:00 PM,J1 Chemistry,Chem Bonding,6/17/2026,01:30PM - 04:30PM,https://tinyurl.com/4cnf5kwu,21 Jurong Gateway Rd #02-01 (CPF Jurong Building) S608546,21 Jurong Gateway Rd #02-01 (CPF Jurong Building) S608546  (Video Guide: https://tinyurl.com/4cnf5kwu),Chemistry,Open - Running,[J1 Chemistry] Jurong East | 17 Jun (Wed) | 01:30PM - 04:30PM | Chem Bonding,J1 Chemistry - Jurong East - 17 Jun Wed 01:30PM,[J1 Chemistry] Jurong East | 17 Jun (Wed) | 01:30PM - 04:30PM | Chem Bonding,0,,11,11,11 / 27,0,11 | 0 | 27,0.00%,J1,JC,CHEM,CHEM,CHEM,Jurong East,E Ler,FALSE,11
JC JunCC<>J1 2026<>JC - Chem<>E Ler<>Thursday<>Jurong East<>JE-2<>27<>18 Jun<>1:00 pm<>Energetics,JC JunCC,J1 2026,JC - Chem,E Ler,Thursday,Jurong East,JE-2,27,18 Jun (Thu),1:00:00 PM,J1 Chemistry,Energetics,6/18/2026,01:30PM - 04:30PM,https://tinyurl.com/4cnf5kwu,21 Jurong Gateway Rd #02-01 (CPF Jurong Building) S608546,21 Jurong Gateway Rd #02-01 (CPF Jurong Building) S608546  (Video Guide: https://tinyurl.com/4cnf5kwu),Chemistry,Open - Running,[J1 Chemistry] Jurong East | 18 Jun (Thu) | 01:30PM - 04:30PM | Energetics,J1 Chemistry - Jurong East - 18 Jun Thu 01:30PM,[J1 Chemistry] Jurong East | 18 Jun (Thu) | 01:30PM - 04:30PM | Energetics,0,,19,19,19 / 27,0,19 | 0 | 27,0.00%,J1,JC,CHEM,CHEM,CHEM,Jurong East,E Ler,FALSE,19
JC JunCC<>J1 2026<>JC - Phy<>Enzhao<>Friday<>Jurong East<>JE-2<>27<>19 Jun<>1:00 pm<>Motion & Forces (Part 2) + Collision,JC JunCC,J1 2026,JC - Phy,Enzhao,Friday,Jurong East,JE-2,27,19 Jun (Fri),1:00:00 PM,J1 Physics,Motion & Forces (Part 2) + Collision,6/19/2026,01:30PM - 04:30PM,https://tinyurl.com/4cnf5kwu,21 Jurong Gateway Rd #02-01 (CPF Jurong Building) S608546,21 Jurong Gateway Rd #02-01 (CPF Jurong Building) S608546  (Video Guide: https://tinyurl.com/4cnf5kwu),Physics,Closed - Not running,,J1 Physics - Jurong East - 19 Jun Fri 01:30PM,[J1 Physics] Jurong East | 19 Jun (Fri) | 01:30PM - 04:30PM | Motion & Forces (Part 2) + Collision,0,,0,0,0 / 27,0,0 | 0 | 27,0.00%,J1,JC,PHYS,PHYS,PHYS,Jurong East,Enzhao,FALSE,0
JC JunCC<>J1 2026<>JC - Phy<>Enzhao<>Saturday<>Jurong East<>JE-2<>27<>20 Jun<>3:00 pm<>Circular Motion,JC JunCC,J1 2026,JC - Phy,Enzhao,Saturday,Jurong East,JE-2,27,20 Jun (Sat),3:00:00 PM,J1 Physics,Circular Motion,6/20/2026,03:00PM - 06:00PM,https://tinyurl.com/4cnf5kwu,21 Jurong Gateway Rd #02-01 (CPF Jurong Building) S608546,21 Jurong Gateway Rd #02-01 (CPF Jurong Building) S608546  (Video Guide: https://tinyurl.com/4cnf5kwu),Physics,Open - Running,[J1 Physics] Jurong East | 20 Jun (Sat) | 03:00PM - 06:00PM | Circular Motion,J1 Physics - Jurong East - 20 Jun Sat 03:00PM,[J1 Physics] Jurong East | 20 Jun (Sat) | 03:00PM - 06:00PM | Circular Motion,0,,6,6,6 / 27,0,6 | 0 | 27,0.00%,J1,JC,PHYS,PHYS,PHYS,Jurong East,Enzhao,FALSE,1
JC JunCC<>J1 2026<>JC - Math<>Ethan<>Wednesday<>Jurong East<>JE-3<>30<>17 Jun<>3:00 pm<>Differentiation,JC JunCC,J1 2026,JC - Math,Ethan,Wednesday,Jurong East,JE-3,30,17 Jun (Wed),3:00:00 PM,J1 Math,Differentiation,6/17/2026,03:00PM - 06:00PM,https://tinyurl.com/4cnf5kwu,21 Jurong Gateway Rd #02-01 (CPF Jurong Building) S608546,21 Jurong Gateway Rd #02-01 (CPF Jurong Building) S608546  (Video Guide: https://tinyurl.com/4cnf5kwu),Math,Open - Running,[J1 Math] Jurong East | 17 Jun (Wed) | 03:00PM - 06:00PM | Differentiation,J1 Math - Jurong East - 17 Jun Wed 03:00PM,[J1 Math] Jurong East | 17 Jun (Wed) | 03:00PM - 06:00PM | Differentiation,0,,10,10,10 / 30,0,10 | 0 | 30,0.00%,J1,JC,MATH,MATH,MATH,Jurong East,Ethan,FALSE,1
JC JunCC<>J1 2026<>JC - Econs<>Eunice<>Thursday<>Jurong East<>JE-3<>30<>18 Jun<>10:00 am<>Market Failure and Government Intervention,JC JunCC,J1 2026,JC - Econs,Eunice,Thursday,Jurong East,JE-3,30,18 Jun (Thu),10:00:00 AM,J1 Economics,Market Failure and Government Intervention,6/18/2026,10:00AM - 01:00PM,https://tinyurl.com/4cnf5kwu,21 Jurong Gateway Rd #02-01 (CPF Jurong Building) S608546,21 Jurong Gateway Rd #02-01 (CPF Jurong Building) S608546  (Video Guide: https://tinyurl.com/4cnf5kwu),Economics,Closed - Not running,,J1 Economics - Jurong East - 18 Jun Thu 10:00AM,[J1 Economics] Jurong East | 18 Jun (Thu) | 10:00AM - 01:00PM | Market Failure and Government Intervention,0,,0,0,0 / 30,0,0 | 0 | 30,0.00%,J1,JC,ECON,ECON,ECON,Jurong East,Eunice,FALSE,1
JC JunCC<>J1 2026<>JC - Math<>Ethan<>Sunday<>Jurong East<>JE-5<>16<>21 Jun<>3:00 pm<>Differentiation,JC JunCC,J1 2026,JC - Math,Ethan,Sunday,Jurong East,JE-5,16,21 Jun (Sun),3:00:00 PM,J1 Math,Differentiation,6/21/2026,03:00PM - 06:00PM,https://tinyurl.com/4cnf5kwu,21 Jurong Gateway Rd #02-01 (CPF Jurong Building) S608546,21 Jurong Gateway Rd #02-01 (CPF Jurong Building) S608546  (Video Guide: https://tinyurl.com/4cnf5kwu),Math,Open - Running,[J1 Math] Jurong East | 21 Jun (Sun) | 03:00PM - 06:00PM | Differentiation,J1 Math - Jurong East - 21 Jun Sun 03:00PM,[J1 Math] Jurong East | 21 Jun (Sun) | 03:00PM - 06:00PM | Differentiation,0,,9,9,9 / 16,4,9 | 4 | 16,44.44%,J1,JC,MATH,MATH,MATH,Jurong East,Ethan,FALSE,1
JC JunCC<>J1 2026<>JC - Math<>Alicia<>Tuesday<>Kovan<>KO-1<>23<>16 Jun<>10:00 am<>Vectors 1,JC JunCC,J1 2026,JC - Math,Alicia,Tuesday,Kovan,KO-1,23,16 Jun (Tue),10:00:00 AM,J1 Math,Vectors 1,6/16/2026,10:00AM - 01:00PM,https://tinyurl.com/SOKGuide,988 Upper Serangoon Rd #01-16 (Stars of Kovan) S534733,988 Upper Serangoon Rd #01-16 (Stars of Kovan) S534733  (Video Guide: https://tinyurl.com/SOKGuide),Math,Open - Running,[J1 Math] Kovan | 16 Jun (Tue) | 10:00AM - 01:00PM | Vectors 1,J1 Math - Kovan - 16 Jun Tue 10:00AM,[J1 Math] Kovan | 16 Jun (Tue) | 10:00AM - 01:00PM | Vectors 1,0,,19,19,19 / 23,0,19 | 0 | 23,0.00%,J1,JC,MATH,MATH,MATH,Kovan,Alicia,FALSE,0
JC JunCC<>J1 2026<>JC - Chem<>Kelly<>Wednesday<>Kovan<>KO-1<>23<>17 Jun<>10:00 am<>Energetics,JC JunCC,J1 2026,JC - Chem,Kelly,Wednesday,Kovan,KO-1,23,17 Jun (Wed),10:00:00 AM,J1 Chemistry,Energetics,6/17/2026,10:00AM - 01:00PM,https://tinyurl.com/SOKGuide,988 Upper Serangoon Rd #01-16 (Stars of Kovan) S534733,988 Upper Serangoon Rd #01-16 (Stars of Kovan) S534733  (Video Guide: https://tinyurl.com/SOKGuide),Chemistry,Open - Running,[J1 Chemistry] Kovan | 17 Jun (Wed) | 10:00AM - 01:00PM | Energetics,J1 Chemistry - Kovan - 17 Jun Wed 10:00AM,[J1 Chemistry] Kovan | 17 Jun (Wed) | 10:00AM - 01:00PM | Energetics,0,,21,21,21 / 23,1,21 | 1 | 23,4.76%,J1,JC,CHEM,CHEM,CHEM,Kovan,Kelly,FALSE,2
JC JunCC<>J1 2026<>JC - Chem<>Kelly<>Thursday<>Kovan<>KO-1<>23<>18 Jun<>10:00 am<>Energetics,JC JunCC,J1 2026,JC - Chem,Kelly,Thursday,Kovan,KO-1,23,18 Jun (Thu),10:00:00 AM,J1 Chemistry,Energetics,6/18/2026,10:00AM - 01:00PM,https://tinyurl.com/SOKGuide,988 Upper Serangoon Rd #01-16 (Stars of Kovan) S534733,988 Upper Serangoon Rd #01-16 (Stars of Kovan) S534733  (Video Guide: https://tinyurl.com/SOKGuide),Chemistry,Open - Running,[J1 Chemistry] Kovan | 18 Jun (Thu) | 10:00AM - 01:00PM | Energetics,J1 Chemistry - Kovan - 18 Jun Thu 10:00AM,[J1 Chemistry] Kovan | 18 Jun (Thu) | 10:00AM - 01:00PM | Energetics,0,,14,14,14 / 23,0,14 | 0 | 23,0.00%,J1,JC,CHEM,CHEM,CHEM,Kovan,Kelly,FALSE,0
JC JunCC<>J1 2026<>JC - Phy<>Aznikah<>Thursday<>Kovan<>KO-2<>21<>18 Jun<>1:00 pm<>Circular Motion,JC JunCC,J1 2026,JC - Phy,Aznikah,Thursday,Kovan,KO-2,21,18 Jun (Thu),1:00:00 PM,J1 Physics,Circular Motion,6/18/2026,01:30PM - 04:30PM,https://tinyurl.com/SOKGuide,988 Upper Serangoon Rd #01-16 (Stars of Kovan) S534733,988 Upper Serangoon Rd #01-16 (Stars of Kovan) S534733  (Video Guide: https://tinyurl.com/SOKGuide),Physics,Open - Running,[J1 Physics] Kovan | 18 Jun (Thu) | 01:30PM - 04:30PM | Circular Motion,J1 Physics - Kovan - 18 Jun Thu 01:30PM,[J1 Physics] Kovan | 18 Jun (Thu) | 01:30PM - 04:30PM | Circular Motion,0,,10,10,10 / 21,0,10 | 0 | 21,0.00%,J1,JC,PHYS,PHYS,PHYS,Kovan,Aznikah,FALSE,0
JC JunCC<>J1 2026<>JC - Math<>Alicia<>Friday<>Kovan<>KO-3<>23<>19 Jun<>1:00 pm<>Functions,JC JunCC,J1 2026,JC - Math,Alicia,Friday,Kovan,KO-3,23,19 Jun (Fri),1:00:00 PM,J1 Math,Functions,6/19/2026,01:30PM - 04:30PM,https://tinyurl.com/SOKGuide,988 Upper Serangoon Rd #01-16 (Stars of Kovan) S534733,988 Upper Serangoon Rd #01-16 (Stars of Kovan) S534733  (Video Guide: https://tinyurl.com/SOKGuide),Math,Open - Running,[J1 Math] Kovan | 19 Jun (Fri) | 01:30PM - 04:30PM | Functions,J1 Math - Kovan - 19 Jun Fri 01:30PM,[J1 Math] Kovan | 19 Jun (Fri) | 01:30PM - 04:30PM | Functions,0,,2,2,2 / 23,0,2 | 0 | 23,0.00%,J1,JC,MATH,MATH,MATH,Kovan,Alicia,FALSE,3
JC JunCC<>J1 2026<>JC - Chem<>Kelly<>Tuesday<>Kovan<>KO-4<>24<>16 Jun<>10:00 am<>Chem Bonding,JC JunCC,J1 2026,JC - Chem,Kelly,Tuesday,Kovan,KO-4,24,16 Jun (Tue),10:00:00 AM,J1 Chemistry,Chem Bonding,6/16/2026,10:00AM - 01:00PM,https://tinyurl.com/SOKGuide,988 Upper Serangoon Rd #01-16 (Stars of Kovan) S534733,988 Upper Serangoon Rd #01-16 (Stars of Kovan) S534733  (Video Guide: https://tinyurl.com/SOKGuide),Chemistry,Open - Running,[J1 Chemistry] Kovan | 16 Jun (Tue) | 10:00AM - 01:00PM | Chem Bonding,J1 Chemistry - Kovan - 16 Jun Tue 10:00AM,[J1 Chemistry] Kovan | 16 Jun (Tue) | 10:00AM - 01:00PM | Chem Bonding,0,,18,18,18 / 24,1,18 | 1 | 24,5.56%,J1,JC,CHEM,CHEM,CHEM,Kovan,Kelly,FALSE,4
JC JunCC<>J1 2026<>JC - GP<>Mel B<>Monday<>King Albert Park<>KAP-5<>24<>15 Jun<>10:00 am<>Application Question (Singapore Traits and Qualities),JC JunCC,J1 2026,JC - GP,Mel B,Monday,King Albert Park,KAP-5,24,15 Jun (Mon),10:00:00 AM,J1 GP,Application Question (Singapore Traits and Qualities),6/15/2026,10:00AM - 01:00PM,https://tinyurl.com/zenithKAP,896 Dunearn Road Dunearn Village #04-16 S589472,896 Dunearn Road Dunearn Village #04-16 S589472  (Video Guide: https://tinyurl.com/zenithKAP),GP,Open - Running,[J1 GP] King Albert Park | 15 Jun (Mon) | 10:00AM - 01:00PM | Application Question (Singapore Traits and Qualities),J1 GP - King Albert Park - 15 Jun Mon 10:00AM,[J1 GP] King Albert Park | 15 Jun (Mon) | 10:00AM - 01:00PM | Application Question (Singapore Traits and Qualities),0,,12,12,12 / 24,0,12 | 0 | 24,0.00%,J1,JC,GP,GP,GP,King Albert Park,Mel B,FALSE,5
JC JunCC<>J1 2026<>JC - GP<>Mel B<>Friday<>King Albert Park<>KAP-6<>20<>19 Jun<>1:00 pm<>Application Question (Singapore Traits and Qualities),JC JunCC,J1 2026,JC - GP,Mel B,Friday,King Albert Park,KAP-6,20,19 Jun (Fri),1:00:00 PM,J1 GP,Application Question (Singapore Traits and Qualities),6/19/2026,01:30PM - 04:30PM,https://tinyurl.com/zenithKAP,896 Dunearn Road Dunearn Village #04-16 S589472,896 Dunearn Road Dunearn Village #04-16 S589472  (Video Guide: https://tinyurl.com/zenithKAP),GP,Open - Running,[J1 GP] King Albert Park | 19 Jun (Fri) | 01:30PM - 04:30PM | Application Question (Singapore Traits and Qualities),J1 GP - King Albert Park - 19 Jun Fri 01:30PM,[J1 GP] King Albert Park | 19 Jun (Fri) | 01:30PM - 04:30PM | Application Question (Singapore Traits and Qualities),0,,10,10,10 / 20,0,10 | 0 | 20,0.00%,J1,JC,GP,GP,GP,King Albert Park,Mel B,FALSE,7
JC JunCC<>J1 2026<>JC - Math<>Kevin Lee<>Monday<>Serangoon<>BHC-1<>41<>15 Jun<>1:00 pm<>Vector Planes,JC JunCC,J1 2026,JC - Math,Kevin Lee,Monday,Serangoon,BHC-1,41,15 Jun (Mon),1:00:00 PM,J1 Math,Vector Planes,6/15/2026,01:30PM - 04:30PM,https://tinyurl.com/zenithSERANGOON,50 Serangoon Avenue 2 #03-01 S556129,50 Serangoon Avenue 2 #03-01 S556129  (Video Guide: https://tinyurl.com/zenithSERANGOON),Math,Open - Running,[J1 Math] Serangoon | 15 Jun (Mon) | 01:30PM - 04:30PM | Vector Planes,J1 Math - Serangoon - 15 Jun Mon 01:30PM,[J1 Math] Serangoon | 15 Jun (Mon) | 01:30PM - 04:30PM | Vector Planes,0,,26,26,26 / 41,0,26 | 0 | 41,0.00%,J1,JC,MATH,MATH,MATH,Braddell Heights,Kevin Lee,FALSE,9
JC JunCC<>J1 2026<>JC - Math<>Kevin Lee<>Tuesday<>Serangoon<>BHC-5<>30<>16 Jun<>1:00 pm<>Functions,JC JunCC,J1 2026,JC - Math,Kevin Lee,Tuesday,Serangoon,BHC-5,30,16 Jun (Tue),1:00:00 PM,J1 Math,Functions,6/16/2026,01:30PM - 04:30PM,https://tinyurl.com/zenithSERANGOON,50 Serangoon Avenue 2 #03-01 S556129,50 Serangoon Avenue 2 #03-01 S556129  (Video Guide: https://tinyurl.com/zenithSERANGOON),Math,Open - Running,[J1 Math] Serangoon | 16 Jun (Tue) | 01:30PM - 04:30PM | Functions,J1 Math - Serangoon - 16 Jun Tue 01:30PM,[J1 Math] Serangoon | 16 Jun (Tue) | 01:30PM - 04:30PM | Functions,0,,18,18,18 / 30,0,18 | 0 | 30,0.00%,J1,JC,MATH,MATH,MATH,Braddell Heights,Kevin Lee,FALSE,6
JC JunCC<>J1 2026<>JC - Phy<>Aznikah<>Tuesday<>Serangoon<>BHC-4<>21<>16 Jun<>1:00 pm<>Motion & Forces (Part 2) + Collision,JC JunCC,J1 2026,JC - Phy,Aznikah,Tuesday,Serangoon,BHC-4,21,16 Jun (Tue),1:00:00 PM,J1 Physics,Motion & Forces (Part 2) + Collision,6/16/2026,01:30PM - 04:30PM,https://tinyurl.com/zenithSERANGOON,50 Serangoon Avenue 2 #03-01 S556129,50 Serangoon Avenue 2 #03-01 S556129  (Video Guide: https://tinyurl.com/zenithSERANGOON),Physics,Open - Running,[J1 Physics] Serangoon | 16 Jun (Tue) | 01:30PM - 04:30PM | Motion & Forces (Part 2) + Collision,J1 Physics - Serangoon - 16 Jun Tue 01:30PM,[J1 Physics] Serangoon | 16 Jun (Tue) | 01:30PM - 04:30PM | Motion & Forces (Part 2) + Collision,0,,5,5,5 / 21,0,5 | 0 | 21,0.00%,J1,JC,PHYS,PHYS,PHYS,Braddell Heights,Aznikah,FALSE,0
JC JunCC<>J1 2026<>JC - GP<>Finn<>Tuesday<>Marymount<>MM-2<>27<>16 Jun<>10:00 am<>Application Question (Singapore Traits and Qualities),JC JunCC,J1 2026,JC - GP,Finn,Tuesday,Marymount,MM-2,27,16 Jun (Tue),10:00:00 AM,J1 GP,Application Question (Singapore Traits and Qualities),6/16/2026,10:00AM - 01:00PM,bit.ly/zenithMM,183 Upper Thomson Road B1-05 (Longhaus) S574429,183 Upper Thomson Road B1-05 (Longhaus) S574429  (Video Guide: bit.ly/zenithMM),GP,Open - Running,[J1 GP] Marymount | 16 Jun (Tue) | 10:00AM - 01:00PM | Application Question (Singapore Traits and Qualities),J1 GP - Marymount - 16 Jun Tue 10:00AM,[J1 GP] Marymount | 16 Jun (Tue) | 10:00AM - 01:00PM | Application Question (Singapore Traits and Qualities),0,,18,18,18 / 27,0,18 | 0 | 27,0.00%,J1,JC,GP,GP,GP,Marymount,Finn,FALSE,4
JC JunCC<>J1 2026<>JC - GP<>Finn<>Tuesday<>Marymount<>MM-2<>27<>2 Jun<>10:00 am<>Application Question (Singapore Traits and Qualities),JC JunCC,J1 2026,JC - GP,Finn,Tuesday,Marymount,MM-2,27,02 Jun (Tue),10:00:00 AM,J1 GP,Application Question (Singapore Traits and Qualities),6/2/2026,10:00AM - 01:00PM,bit.ly/zenithMM,183 Upper Thomson Road B1-05 (Longhaus) S574429,183 Upper Thomson Road B1-05 (Longhaus) S574429  (Video Guide: bit.ly/zenithMM),GP,Closed - Running,,J1 GP - Marymount - 02 Jun Tue 10:00AM,[J1 GP] Marymount | 02 Jun (Tue) | 10:00AM - 01:00PM | Application Question (Singapore Traits and Qualities),0,,4,4,4 / 27,0,4 | 0 | 27,0.00%,J1,JC,GP,GP,GP,Marymount,Finn,FALSE,2
JC JunCC<>J1 2026<>JC - GP<>Hui Ying<>Thursday<>Kovan<>KO-4<>24<>4 Jun<>10:00 am<>Application Question (Singapore Traits and Qualities),JC JunCC,J1 2026,JC - GP,Hui Ying,Thursday,Kovan,KO-4,24,04 Jun (Thu),10:00:00 AM,J1 GP,Application Question (Singapore Traits and Qualities),6/4/2026,10:00AM - 01:00PM,https://tinyurl.com/SOKGuide,988 Upper Serangoon Rd #01-16 (Stars of Kovan) S534733,988 Upper Serangoon Rd #01-16 (Stars of Kovan) S534733  (Video Guide: https://tinyurl.com/SOKGuide),GP,Closed - Not running,,J1 GP - Kovan - 04 Jun Thu 10:00AM,[J1 GP] Kovan | 04 Jun (Thu) | 10:00AM - 01:00PM | Application Question (Singapore Traits and Qualities),0,,0,0,0 / 24,0,0 | 0 | 24,0.00%,J1,JC,GP,GP,GP,Kovan,Hui Ying,FALSE,0
JC JunCC<>J1 2026<>JC - GP<>Hui Ying<>Friday<>Kovan<>KO-1<>23<>5 Jun<>10:00 am<>Application Question (Singapore Traits and Qualities),JC JunCC,J1 2026,JC - GP,Hui Ying,Friday,Kovan,KO-1,23,05 Jun (Fri),10:00:00 AM,J1 GP,Application Question (Singapore Traits and Qualities),6/5/2026,10:00AM - 01:00PM,https://tinyurl.com/SOKGuide,988 Upper Serangoon Rd #01-16 (Stars of Kovan) S534733,988 Upper Serangoon Rd #01-16 (Stars of Kovan) S534733  (Video Guide: https://tinyurl.com/SOKGuide),GP,Closed - Not running,,J1 GP - Kovan - 05 Jun Fri 10:00AM,[J1 GP] Kovan | 05 Jun (Fri) | 10:00AM - 01:00PM | Application Question (Singapore Traits and Qualities),0,,0,0,0 / 23,0,0 | 0 | 23,0.00%,J1,JC,GP,GP,GP,Kovan,Hui Ying,FALSE,0
JC JunCC<>J1 2026<>JC - Bio<>Phoebe<>Thursday<>Potong Pasir<>PP-3 (L2)<>25<>18 Jun<>1:00 pm<>Gene Expression,JC JunCC,J1 2026,JC - Bio,Phoebe,Thursday,Potong Pasir,PP-3 (L2),25,18 Jun (Thu),1:00:00 PM,J1 Biology,Gene Expression,6/18/2026,01:30PM - 04:30PM,bit.ly/zenithPP,25 Tai Thong Crescent (Beside 7-11) S347856,25 Tai Thong Crescent (Beside 7-11) S347856  (Video Guide: bit.ly/zenithPP),Biology,Open - Running,[J1 Biology] Potong Pasir | 18 Jun (Thu) | 01:30PM - 04:30PM | Gene Expression,J1 Biology - Potong Pasir - 18 Jun Thu 01:30PM,[J1 Biology] Potong Pasir | 18 Jun (Thu) | 01:30PM - 04:30PM | Gene Expression,0,,5,5,5 / 25,0,5 | 0 | 25,0.00%,J1,JC,BIO,BIO,BIO,Potong Pasir,Phoebe,FALSE,0
,,,,,,,,,,,,,,,,,,,,,,,,,,0,,0,0 | 0 | ,0.00%,,,,,,,,FALSE,0
,,,,,,,,,,,,,,,,,,,,,,,,,,0,,0,0 | 0 | ,0.00%,,,,,,,,FALSE,0
,,,,,,,,,,,,,,,,,,,,,,,,,,0,,0,0 | 0 | ,0.00%,,,,,,,,FALSE,0
,,,,,,,,,,,,,,,,,,,,,,,,,,0,,0,0 | 0 | ,0.00%,,,,,,,,FALSE,0
,,,,,,,,,,,,,,,,,,,,,,,,,,0,,0,0 | 0 | ,0.00%,,,,,,,,FALSE,0
,,,,,,,,,,,,,,,,,,,,,,,,,,0,,0,0 | 0 | ,0.00%,,,,,,,,FALSE,0
,,,,,,,,,,,,,,,,,,,,,,,,,,0,,0,0 | 0 | ,0.00%,,,,,,,,FALSE,0
,,,,,,,,,,,,,,,,,,,,,,,,,,0,,0,0 | 0 | ,0.00%,,,,,,,,FALSE,0
,,,,,,,,,,,,,,,,,,,,,,,,,,0,,0,0 | 0 | ,0.00%,,,,,,,,FALSE,0
,,,,,,,,,,,,,,,,,,,,,,,,,,0,,0,0 | 0 | ,0.00%,,,,,,,,FALSE,0
,,,,,,,,,,,,,,,,,,,,,,,,,,0,,0,0 | 0 | ,0.00%,,,,,,,,FALSE,0
,,,,,,,,,,,,,,,,,,,,,,,,,,0,,0,0 | 0 | ,0.00%,,,,,,,,FALSE,0
,,,,,,,,,,,,,,,,,,,,,,,,,,0,,0,0 | 0 | ,0.00%,,,,,,,,FALSE,0
,,,,,,,,,,,,,,,,,,,,,,,,,,0,,0,0 | 0 | ,0.00%,,,,,,,,FALSE,0
,,,,,,,,,,,,,,,,,,,,,,,,,,0,,0,0 | 0 | ,0.00%,,,,,,,,FALSE,0
,,,,,,,,,,,,,,,,,,,,,,,,,,0,,0,0 | 0 | ,0.00%,,,,,,,,FALSE,0
,,,,,,,,,,,,,,,,,,,,,,,,,,0,,0,0 | 0 | ,0.00%,,,,,,,,FALSE,0
,,,,,,,,,,,,,,,,,,,,,,,,,,0,,0,0 | 0 | ,0.00%,,,,,,,,FALSE,0
,,,,,,,,,,,,,,,,,,,,,,,,,,0,,0,0 | 0 | ,0.00%,,,,,,,,FALSE,0
,,,,,,,,,,,,,,,,,,,,,,,,,,0,,0,0 | 0 | ,0.00%,,,,,,,,FALSE,0
,,,,,,,,,,,,,,,,,,,,,,,,,,0,,0,0 | 0 | ,0.00%,,,,,,,,FALSE,0
,,,,,,,,,,,,,,,,,,,,,,,,,,0,,0,0 | 0 | ,0.00%,,,,,,,,FALSE,0
,,,,,,,,,,,,,,,,,,,,,,,,,,0,,0,0 | 0 | ,0.00%,,,,,,,,FALSE,0
,,,,,,,,,,,,,,,,,,,,,,,,,,0,,0,0 | 0 | ,0.00%,,,,,,,,FALSE,0
,,,,,,,,,,,,,,,,,,,,,,,,,,0,,0,0 | 0 | ,0.00%,,,,,,,,FALSE,0
,,,,,,,,,,,,,,,,,,,,,,,,,,0,,0,0 | 0 | ,0.00%,,,,,,,,FALSE,0
,,,,,,,,,,,,,,,,,,,,,,,,,,0,,0,0 | 0 | ,0.00%,,,,,,,,FALSE,0
,,,,,,,,,,,,,,,,,,,,,,,,,,0,,0,0 | 0 | ,0.00%,,,,,,,,FALSE,0
,,,,,,,,,,,,,,,,,,,,,,,,,,0,,0,0 | 0 | ,0.00%,,,,,,,,FALSE,0
,,,,,,,,,,,,,,,,,,,,,,,,,,0,,0,0 | 0 | ,0.00%,,,,,,,,FALSE,0
,,,,,,,,,,,,,,,,,,,,,,,,,,0,,0,0 | 0 | ,0.00%,,,,,,,,FALSE,0
,,,,,,,,,,,,,,,,,,,,,,,,,,0,,0,0 | 0 | ,0.00%,,,,,,,,FALSE,0
,,,,,,,,,,,,,,,,,,,,,,,,,,0,,0,0 | 0 | ,0.00%,,,,,,,,FALSE,0
,,,,,,,,,,,,,,,,,,,,,,,,,,0,,0,0 | 0 | ,0.00%,,,,,,,,FALSE,0
,,,,,,,,,,,,,,,,,,,,,,,,,,0,,0,0 | 0 | ,0.00%,,,,,,,,FALSE,0
,,,,,,,,,,,,,,,,,,,,,,,,,,0,,0,0 | 0 | ,0.00%,,,,,,,,FALSE,0
,,,,,,,,,,,,,,,,,,,,,,,,,,0,,0,0 | 0 | ,0.00%,,,,,,,,FALSE,0
,,,,,,,,,,,,,,,,,,,,,,,,,,0,,0,0 | 0 | ,0.00%,,,,,,,,FALSE,0
,,,,,,,,,,,,,,,,,,,,,,,,,,0,,0,0 | 0 | ,0.00%,,,,,,,,FALSE,0
,,,,,,,,,,,,,,,,,,,,,,,,,,0,,0,0 | 0 | ,0.00%,,,,,,,,FALSE,0
,,,,,,,,,,,,,,,,,,,,,,,,,,0,,0,0 | 0 | ,0.00%,,,,,,,,FALSE,0
,,,,,,,,,,,,,,,,,,,,,,,,,,0,,0,0 | 0 | ,0.00%,,,,,,,,FALSE,0
,,,,,,,,,,,,,,,,,,,,,,,,,,0,,0,0 | 0 | ,0.00%,,,,,,,,FALSE,0
,,,,,,,,,,,,,,,,,,,,,,,,,,0,,0,0 | 0 | ,0.00%,,,,,,,,FALSE,0
,,,,,,,,,,,,,,,,,,,,,,,,,,0,,0,0 | 0 | ,0.00%,,,,,,,,FALSE,0
,,,,,,,,,,,,,,,,,,,,,,,,,,0,,0,0 | 0 | ,0.00%,,,,,,,,FALSE,0
,,,,,,,,,,,,,,,,,,,,,,,,,,0,,0,0 | 0 | ,0.00%,,,,,,,,FALSE,0
,,,,,,,,,,,,,,,,,,,,,,,,,,0,,0,0 | 0 | ,0.00%,,,,,,,,FALSE,0
,,,,,,,,,,,,,,,,,,,,,,,,,,0,,0,0 | 0 | ,0.00%,,,,,,,,FALSE,0
,,,,,,,,,,,,,,,,,,,,,,,,,,0,,0,0 | 0 | ,0.00%,,,,,,,,FALSE,0
,,,,,,,,,,,,,,,,,,,,,,,,,,0,,0,0 | 0 | ,0.00%,,,,,,,,FALSE,0
,,,,,,,,,,,,,,,,,,,,,,,,,,0,,0,0 | 0 | ,0.00%,,,,,,,,FALSE,0
,,,,,,,,,,,,,,,,,,,,,,,,,,0,,0,0 | 0 | ,0.00%,,,,,,,,FALSE,0
,,,,,,,,,,,,,,,,,,,,,,,,,,0,,0,0 | 0 | ,0.00%,,,,,,,,FALSE,0
,,,,,,,,,,,,,,,,,,,,,,,,,,0,,0,0 | 0 | ,0.00%,,,,,,,,FALSE,0
,,,,,,,,,,,,,,,,,,,,,,,,,,0,,0,0 | 0 | ,0.00%,,,,,,,,FALSE,0
,,,,,,,,,,,,,,,,,,,,,,,,,,0,,0,0 | 0 | ,0.00%,,,,,,,,FALSE,0
,,,,,,,,,,,,,,,,,,,,,,,,,,0,,0,0 | 0 | ,0.00%,,,,,,,,FALSE,0
,,,,,,,,,,,,,,,,,,,,,,,,,,0,,0,0 | 0 | ,0.00%,,,,,,,,FALSE,0
,,,,,,,,,,,,,,,,,,,,,,,,,,0,,0,0 | 0 | ,0.00%,,,,,,,,FALSE,0
,,,,,,,,,,,,,,,,,,,,,,,,,,0,,0,0 | 0 | ,0.00%,,,,,,,,FALSE,0
,,,,,,,,,,,,,,,,,,,,,,,,,,0,,0,0 | 0 | ,0.00%,,,,,,,,FALSE,0
,,,,,,,,,,,,,,,,,,,,,,,,,,0,,0,0 | 0 | ,0.00%,,,,,,,,FALSE,0
,,,,,,,,,,,,,,,,,,,,,,,,,,0,,0,0 | 0 | ,0.00%,,,,,,,,FALSE,0
,,,,,,,,,,,,,,,,,,,,,,,,,,0,,0,0 | 0 | ,0.00%,,,,,,,,FALSE,0
,,,,,,,,,,,,,,,,,,,,,,,,,,0,,0,0 | 0 | ,0.00%,,,,,,,,FALSE,0
,,,,,,,,,,,,,,,,,,,,,,,,,,0,,0,0 | 0 | ,0.00%,,,,,,,,FALSE,0
,,,,,,,,,,,,,,,,,,,,,,,,,,0,,0,0 | 0 | ,0.00%,,,,,,,,FALSE,0
,,,,,,,,,,,,,,,,,,,,,,,,,,0,,0,0 | 0 | ,0.00%,,,,,,,,FALSE,0
,,,,,,,,,,,,,,,,,,,,,,,,,,0,,0,0 | 0 | ,0.00%,,,,,,,,FALSE,0
,,,,,,,,,,,,,,,,,,,,,,,,,,0,,0,0 | 0 | ,0.00%,,,,,,,,FALSE,0
,,,,,,,,,,,,,,,,,,,,,,,,,,0,,0,0 | 0 | ,0.00%,,,,,,,,FALSE,0
,,,,,,,,,,,,,,,,,,,,,,,,,,0,,0,0 | 0 | ,0.00%,,,,,,,,FALSE,0
,,,,,,,,,,,,,,,,,,,,,,,,,,0,,0,0 | 0 | ,0.00%,,,,,,,,FALSE,0
,,,,,,,,,,,,,,,,,,,,,,,,,,0,,0,0 | 0 | ,0.00%,,,,,,,,FALSE,0
,,,,,,,,,,,,,,,,,,,,,,,,,,0,,0,0 | 0 | ,0.00%,,,,,,,,FALSE,0
,,,,,,,,,,,,,,,,,,,,,,,,,,0,,0,0 | 0 | ,0.00%,,,,,,,,FALSE,0
,,,,,,,,,,,,,,,,,,,,,,,,,,0,,0,0 | 0 | ,0.00%,,,,,,,,FALSE,0
,,,,,,,,,,,,,,,,,,,,,,,,,,0,,0,0 | 0 | ,0.00%,,,,,,,,FALSE,0
,,,,,,,,,,,,,,,,,,,,,,,,,,0,,0,0 | 0 | ,0.00%,,,,,,,,FALSE,0
,,,,,,,,,,,,,,,,,,,,,,,,,,0,,0,0 | 0 | ,0.00%,,,,,,,,FALSE,0
,,,,,,,,,,,,,,,,,,,,,,,,,,0,,0,0 | 0 | ,0.00%,,,,,,,,FALSE,0
,,,,,,,,,,,,,,,,,,,,,,,,,,0,,0,0 | 0 | ,0.00%,,,,,,,,FALSE,0
,,,,,,,,,,,,,,,,,,,,,,,,,,0,,0,0 | 0 | ,0.00%,,,,,,,,FALSE,0
,,,,,,,,,,,,,,,,,,,,,,,,,,0,,0,0 | 0 | ,0.00%,,,,,,,,FALSE,0
,,,,,,,,,,,,,,,,,,,,,,,,,,0,,0,0 | 0 | ,0.00%,,,,,,,,FALSE,0
,,,,,,,,,,,,,,,,,,,,,,,,,,0,,0,0 | 0 | ,0.00%,,,,,,,,FALSE,0
,,,,,,,,,,,,,,,,,,,,,,,,,,0,,0,0 | 0 | ,0.00%,,,,,,,,FALSE,0
,,,,,,,,,,,,,,,,,,,,,,,,,,0,,0,0 | 0 | ,0.00%,,,,,,,,FALSE,0
,,,,,,,,,,,,,,,,,,,,,,,,,,0,,0,0 | 0 | ,0.00%,,,,,,,,FALSE,0
,,,,,,,,,,,,,,,,,,,,,,,,,,0,,0,0 | 0 | ,0.00%,,,,,,,,FALSE,0
,,,,,,,,,,,,,,,,,,,,,,,,,,0,,0,0 | 0 | ,0.00%,,,,,,,,FALSE,0
,,,,,,,,,,,,,,,,,,,,,,,,,,0,,0,0 | 0 | ,0.00%,,,,,,,,FALSE,0
,,,,,,,,,,,,,,,,,,,,,,,,,,0,,0,0 | 0 | ,0.00%,,,,,,,,FALSE,0
,,,,,,,,,,,,,,,,,,,,,,,,,,0,,0,0 | 0 | ,0.00%,,,,,,,,FALSE,0
,,,,,,,,,,,,,,,,,,,,,,,,,,0,,0,0 | 0 | ,0.00%,,,,,,,,FALSE,0
,,,,,,,,,,,,,,,,,,,,,,,,,,0,,0,0 | 0 | ,0.00%,,,,,,,,FALSE,0
,,,,,,,,,,,,,,,,,,,,,,,,,,0,,0,0 | 0 | ,0.00%,,,,,,,,FALSE,0
,,,,,,,,,,,,,,,,,,,,,,,,,,0,,0,0 | 0 | ,0.00%,,,,,,,,FALSE,0
,,,,,,,,,,,,,,,,,,,,,,,,,,0,,0,0 | 0 | ,0.00%,,,,,,,,FALSE,0
,,,,,,,,,,,,,,,,,,,,,,,,,,0,,0,0 | 0 | ,0.00%,,,,,,,,FALSE,0
,,,,,,,,,,,,,,,,,,,,,,,,,,0,,0,0 | 0 | ,0.00%,,,,,,,,FALSE,0
,,,,,,,,,,,,,,,,,,,,,,,,,,0,,0,0 | 0 | ,0.00%,,,,,,,,FALSE,0
,,,,,,,,,,,,,,,,,,,,,,,,,,0,,0,0 | 0 | ,0.00%,,,,,,,,FALSE,0
,,,,,,,,,,,,,,,,,,,,,,,,,,0,,0,0 | 0 | ,0.00%,,,,,,,,FALSE,0
,,,,,,,,,,,,,,,,,,,,,,,,,,0,,0,0 | 0 | ,0.00%,,,,,,,,FALSE,0
,,,,,,,,,,,,,,,,,,,,,,,,,,0,,0,0 | 0 | ,0.00%,,,,,,,,FALSE,0
,,,,,,,,,,,,,,,,,,,,,,,,,,0,,0,0 | 0 | ,0.00%,,,,,,,,FALSE,0
,,,,,,,,,,,,,,,,,,,,,,,,,,0,,0,0 | 0 | ,0.00%,,,,,,,,FALSE,0
,,,,,,,,,,,,,,,,,,,,,,,,,,0,,0,0 | 0 | ,0.00%,,,,,,,,FALSE,0
,,,,,,,,,,,,,,,,,,,,,,,,,,0,,0,0 | 0 | ,0.00%,,,,,,,,FALSE,0
,,,,,,,,,,,,,,,,,,,,,,,,,,0,,0,0 | 0 | ,0.00%,,,,,,,,FALSE,0
,,,,,,,,,,,,,,,,,,,,,,,,,,0,,0,0 | 0 | ,0.00%,,,,,,,,FALSE,0
,,,,,,,,,,,,,,,,,,,,,,,,,,0,,0,0 | 0 | ,0.00%,,,,,,,,FALSE,0
,,,,,,,,,,,,,,,,,,,,,,,,,,0,,0,0 | 0 | ,0.00%,,,,,,,,FALSE,0
,,,,,,,,,,,,,,,,,,,,,,,,,,0,,0,0 | 0 | ,0.00%,,,,,,,,FALSE,0
,,,,,,,,,,,,,,,,,,,,,,,,,,0,,0,0 | 0 | ,0.00%,,,,,,,,FALSE,0
,,,,,,,,,,,,,,,,,,,,,,,,,,0,,0,0 | 0 | ,0.00%,,,,,,,,FALSE,0
,,,,,,,,,,,,,,,,,,,,,,,,,,0,,0,0 | 0 | ,0.00%,,,,,,,,FALSE,0
,,,,,,,,,,,,,,,,,,,,,,,,,,0,,0,0 | 0 | ,0.00%,,,,,,,,FALSE,0
,,,,,,,,,,,,,,,,,,,,,,,,,,0,,0,0 | 0 | ,0.00%,,,,,,,,FALSE,0
,,,,,,,,,,,,,,,,,,,,,,,,,,0,,0,0 | 0 | ,0.00%,,,,,,,,FALSE,0
,,,,,,,,,,,,,,,,,,,,,,,,,,0,,0,0 | 0 | ,0.00%,,,,,,,,FALSE,0
,,,,,,,,,,,,,,,,,,,,,,,,,,0,,0,0 | 0 | ,0.00%,,,,,,,,FALSE,0
,,,,,,,,,,,,,,,,,,,,,,,,,,0,,0,0 | 0 | ,0.00%,,,,,,,,FALSE,0
,,,,,,,,,,,,,,,,,,,,,,,,,,0,,0,0 | 0 | ,0.00%,,,,,,,,FALSE,0
,,,,,,,,,,,,,,,,,,,,,,,,,,0,,0,0 | 0 | ,0.00%,,,,,,,,FALSE,0
,,,,,,,,,,,,,,,,,,,,,,,,,,0,,0,0 | 0 | ,0.00%,,,,,,,,FALSE,0
,,,,,,,,,,,,,,,,,,,,,,,,,,0,,0,0 | 0 | ,0.00%,,,,,,,,FALSE,0
,,,,,,,,,,,,,,,,,,,,,,,,,,0,,0,0 | 0 | ,0.00%,,,,,,,,FALSE,0
,,,,,,,,,,,,,,,,,,,,,,,,,,0,,0,0 | 0 | ,0.00%,,,,,,,,FALSE,0
,,,,,,,,,,,,,,,,,,,,,,,,,,0,,0,0 | 0 | ,0.00%,,,,,,,,FALSE,0
,,,,,,,,,,,,,,,,,,,,,,,,,,0,,0,0 | 0 | ,0.00%,,,,,,,,FALSE,0
,,,,,,,,,,,,,,,,,,,,,,,,,,0,,0,0 | 0 | ,0.00%,,,,,,,,FALSE,0
,,,,,,,,,,,,,,,,,,,,,,,,,,0,,0,0 | 0 | ,0.00%,,,,,,,,FALSE,0
,,,,,,,,,,,,,,,,,,,,,,,,,,0,,0,0 | 0 | ,0.00%,,,,,,,,FALSE,0
,,,,,,,,,,,,,,,,,,,,,,,,,,0,,0,0 | 0 | ,0.00%,,,,,,,,FALSE,0
,,,,,,,,,,,,,,,,,,,,,,,,,,0,,0,0 | 0 | ,0.00%,,,,,,,,FALSE,0
,,,,,,,,,,,,,,,,,,,,,,,,,,0,,0,0 | 0 | ,0.00%,,,,,,,,FALSE,0
,,,,,,,,,,,,,,,,,,,,,,,,,,0,,0,0 | 0 | ,0.00%,,,,,,,,FALSE,0
,,,,,,,,,,,,,,,,,,,,,,,,,,0,,0,0 | 0 | ,0.00%,,,,,,,,FALSE,0
