Schedule Codes,Purpose,Level,Subject,Tutor,Day,Centre,Classroom,Capacity,Date (text),Start Time,Subject(Display),Topic,Date,Timeslot (+2hr),Video Guides,Address,Address Var,Form Question,Form Controls,Form Option to Display,ConfirmationMsg Template,Form Entry,Duplicate class,No. Regular S,No. Signups,Total Signups,Signups / Capacity,No. Confirmed,Total Signups | Confirmed | Capacity,Confirmed Capacity%,Level,Level1,Subject,Subject1,Subject2,Centre,Tutor,Checked?
,,,,,,,,9999,,,,,,,,,,S1 English,Default,Waitlist - S1 English,Waitlist - S1 English,Waitlist - S1 English,,,0,0,,,0 |  | 9999,0.00%,,,,,,,,
,,,,,,,,9999,,,,,,,,,,S1 Math,Default,Waitlist - S1 Math,Waitlist - S1 Math,Waitlist - S1 Math,,,0,0,,,0 |  | 9999,0.00%,,,,,,,,
,,,,,,,,9999,,,,,,,,,,S1 Science,Default,Waitlist - S1 Science,Waitlist - S1 Science,Waitlist - S1 Science,,,0,0,,,0 |  | 9999,0.00%,,,,,,,,
,,,,,,,,9999,,,,,,,,,,S2 English,Default,Waitlist - S2 English,Waitlist - S2 English,Waitlist - S2 English,,,0,0,,,0 |  | 9999,0.00%,,,,,,,,
,,,,,,,,9999,,,,,,,,,,S2 Math,Default,Waitlist - S2 Math,Waitlist - S2 Math,Waitlist - S2 Math,,,0,0,,,0 |  | 9999,0.00%,,,,,,,,
,,,,,,,,9999,,,,,,,,,,S2 Science,Default,Waitlist - S2 Science,Waitlist - S2 Science,Waitlist - S2 Science,,,0,0,,,0 |  | 9999,0.00%,,,,,,,,
,,,,,,,,9999,,,,,,,,,,S3 English,Default,Waitlist - S3 English,Waitlist - S3 English,Waitlist - S3 English,,,0,0,,,0 |  | 9999,0.00%,,,,,,,,
,,,,,,,,9999,,,,,,,,,,S3 E Math,Default,Waitlist - S3 E Math,Waitlist - S3 E Math,Waitlist - S3 E Math,,,0,0,,,0 |  | 9999,0.00%,,,,,,,,
,,,,,,,,9999,,,,,,,,,,S3 A Math,Default,Waitlist - S3 A Math,Waitlist - S3 A Math,Waitlist - S3 A Math,,,0,0,,,0 |  | 9999,0.00%,,,,,,,,
,,,,,,,,9999,,,,,,,,,,S3 Biology,Default,Waitlist - S3 Biology,Waitlist - S3 Biology,Waitlist - S3 Biology,,,0,0,,,0 |  | 9999,0.00%,,,,,,,,
,,,,,,,,9999,,,,,,,,,,S3 Chemistry,Default,Waitlist - S3 Chemistry,Waitlist - S3 Chemistry,Waitlist - S3 Chemistry,,,0,0,,,0 |  | 9999,0.00%,,,,,,,,
,,,,,,,,9999,,,,,,,,,,S3 Physics,Default,Waitlist - S3 Physics,Waitlist - S3 Physics,Waitlist - S3 Physics,,,0,0,,,0 |  | 9999,0.00%,,,,,,,,
,,,,,,,,9999,,,,,,,,,,S4/5 English,Default,Waitlist - S4/5 English,Waitlist - S4/5 English,Waitlist - S4/5 English,,,0,0,,,0 |  | 9999,0.00%,,,,,,,,
,,,,,,,,9999,,,,,,,,,,S4/5 E Math,Default,Waitlist - S4/5 E Math,Waitlist - S4/5 E Math,Waitlist - S4/5 E Math,,,0,0,,,0 |  | 9999,0.00%,,,,,,,,
,,,,,,,,9999,,,,,,,,,,S4/5 A Math,Default,Waitlist - S4/5 A Math,Waitlist - S4/5 A Math,Waitlist - S4/5 A Math,,,0,0,,,0 |  | 9999,0.00%,,,,,,,,
,,,,,,,,9999,,,,,,,,,,S4/5 Biology,Default,Waitlist - S4/5 Biology,Waitlist - S4/5 Biology,Waitlist - S4/5 Biology,,,0,0,,,0 |  | 9999,0.00%,,,,,,,,
,,,,,,,,9999,,,,,,,,,,S4/5 Chemistry,Default,Waitlist - S4/5 Chemistry,Waitlist - S4/5 Chemistry,Waitlist - S4/5 Chemistry,,,0,0,,,0 |  | 9999,0.00%,,,,,,,,
,,,,,,,,9999,,,,,,,,,,S4/5 Physics,Default,Waitlist - S4/5 Physics,Waitlist - S4/5 Physics,Waitlist - S4/5 Physics,,,0,0,,,0 |  | 9999,0.00%,,,,,,,,
,,,,,,,,9999,,,,,,,,,,S1 English (IP),Default,Waitlist - S1 English (IP),Waitlist - S1 English (IP),Waitlist - S1 English (IP),,,0,0,,,0 |  | 9999,0.00%,,,,,,,,
,,,,,,,,9999,,,,,,,,,,S1 Math (IP),Default,Waitlist - S1 Math (IP),Waitlist - S1 Math (IP),Waitlist - S1 Math (IP),,,0,0,,,0 |  | 9999,0.00%,,,,,,,,
,,,,,,,,9999,,,,,,,,,,S1 Science (IP),Default,Waitlist - S1 Science (IP),Waitlist - S1 Science (IP),Waitlist - S1 Science (IP),,,0,0,,,0 |  | 9999,0.00%,,,,,,,,
,,,,,,,,9999,,,,,,,,,,S2 English (IP),Default,Waitlist - S2 English (IP),Waitlist - S2 English (IP),Waitlist - S2 English (IP),,,0,0,,,0 |  | 9999,0.00%,,,,,,,,
,,,,,,,,9999,,,,,,,,,,S2 Math (IP),Default,Waitlist - S2 Math (IP),Waitlist - S2 Math (IP),Waitlist - S2 Math (IP),,,0,0,,,0 |  | 9999,0.00%,,,,,,,,
,,,,,,,,9999,,,,,,,,,,S2 Science (IP),Default,Waitlist - S2 Science (IP),Waitlist - S2 Science (IP),Waitlist - S2 Science (IP),,,0,0,,,0 |  | 9999,0.00%,,,,,,,,
,,,,,,,,9999,,,,,,,,,,S3 English (IP),Default,Waitlist - S3 English (IP),Waitlist - S3 English (IP),Waitlist - S3 English (IP),,,0,0,,,0 |  | 9999,0.00%,,,,,,,,
,,,,,,,,9999,,,,,,,,,,S3 Math (IP),Default,Waitlist - S3 Math (IP),Waitlist - S3 Math (IP),Waitlist - S3 Math (IP),,,0,0,,,0 |  | 9999,0.00%,,,,,,,,
,,,,,,,,9999,,,,,,,,,,S3 Biology (IP),Default,Waitlist - S3 Biology (IP),Waitlist - S3 Biology (IP),Waitlist - S3 Biology (IP),,,0,0,,,0 |  | 9999,0.00%,,,,,,,,
,,,,,,,,9999,,,,,,,,,,S3 Chemistry (IP),Default,Waitlist - S3 Chemistry (IP),Waitlist - S3 Chemistry (IP),Waitlist - S3 Chemistry (IP),,,0,0,,,0 |  | 9999,0.00%,,,,,,,,
,,,,,,,,9999,,,,,,,,,,S3 Physics (IP),Default,Waitlist - S3 Physics (IP),Waitlist - S3 Physics (IP),Waitlist - S3 Physics (IP),,,0,0,,,0 |  | 9999,0.00%,,,,,,,,
,,,,,,,,9999,,,,,,,,,,S4 English (IP),Default,Waitlist - S4 English (IP),Waitlist - S4 English (IP),Waitlist - S4 English (IP),,,0,0,,,0 |  | 9999,0.00%,,,,,,,,
,,,,,,,,9999,,,,,,,,,,S4 Math (IP),Default,Waitlist - S4 Math (IP),Waitlist - S4 Math (IP),Waitlist - S4 Math (IP),,,0,0,,,0 |  | 9999,0.00%,,,,,,,,
,,,,,,,,9999,,,,,,,,,,S4 Biology (IP),Default,Waitlist - S4 Biology (IP),Waitlist - S4 Biology (IP),Waitlist - S4 Biology (IP),,,0,0,,,0 |  | 9999,0.00%,,,,,,,,
,,,,,,,,9999,,,,,,,,,,S4 Chemistry (IP),Default,Waitlist - S4 Chemistry (IP),Waitlist - S4 Chemistry (IP),Waitlist - S4 Chemistry (IP),,,0,0,,,0 |  | 9999,0.00%,,,,,,,,
,,,,,,,,9999,,,,,,,,,,S4 Physics (IP),Default,Waitlist - S4 Physics (IP),Waitlist - S4 Physics (IP),Waitlist - S4 Physics (IP),,,0,0,,,0 |  | 9999,0.00%,,,,,,,,
,,,,,,,,9999,,,,,,,,,,S3 Social Studies,Default,Waitlist - S3 Social Studies,Waitlist - S3 Social Studies,Waitlist - S3 Social Studies,,,1,1,,,1 |  | 9999,0.00%,,,,,,,,
,,,,,,,,9999,,,,,,,,,,S3 History,Default,Waitlist - S3 History,Waitlist - S3 History,Waitlist - S3 History,,,0,0,,,0 |  | 9999,0.00%,,,,,,,,
,,,,,,,,9999,,,,,,,,,,S3 Literature,Default,Waitlist - S3 Literature,Waitlist - S3 Literature,Waitlist - S3 Literature,,,0,0,,,0 |  | 9999,0.00%,,,,,,,,
,,,,,,,,9999,,,,,,,,,,S4 Social Studies,Default,Waitlist - S4 Social Studies,Waitlist - S4 Social Studies,Waitlist - S4 Social Studies,,,0,0,,,0 |  | 9999,0.00%,,,,,,,,
,,,,,,,,9999,,,,,,,,,,S4 History,Default,Waitlist - S4 History,Waitlist - S4 History,Waitlist - S4 History,,,0,0,,,0 |  | 9999,0.00%,,,,,,,,
,,,,,,,,9999,,,,,,,,,,S4 Literature,Default,Waitlist - S4 Literature,Waitlist - S4 Literature,Waitlist - S4 Literature,,,0,0,,,0 |  | 9999,0.00%,,,,,,,,
Sec JunCC<>S4 2026<>SS - P Hist<>Evan<>Saturday<>Potong Pasir<>PP-5<>12<>30 May<>9:00 am<>,Sec JunCC,S4 2026,SS - P Hist,Evan,Saturday,Potong Pasir,PP-5,12,30 May (Sat),9:00:00 AM,S4 Pure History,The Rise of Militarist Japan,5/30/2026,09:00AM - 11:00AM,bit.ly/zenithPP,25 Tai Thong Crescent (Beside 7-11) S347856,25 Tai Thong Crescent (Beside 7-11) S347856  (Video Guide: bit.ly/zenithPP),S4 History,Open - Running,[S4 Pure History] Potong Pasir | 30 May (Sat) | 09:00AM - 11:00AM,S4 Pure History - Potong Pasir - 30 May Sat 09:00AM,[S4 Pure History] Potong Pasir | 30 May (Sat) | 09:00AM - 11:00AM,0,,0,0,0 / 12,,0 |  | 12,0.00%,S4,Sec,SHis(Pure),SHis,SHis,Potong Pasir,Evan,FALSE
Sec JunCC<>S4 2026<>SS - C Hist<>Evan<>Saturday<>Potong Pasir<>PP-5<>12<>30 May<>11:00 am<>,Sec JunCC,S4 2026,SS - C Hist,Evan,Saturday,Potong Pasir,PP-5,12,30 May (Sat),11:00:00 AM,S4 Combined History,The Rise of Militarist Japan,5/30/2026,11:15AM - 01:15PM,bit.ly/zenithPP,25 Tai Thong Crescent (Beside 7-11) S347856,25 Tai Thong Crescent (Beside 7-11) S347856  (Video Guide: bit.ly/zenithPP),S4 History,Open - Running,[S4 Combined History] Potong Pasir | 30 May (Sat) | 11:15AM - 01:15PM,S4 Combined History - Potong Pasir - 30 May Sat 11:15AM,[S4 Combined History] Potong Pasir | 30 May (Sat) | 11:15AM - 01:15PM,0,,1,1,1 / 12,,1 |  | 12,0.00%,S4,Sec,SHis(Comb),SHis,SHis,Potong Pasir,Evan,FALSE
Sec JunCC<>S3 2026<>SS - P Hist<>Evan<>Saturday<>Potong Pasir<>PP-5<>12<>30 May<>2:00 pm<>,Sec JunCC,S3 2026,SS - P Hist,Evan,Saturday,Potong Pasir,PP-5,12,30 May (Sat),2:00:00 PM,S3 Pure History,The Rise of Dictatorship: Germany,5/30/2026,02:00PM - 04:00PM,bit.ly/zenithPP,25 Tai Thong Crescent (Beside 7-11) S347856,25 Tai Thong Crescent (Beside 7-11) S347856  (Video Guide: bit.ly/zenithPP),S3 History,Open - Running,[S3 Pure History] Potong Pasir | 30 May (Sat) | 02:00PM - 04:00PM,S3 Pure History - Potong Pasir - 30 May Sat 02:00PM,[S3 Pure History] Potong Pasir | 30 May (Sat) | 02:00PM - 04:00PM,0,,0,0,0 / 12,,0 |  | 12,0.00%,S3,Sec,SHis(Pure),SHis,SHis,Potong Pasir,Evan,FALSE
Sec JunCC<>S4 2026<>Sec - AM<>Gin<>Saturday<>Kovan<>KO-2<>21<>30 May<>9:00 am<>,Sec JunCC,S4 2026,Sec - AM,Gin,Saturday,Kovan,KO-2,21,30 May (Sat),9:00:00 AM,S4/5 A Math,Kinematics,5/30/2026,09:00AM - 11:00AM,https://tinyurl.com/SOKGuide,988 Upper Serangoon Rd #01-16 (Stars of Kovan) S534733,988 Upper Serangoon Rd #01-16 (Stars of Kovan) S534733  (Video Guide: https://tinyurl.com/SOKGuide),S4/5 A Math,Open - Running,[S4/5 A Math] Kovan | 30 May (Sat) | 09:00AM - 11:00AM,S4/5 A Math - Kovan - 30 May Sat 09:00AM,[S4/5 A Math] Kovan | 30 May (Sat) | 09:00AM - 11:00AM,0,,3,3,3 / 21,,3 |  | 21,0.00%,S4,Sec,SMath(AM),SMath(AM),SMath,Kovan,Gin,FALSE
Sec JunCC<>S3 2026<>Sec - AM<>Gin<>Saturday<>Kovan<>KO-2<>21<>30 May<>11:00 am<>,Sec JunCC,S3 2026,Sec - AM,Gin,Saturday,Kovan,KO-2,21,30 May (Sat),11:00:00 AM,S3 A Math,Exponential & Logarithm Functions,5/30/2026,11:15AM - 01:15PM,https://tinyurl.com/SOKGuide,988 Upper Serangoon Rd #01-16 (Stars of Kovan) S534733,988 Upper Serangoon Rd #01-16 (Stars of Kovan) S534733  (Video Guide: https://tinyurl.com/SOKGuide),S3 A Math,Open - Running,[S3 A Math] Kovan | 30 May (Sat) | 11:15AM - 01:15PM,S3 A Math - Kovan - 30 May Sat 11:15AM,[S3 A Math] Kovan | 30 May (Sat) | 11:15AM - 01:15PM,0,,0,0,0 / 21,,0 |  | 21,0.00%,S3,Sec,SMath(AM),SMath(AM),SMath,Kovan,Gin,FALSE
Sec JunCC<>S2 2026<>Sec - LS Math<>Gin<>Sunday<>Kovan<>KO-2<>21<>31 May<>9:00 am<>,Sec JunCC,S2 2026,Sec - LS Math,Gin,Sunday,Kovan,KO-2,21,31 May (Sun),9:00:00 AM,S2 Math,"Pythagoras' Theorem, Basic Trigonometry",5/31/2026,09:00AM - 11:00AM,https://tinyurl.com/SOKGuide,988 Upper Serangoon Rd #01-16 (Stars of Kovan) S534733,988 Upper Serangoon Rd #01-16 (Stars of Kovan) S534733  (Video Guide: https://tinyurl.com/SOKGuide),S2 Math,Open - Running,[S2 Math] Kovan | 31 May (Sun) | 09:00AM - 11:00AM,S2 Math - Kovan - 31 May Sun 09:00AM,[S2 Math] Kovan | 31 May (Sun) | 09:00AM - 11:00AM,0,,0,0,0 / 21,,0 |  | 21,0.00%,S2,Sec,LSMath,LSMath,SMath,Kovan,Gin,FALSE
Sec JunCC<>S4 2026<>Sec - AM<>Gin<>Sunday<>Kovan<>KO-2<>21<>31 May<>2:00 pm<>,Sec JunCC,S4 2026,Sec - AM,Gin,Sunday,Kovan,KO-2,21,31 May (Sun),2:00:00 PM,S4/5 A Math,Kinematics,5/31/2026,02:00PM - 04:00PM,https://tinyurl.com/SOKGuide,988 Upper Serangoon Rd #01-16 (Stars of Kovan) S534733,988 Upper Serangoon Rd #01-16 (Stars of Kovan) S534733  (Video Guide: https://tinyurl.com/SOKGuide),S4/5 A Math,Open - Running,[S4/5 A Math] Kovan | 31 May (Sun) | 02:00PM - 04:00PM,S4/5 A Math - Kovan - 31 May Sun 02:00PM,[S4/5 A Math] Kovan | 31 May (Sun) | 02:00PM - 04:00PM,0,,1,1,1 / 21,,1 |  | 21,0.00%,S4,Sec,SMath(AM),SMath(AM),SMath,Kovan,Gin,FALSE
Sec JunCC<>S3 2026<>Sec - AM<>Gin<>Sunday<>Kovan<>KO-2<>21<>31 May<>4:00 pm<>,Sec JunCC,S3 2026,Sec - AM,Gin,Sunday,Kovan,KO-2,21,31 May (Sun),4:00:00 PM,S3 A Math,Exponential & Logarithm Functions,5/31/2026,04:15PM - 06:15PM,https://tinyurl.com/SOKGuide,988 Upper Serangoon Rd #01-16 (Stars of Kovan) S534733,988 Upper Serangoon Rd #01-16 (Stars of Kovan) S534733  (Video Guide: https://tinyurl.com/SOKGuide),S3 A Math,Open - Running,[S3 A Math] Kovan | 31 May (Sun) | 04:15PM - 06:15PM,S3 A Math - Kovan - 31 May Sun 04:15PM,[S3 A Math] Kovan | 31 May (Sun) | 04:15PM - 06:15PM,0,,0,0,0 / 21,,0 |  | 21,0.00%,S3,Sec,SMath(AM),SMath(AM),SMath,Kovan,Gin,FALSE
Sec JunCC<>S4 2026<>Sec - SS<>Lynn Seah<>Saturday<>Serangoon<>BHC-2<>23<>30 May<>9:00 am<>,Sec JunCC,S4 2026,Sec - SS,Lynn Seah,Saturday,Serangoon,BHC-2,23,30 May (Sat),9:00:00 AM,S4 Social Studies,SBQ skills (source analysis; surprise/hybrid/assertion),5/30/2026,09:00AM - 11:00AM,https://tinyurl.com/zenithSERANGOON,50 Serangoon Avenue 2 #03-01 S556129,50 Serangoon Avenue 2 #03-01 S556129  (Video Guide: https://tinyurl.com/zenithSERANGOON),S4 Social Studies,Open - Running,[S4 Social Studies] Serangoon | 30 May (Sat) | 09:00AM - 11:00AM,S4 Social Studies - Serangoon - 30 May Sat 09:00AM,[S4 Social Studies] Serangoon | 30 May (Sat) | 09:00AM - 11:00AM,0,,5,5,5 / 23,,5 |  | 23,0.00%,S4,Sec,SSoc,SSoc,SSoc,Braddell Heights,Lynn Seah,FALSE
Sec JunCC<>S3 2026<>Sec - SS<>Lynn Seah<>Saturday<>Serangoon<>BHC-2<>23<>30 May<>11:00 am<>,Sec JunCC,S3 2026,Sec - SS,Lynn Seah,Saturday,Serangoon,BHC-2,23,30 May (Sat),11:00:00 AM,S3 Social Studies,"SBQ skills (source analysis; comparison, reliability & usefulness)",5/30/2026,11:15AM - 01:15PM,https://tinyurl.com/zenithSERANGOON,50 Serangoon Avenue 2 #03-01 S556129,50 Serangoon Avenue 2 #03-01 S556129  (Video Guide: https://tinyurl.com/zenithSERANGOON),S3 Social Studies,Open - Running,[S3 Social Studies] Serangoon | 30 May (Sat) | 11:15AM - 01:15PM,S3 Social Studies - Serangoon - 30 May Sat 11:15AM,[S3 Social Studies] Serangoon | 30 May (Sat) | 11:15AM - 01:15PM,0,,5,5,5 / 23,,5 |  | 23,0.00%,S3,Sec,SSoc,SSoc,SSoc,Braddell Heights,Lynn Seah,FALSE
Sec JunCC<>S4 2026<>Sec - SS<>Lynn Seah<>Saturday<>Serangoon<>BHC-2<>23<>30 May<>2:00 pm<>,Sec JunCC,S4 2026,Sec - SS,Lynn Seah,Saturday,Serangoon,BHC-2,23,30 May (Sat),2:00:00 PM,S4 Social Studies,SBQ skills (source analysis; surprise/hybrid/assertion),5/30/2026,02:00PM - 04:00PM,https://tinyurl.com/zenithSERANGOON,50 Serangoon Avenue 2 #03-01 S556129,50 Serangoon Avenue 2 #03-01 S556129  (Video Guide: https://tinyurl.com/zenithSERANGOON),S4 Social Studies,Open - Running,[S4 Social Studies] Serangoon | 30 May (Sat) | 02:00PM - 04:00PM,S4 Social Studies - Serangoon - 30 May Sat 02:00PM,[S4 Social Studies] Serangoon | 30 May (Sat) | 02:00PM - 04:00PM,0,,10,10,10 / 23,,10 |  | 23,0.00%,S4,Sec,SSoc,SSoc,SSoc,Braddell Heights,Lynn Seah,FALSE
Sec JunCC<>S3 2026<>SS - C Lit<>Adri<>Saturday<>Serangoon<>BHC-3<>21<>30 May<>9:00 am<>,Sec JunCC,S3 2026,SS - C Lit,Adri,Saturday,Serangoon,BHC-3,21,30 May (Sat),9:00:00 AM,S3 Combined Literature,Unseen Poetry (Building Insight through Language/Context Clues),5/30/2026,09:00AM - 11:00AM,https://tinyurl.com/zenithSERANGOON,50 Serangoon Avenue 2 #03-01 S556129,50 Serangoon Avenue 2 #03-01 S556129  (Video Guide: https://tinyurl.com/zenithSERANGOON),S3 Literature,Open - Running,[S3 Combined Literature] Serangoon | 30 May (Sat) | 09:00AM - 11:00AM,S3 Combined Literature - Serangoon - 30 May Sat 09:00AM,[S3 Combined Literature] Serangoon | 30 May (Sat) | 09:00AM - 11:00AM,0,,0,1,1 / 21,,1 |  | 21,0.00%,S3,Sec,SLit(Comb),SLit,SLit,Braddell Heights,Adri,FALSE
Sec JunCC<>S4 2026<>SS - C Lit<>Adri<>Saturday<>Serangoon<>BHC-3<>21<>30 May<>11:00 am<>,Sec JunCC,S4 2026,SS - C Lit,Adri,Saturday,Serangoon,BHC-3,21,30 May (Sat),11:00:00 AM,S4 Combined Literature,Unseen Poetry (Building Insight through Language/Context Clues),5/30/2026,11:15AM - 01:15PM,https://tinyurl.com/zenithSERANGOON,50 Serangoon Avenue 2 #03-01 S556129,50 Serangoon Avenue 2 #03-01 S556129  (Video Guide: https://tinyurl.com/zenithSERANGOON),S4 Literature,Open - Running,[S4 Combined Literature] Serangoon | 30 May (Sat) | 11:15AM - 01:15PM,S4 Combined Literature - Serangoon - 30 May Sat 11:15AM,[S4 Combined Literature] Serangoon | 30 May (Sat) | 11:15AM - 01:15PM,0,,4,4,4 / 21,,4 |  | 21,0.00%,S4,Sec,SLit(Comb),SLit,SLit,Braddell Heights,Adri,FALSE
Sec JunCC<>S4 2026<>SS - P Lit<>Adri<>Saturday<>Serangoon<>BHC-3<>21<>30 May<>2:00 pm<>,Sec JunCC,S4 2026,SS - P Lit,Adri,Saturday,Serangoon,BHC-3,21,30 May (Sat),2:00:00 PM,S4 Pure Literature,Unseen Poetry (Building Insight through Language/Context Clues),5/30/2026,02:00PM - 04:00PM,https://tinyurl.com/zenithSERANGOON,50 Serangoon Avenue 2 #03-01 S556129,50 Serangoon Avenue 2 #03-01 S556129  (Video Guide: https://tinyurl.com/zenithSERANGOON),S4 Literature,Open - Running,[S4 Pure Literature] Serangoon | 30 May (Sat) | 02:00PM - 04:00PM,S4 Pure Literature - Serangoon - 30 May Sat 02:00PM,[S4 Pure Literature] Serangoon | 30 May (Sat) | 02:00PM - 04:00PM,0,,0,0,0 / 21,,0 |  | 21,0.00%,S4,Sec,SLit(Pure),SLit,SLit,Braddell Heights,Adri,FALSE
Sec JunCC<>S3 2026<>Sec - EM<>Vegas<>Tuesday<>Buona Vista<>BV-2 (L3)<>18<>2 Jun<>10:00 am<>,Sec JunCC,S3 2026,Sec - EM,Vegas,Tuesday,Buona Vista,BV-2 (L3),18,02 Jun (Tue),10:00:00 AM,S3 E Math,Properties of Circles,6/2/2026,10:00AM - 12:00PM,bit.ly/zenithBV,35 Rochester Dr #02-23 (Rochester Mall) S138639,35 Rochester Dr #02-23 (Rochester Mall) S138639  (Video Guide: bit.ly/zenithBV),S3 E Math,Open - Running,[S3 E Math] Buona Vista | 02 Jun (Tue) | 10:00AM - 12:00PM,S3 E Math - Buona Vista - 02 Jun Tue 10:00AM,[S3 E Math] Buona Vista | 02 Jun (Tue) | 10:00AM - 12:00PM,0,,7,7,7 / 18,,7 |  | 18,0.00%,S3,Sec,SMath(EM),SMath(EM),SMath,Buona Vista,Vegas,FALSE
Sec JunCC<>S3 2026<>Sec - AM<>Vegas<>Tuesday<>Buona Vista<>BV-2 (L3)<>18<>2 Jun<>1:00 pm<>,Sec JunCC,S3 2026,Sec - AM,Vegas,Tuesday,Buona Vista,BV-2 (L3),18,02 Jun (Tue),1:00:00 PM,S3 A Math,Exponential & Logarithm Functions,6/2/2026,01:00PM - 03:00PM,bit.ly/zenithBV,35 Rochester Dr #02-23 (Rochester Mall) S138639,35 Rochester Dr #02-23 (Rochester Mall) S138639  (Video Guide: bit.ly/zenithBV),S3 A Math,Open - Running,[S3 A Math] Buona Vista | 02 Jun (Tue) | 01:00PM - 03:00PM,S3 A Math - Buona Vista - 02 Jun Tue 01:00PM,[S3 A Math] Buona Vista | 02 Jun (Tue) | 01:00PM - 03:00PM,0,,4,4,4 / 18,,4 |  | 18,0.00%,S3,Sec,SMath(AM),SMath(AM),SMath,Buona Vista,Vegas,FALSE
Sec JunCC<>S2 2026<>Sec - LS Math<>Jacelyn<>Wednesday<>Buona Vista<>BV-2 (L3)<>18<>3 Jun<>10:00 am<>,Sec JunCC,S2 2026,Sec - LS Math,Jacelyn,Wednesday,Buona Vista,BV-2 (L3),18,03 Jun (Wed),10:00:00 AM,S2 Math,"Pythagoras' Theorem, Basic Trigonometry",6/3/2026,10:00AM - 12:00PM,bit.ly/zenithBV,35 Rochester Dr #02-23 (Rochester Mall) S138639,35 Rochester Dr #02-23 (Rochester Mall) S138639  (Video Guide: bit.ly/zenithBV),S2 Math,Open - Running,[S2 Math] Buona Vista | 03 Jun (Wed) | 10:00AM - 12:00PM,S2 Math - Buona Vista - 03 Jun Wed 10:00AM,[S2 Math] Buona Vista | 03 Jun (Wed) | 10:00AM - 12:00PM,0,,4,4,4 / 18,,4 |  | 18,0.00%,S2,Sec,LSMath,LSMath,SMath,Buona Vista,Jacelyn,FALSE
Sec JunCC<>S1 2026<>Sec - LS Math<>Jacelyn<>Wednesday<>Buona Vista<>BV-2 (L3)<>18<>3 Jun<>1:00 pm<>,Sec JunCC,S1 2026,Sec - LS Math,Jacelyn,Wednesday,Buona Vista,BV-2 (L3),18,03 Jun (Wed),1:00:00 PM,S1 Math,"Percentage & Ratio, Algebra Revision",6/3/2026,01:00PM - 03:00PM,bit.ly/zenithBV,35 Rochester Dr #02-23 (Rochester Mall) S138639,35 Rochester Dr #02-23 (Rochester Mall) S138639  (Video Guide: bit.ly/zenithBV),S1 Math,Open - Running,[S1 Math] Buona Vista | 03 Jun (Wed) | 01:00PM - 03:00PM,S1 Math - Buona Vista - 03 Jun Wed 01:00PM,[S1 Math] Buona Vista | 03 Jun (Wed) | 01:00PM - 03:00PM,0,,10,10,10 / 18,,10 |  | 18,0.00%,S1,Sec,LSMath,LSMath,SMath,Buona Vista,Jacelyn,FALSE
Sec JunCC<>S4 2026<>Sec - EM<>Vegas<>Wednesday<>Buona Vista<>BV-3 (L2)<>28<>3 Jun<>10:00 am<>,Sec JunCC,S4 2026,Sec - EM,Vegas,Wednesday,Buona Vista,BV-3 (L2),28,03 Jun (Wed),10:00:00 AM,S4/5 E Math,Vectors,6/3/2026,10:00AM - 12:00PM,bit.ly/zenithBV,35 Rochester Dr #02-23 (Rochester Mall) S138639,35 Rochester Dr #02-23 (Rochester Mall) S138639  (Video Guide: bit.ly/zenithBV),S4/5 E Math,Open - Running,[S4/5 E Math] Buona Vista | 03 Jun (Wed) | 10:00AM - 12:00PM,S4/5 E Math - Buona Vista - 03 Jun Wed 10:00AM,[S4/5 E Math] Buona Vista | 03 Jun (Wed) | 10:00AM - 12:00PM,0,,20,20,20 / 28,,20 |  | 28,0.00%,S4,Sec,SMath(EM),SMath(EM),SMath,Buona Vista,Vegas,FALSE
Sec JunCC<>S4 2026<>Sec - AM<>Vegas<>Wednesday<>Buona Vista<>BV-3 (L2)<>28<>3 Jun<>1:00 pm<>,Sec JunCC,S4 2026,Sec - AM,Vegas,Wednesday,Buona Vista,BV-3 (L2),28,03 Jun (Wed),1:00:00 PM,S4/5 A Math,Kinematics,6/3/2026,01:00PM - 03:00PM,bit.ly/zenithBV,35 Rochester Dr #02-23 (Rochester Mall) S138639,35 Rochester Dr #02-23 (Rochester Mall) S138639  (Video Guide: bit.ly/zenithBV),S4/5 A Math,Open - Running,[S4/5 A Math] Buona Vista | 03 Jun (Wed) | 01:00PM - 03:00PM,S4/5 A Math - Buona Vista - 03 Jun Wed 01:00PM,[S4/5 A Math] Buona Vista | 03 Jun (Wed) | 01:00PM - 03:00PM,0,,17,17,17 / 28,,17 |  | 28,0.00%,S4,Sec,SMath(AM),SMath(AM),SMath,Buona Vista,Vegas,FALSE
Sec JunCC<>S3 2026<>Sec - P Chem<>Melissa<>Monday<>Buona Vista<>BV-4 (L2)<>22<>1 Jun<>1:00 pm<>,Sec JunCC,S3 2026,Sec - P Chem,Melissa,Monday,Buona Vista,BV-4 (L2),22,01 Jun (Mon),1:00:00 PM,S3 Pure Chemistry,Mole Concept & Stoichiometry,6/1/2026,01:00PM - 03:00PM,bit.ly/zenithBV,35 Rochester Dr #02-23 (Rochester Mall) S138639,35 Rochester Dr #02-23 (Rochester Mall) S138639  (Video Guide: bit.ly/zenithBV),S3 Chemistry,Open - Running,[S3 Pure Chemistry] Buona Vista | 01 Jun (Mon) | 01:00PM - 03:00PM,S3 Pure Chemistry - Buona Vista - 01 Jun Mon 01:00PM,[S3 Pure Chemistry] Buona Vista | 01 Jun (Mon) | 01:00PM - 03:00PM,0,,4,4,4 / 22,,4 |  | 22,0.00%,S3,Sec,SChem(Pure),SChem,SChem,Buona Vista,Melissa,FALSE
Sec JunCC<>S3 2026<>Sec - P Chem<>Crystal<>Tuesday<>Buona Vista<>BV-4 (L2)<>22<>2 Jun<>1:00 pm<>,Sec JunCC,S3 2026,Sec - P Chem,Crystal,Tuesday,Buona Vista,BV-4 (L2),22,02 Jun (Tue),1:00:00 PM,S3 Pure Chemistry,Mole Concept & Stoichiometry,6/2/2026,01:00PM - 03:00PM,bit.ly/zenithBV,35 Rochester Dr #02-23 (Rochester Mall) S138639,35 Rochester Dr #02-23 (Rochester Mall) S138639  (Video Guide: bit.ly/zenithBV),S3 Chemistry,Open - Running,[S3 Pure Chemistry] Buona Vista | 02 Jun (Tue) | 01:00PM - 03:00PM,S3 Pure Chemistry - Buona Vista - 02 Jun Tue 01:00PM,[S3 Pure Chemistry] Buona Vista | 02 Jun (Tue) | 01:00PM - 03:00PM,0,,5,5,5 / 22,,5 |  | 22,0.00%,S3,Sec,SChem(Pure),SChem,SChem,Buona Vista,Crystal,FALSE
Sec JunCC<>S4 2026<>Sec - P Phy<>Jerlyn<>Wednesday<>Buona Vista<>BV-4 (L2)<>22<>3 Jun<>10:00 am<>,Sec JunCC,S4 2026,Sec - P Phy,Jerlyn,Wednesday,Buona Vista,BV-4 (L2),22,03 Jun (Wed),10:00:00 AM,S4/5 Pure Physics,Electromagnetism,6/3/2026,10:00AM - 12:00PM,bit.ly/zenithBV,35 Rochester Dr #02-23 (Rochester Mall) S138639,35 Rochester Dr #02-23 (Rochester Mall) S138639  (Video Guide: bit.ly/zenithBV),S4/5 Physics,Open - Running,[S4/5 Pure Physics] Buona Vista | 03 Jun (Wed) | 10:00AM - 12:00PM,S4/5 Pure Physics - Buona Vista - 03 Jun Wed 10:00AM,[S4/5 Pure Physics] Buona Vista | 03 Jun (Wed) | 10:00AM - 12:00PM,0,,6,6,6 / 22,,6 |  | 22,0.00%,S4,Sec,SPhy(Pure),SPhy,SPhy,Buona Vista,Jerlyn,FALSE
Sec JunCC<>S3 2026<>Sec - P Phy<>Jerlyn<>Wednesday<>Buona Vista<>BV-4 (L2)<>22<>3 Jun<>1:00 pm<>,Sec JunCC,S3 2026,Sec - P Phy,Jerlyn,Wednesday,Buona Vista,BV-4 (L2),22,03 Jun (Wed),1:00:00 PM,S3 Pure Physics,Energy,6/3/2026,01:00PM - 03:00PM,bit.ly/zenithBV,35 Rochester Dr #02-23 (Rochester Mall) S138639,35 Rochester Dr #02-23 (Rochester Mall) S138639  (Video Guide: bit.ly/zenithBV),S3 Physics,Open - Running,[S3 Pure Physics] Buona Vista | 03 Jun (Wed) | 01:00PM - 03:00PM,S3 Pure Physics - Buona Vista - 03 Jun Wed 01:00PM,[S3 Pure Physics] Buona Vista | 03 Jun (Wed) | 01:00PM - 03:00PM,0,,2,2,2 / 22,,2 |  | 22,0.00%,S3,Sec,SPhy(Pure),SPhy,SPhy,Buona Vista,Jerlyn,FALSE
Sec JunCC<>S3 2026<>Sec - P Phy<>Melissa<>Thursday<>Buona Vista<>BV-4 (L2)<>22<>4 Jun<>1:00 pm<>,Sec JunCC,S3 2026,Sec - P Phy,Melissa,Thursday,Buona Vista,BV-4 (L2),22,04 Jun (Thu),1:00:00 PM,S3 Pure Physics,Energy,6/4/2026,01:00PM - 03:00PM,bit.ly/zenithBV,35 Rochester Dr #02-23 (Rochester Mall) S138639,35 Rochester Dr #02-23 (Rochester Mall) S138639  (Video Guide: bit.ly/zenithBV),S3 Physics,Open - Running,[S3 Pure Physics] Buona Vista | 04 Jun (Thu) | 01:00PM - 03:00PM,S3 Pure Physics - Buona Vista - 04 Jun Thu 01:00PM,[S3 Pure Physics] Buona Vista | 04 Jun (Thu) | 01:00PM - 03:00PM,0,,4,4,4 / 22,,4 |  | 22,0.00%,S3,Sec,SPhy(Pure),SPhy,SPhy,Buona Vista,Melissa,FALSE
Sec JunCC<>S3 2026<>Sec - P Bio<>Richard<>Sunday<>Buona Vista<>BV-LT<>70<>7 Jun<>6:00 pm<>,Sec JunCC,S3 2026,Sec - P Bio,Richard,Sunday,Buona Vista,BV-LT,70,07 Jun (Sun),6:00:00 PM,S3 Pure Biology,Transport in Humans,6/7/2026,06:00PM - 08:00PM,bit.ly/zenithBV,35 Rochester Dr #02-23 (Rochester Mall) S138639,35 Rochester Dr #02-23 (Rochester Mall) S138639  (Video Guide: bit.ly/zenithBV),S3 Biology,Open - Running,[S3 Pure Biology] Buona Vista | 07 Jun (Sun) | 06:00PM - 08:00PM,S3 Pure Biology - Buona Vista - 07 Jun Sun 06:00PM,[S3 Pure Biology] Buona Vista | 07 Jun (Sun) | 06:00PM - 08:00PM,0,,20,28,28 / 70,,28 |  | 70,0.00%,S3,Sec,SBio(Pure),SBio,SBio,Buona Vista,Richard,FALSE
Sec JunCC<>S4 2026<>Sec - Eng<>John<>Wednesday<>Buona Vista<>BV-LT<>70<>3 Jun<>5:00 pm<>,Sec JunCC,S4 2026,Sec - Eng,John,Wednesday,Buona Vista,BV-LT,70,03 Jun (Wed),5:00:00 PM,S4/5 English,Narrative Comprehension,6/3/2026,05:00PM - 07:00PM,bit.ly/zenithBV,35 Rochester Dr #02-23 (Rochester Mall) S138639,35 Rochester Dr #02-23 (Rochester Mall) S138639  (Video Guide: bit.ly/zenithBV),S4/5 English,Open - Running,[S4/5 English] Buona Vista | 03 Jun (Wed) | 05:00PM - 07:00PM,S4/5 English - Buona Vista - 03 Jun Wed 05:00PM,[S4/5 English] Buona Vista | 03 Jun (Wed) | 05:00PM - 07:00PM,0,,71,71,71 / 70,,71 |  | 70,0.00%,S4,Sec,SEng,SEng,SEng,Buona Vista,John,TRUE
Sec JunCC<>S3 2026<>Sec - P Chem<>Nicholas<>Saturday<>Tan Kah Kee<>TKK-1<>14<>6 Jun<>2:00 pm<>,Sec JunCC,S3 2026,Sec - P Chem,Nicholas,Saturday,Tan Kah Kee,TKK-1,14,06 Jun (Sat),2:00:00 PM,S3 Pure Chemistry,Mole Concept & Stoichiometry,6/6/2026,02:00PM - 04:00PM,bit.ly/TKK607,607 Bukit Timah Road #02-01 S269708,607 Bukit Timah Road #02-01 S269708  (Video Guide: bit.ly/TKK607),S3 Chemistry,Open - Running,[S3 Pure Chemistry] Tan Kah Kee | 06 Jun (Sat) | 02:00PM - 04:00PM,S3 Pure Chemistry - Tan Kah Kee - 06 Jun Sat 02:00PM,[S3 Pure Chemistry] Tan Kah Kee | 06 Jun (Sat) | 02:00PM - 04:00PM,0,,1,1,1 / 14,,1 |  | 14,0.00%,S3,Sec,SChem(Pure),SChem,SChem,Coro + TKK,Nicholas,FALSE
Sec JunCC<>S4 2026<>Sec - IP Eng<>Antonia<>Sunday<>Tan Kah Kee<>TKK-1<>14<>7 Jun<>11:00 am<>,Sec JunCC,S4 2026,Sec - IP Eng,Antonia,Sunday,Tan Kah Kee,TKK-1,14,07 Jun (Sun),11:00:00 AM,S4 IP English,Argumentative Essay,6/7/2026,11:15AM - 01:15PM,bit.ly/TKK607,607 Bukit Timah Road #02-01 S269708,607 Bukit Timah Road #02-01 S269708  (Video Guide: bit.ly/TKK607),S4 English (IP),Open - Running,[S4 IP English] Tan Kah Kee | 07 Jun (Sun) | 11:15AM - 01:15PM,S4 IP English - Tan Kah Kee - 07 Jun Sun 11:15AM,[S4 IP English] Tan Kah Kee | 07 Jun (Sun) | 11:15AM - 01:15PM,0,,3,3,3 / 14,,3 |  | 14,0.00%,S4,Sec,SEng(IP),SEng(IP),SEng,Coro + TKK,Antonia,FALSE
Sec JunCC<>S3 2026<>SS - P Hist<>Evan<>Wednesday<>Potong Pasir<>PP-3 (L2)<>25<>3 Jun<>10:00 am<>,Sec JunCC,S3 2026,SS - P Hist,Evan,Wednesday,Potong Pasir,PP-3 (L2),25,03 Jun (Wed),10:00:00 AM,S3 Pure History,The Rise of Dictatorship: Germany,6/3/2026,10:00AM - 12:00PM,bit.ly/zenithPP,25 Tai Thong Crescent (Beside 7-11) S347856,25 Tai Thong Crescent (Beside 7-11) S347856  (Video Guide: bit.ly/zenithPP),S3 History,Open - Running,[S3 Pure History] Potong Pasir | 03 Jun (Wed) | 10:00AM - 12:00PM,S3 Pure History - Potong Pasir - 03 Jun Wed 10:00AM,[S3 Pure History] Potong Pasir | 03 Jun (Wed) | 10:00AM - 12:00PM,0,,0,0,0 / 25,,0 |  | 25,0.00%,S3,Sec,SHis(Pure),SHis,SHis,Potong Pasir,Evan,FALSE
Sec JunCC<>S4 2026<>SS - P Hist<>Evan<>Wednesday<>Potong Pasir<>PP-3 (L2)<>25<>3 Jun<>1:00 pm<>,Sec JunCC,S4 2026,SS - P Hist,Evan,Wednesday,Potong Pasir,PP-3 (L2),25,03 Jun (Wed),1:00:00 PM,S4 Pure History,The Rise of Militarist Japan,6/3/2026,01:00PM - 03:00PM,bit.ly/zenithPP,25 Tai Thong Crescent (Beside 7-11) S347856,25 Tai Thong Crescent (Beside 7-11) S347856  (Video Guide: bit.ly/zenithPP),S4 History,Open - Running,[S4 Pure History] Potong Pasir | 03 Jun (Wed) | 01:00PM - 03:00PM,S4 Pure History - Potong Pasir - 03 Jun Wed 01:00PM,[S4 Pure History] Potong Pasir | 03 Jun (Wed) | 01:00PM - 03:00PM,0,,6,6,6 / 25,,6 |  | 25,0.00%,S4,Sec,SHis(Pure),SHis,SHis,Potong Pasir,Evan,FALSE
Sec JunCC<>S4 2026<>Sec - P Chem<>Nick<>Wednesday<>Potong Pasir<>PP-2 (L1)<>21<>3 Jun<>10:00 am<>,Sec JunCC,S4 2026,Sec - P Chem,Nick,Wednesday,Potong Pasir,PP-2 (L1),21,03 Jun (Wed),10:00:00 AM,S4/5 Pure Chemistry,Electrochemistry,6/3/2026,10:00AM - 12:00PM,bit.ly/zenithPP,25 Tai Thong Crescent (Beside 7-11) S347856,25 Tai Thong Crescent (Beside 7-11) S347856  (Video Guide: bit.ly/zenithPP),S4/5 Chemistry,Open - Running,[S4/5 Pure Chemistry] Potong Pasir | 03 Jun (Wed) | 10:00AM - 12:00PM,S4/5 Pure Chemistry - Potong Pasir - 03 Jun Wed 10:00AM,[S4/5 Pure Chemistry] Potong Pasir | 03 Jun (Wed) | 10:00AM - 12:00PM,0,,14,14,14 / 21,,14 |  | 21,0.00%,S4,Sec,SChem(Pure),SChem,SChem,Potong Pasir,Nick,FALSE
Sec JunCC<>S3 2026<>Sec - P Chem<>Nick<>Wednesday<>Potong Pasir<>PP-2 (L1)<>21<>3 Jun<>1:00 pm<>,Sec JunCC,S3 2026,Sec - P Chem,Nick,Wednesday,Potong Pasir,PP-2 (L1),21,03 Jun (Wed),1:00:00 PM,S3 Pure Chemistry,Mole Concept & Stoichiometry,6/3/2026,01:00PM - 03:00PM,bit.ly/zenithPP,25 Tai Thong Crescent (Beside 7-11) S347856,25 Tai Thong Crescent (Beside 7-11) S347856  (Video Guide: bit.ly/zenithPP),S3 Chemistry,Open - Running,[S3 Pure Chemistry] Potong Pasir | 03 Jun (Wed) | 01:00PM - 03:00PM,S3 Pure Chemistry - Potong Pasir - 03 Jun Wed 01:00PM,[S3 Pure Chemistry] Potong Pasir | 03 Jun (Wed) | 01:00PM - 03:00PM,0,,3,3,3 / 21,,3 |  | 21,0.00%,S3,Sec,SChem(Pure),SChem,SChem,Potong Pasir,Nick,FALSE
Sec JunCC<>S4 2026<>SS - P Hist<>Evan<>Saturday<>Potong Pasir<>PP-5<>12<>6 Jun<>9:00 am<>,Sec JunCC,S4 2026,SS - P Hist,Evan,Saturday,Potong Pasir,PP-5,12,06 Jun (Sat),9:00:00 AM,S4 Pure History,The Rise of Militarist Japan,6/6/2026,09:00AM - 11:00AM,bit.ly/zenithPP,25 Tai Thong Crescent (Beside 7-11) S347856,25 Tai Thong Crescent (Beside 7-11) S347856  (Video Guide: bit.ly/zenithPP),S4 History,Open - Running,[S4 Pure History] Potong Pasir | 06 Jun (Sat) | 09:00AM - 11:00AM,S4 Pure History - Potong Pasir - 06 Jun Sat 09:00AM,[S4 Pure History] Potong Pasir | 06 Jun (Sat) | 09:00AM - 11:00AM,0,,3,3,3 / 12,,3 |  | 12,0.00%,S4,Sec,SHis(Pure),SHis,SHis,Potong Pasir,Evan,FALSE
Sec JunCC<>S4 2026<>SS - C Hist<>Evan<>Saturday<>Potong Pasir<>PP-5<>12<>6 Jun<>11:00 am<>,Sec JunCC,S4 2026,SS - C Hist,Evan,Saturday,Potong Pasir,PP-5,12,06 Jun (Sat),11:00:00 AM,S4 Combined History,The Rise of Militarist Japan,6/6/2026,11:15AM - 01:15PM,bit.ly/zenithPP,25 Tai Thong Crescent (Beside 7-11) S347856,25 Tai Thong Crescent (Beside 7-11) S347856  (Video Guide: bit.ly/zenithPP),S4 History,Open - Running,[S4 Combined History] Potong Pasir | 06 Jun (Sat) | 11:15AM - 01:15PM,S4 Combined History - Potong Pasir - 06 Jun Sat 11:15AM,[S4 Combined History] Potong Pasir | 06 Jun (Sat) | 11:15AM - 01:15PM,0,,3,3,3 / 12,,3 |  | 12,0.00%,S4,Sec,SHis(Comb),SHis,SHis,Potong Pasir,Evan,FALSE
Sec JunCC<>S3 2026<>SS - P Hist<>Evan<>Saturday<>Potong Pasir<>PP-5<>12<>6 Jun<>2:00 pm<>,Sec JunCC,S3 2026,SS - P Hist,Evan,Saturday,Potong Pasir,PP-5,12,06 Jun (Sat),2:00:00 PM,S3 Pure History,The Rise of Dictatorship: Germany,6/6/2026,02:00PM - 04:00PM,bit.ly/zenithPP,25 Tai Thong Crescent (Beside 7-11) S347856,25 Tai Thong Crescent (Beside 7-11) S347856  (Video Guide: bit.ly/zenithPP),S3 History,Open - Running,[S3 Pure History] Potong Pasir | 06 Jun (Sat) | 02:00PM - 04:00PM,S3 Pure History - Potong Pasir - 06 Jun Sat 02:00PM,[S3 Pure History] Potong Pasir | 06 Jun (Sat) | 02:00PM - 04:00PM,0,,0,0,0 / 12,,0 |  | 12,0.00%,S3,Sec,SHis(Pure),SHis,SHis,Potong Pasir,Evan,FALSE
Sec JunCC<>S4 2026<>SS - C Hist<>Evan<>Wednesday<>Potong Pasir<>PP-7<>16<>3 Jun<>5:00 pm<>,Sec JunCC,S4 2026,SS - C Hist,Evan,Wednesday,Potong Pasir,PP-7,16,03 Jun (Wed),5:00:00 PM,S4 Combined History,The Rise of Militarist Japan,6/3/2026,05:00PM - 07:00PM,bit.ly/zenithPP,25 Tai Thong Crescent (Beside 7-11) S347856,25 Tai Thong Crescent (Beside 7-11) S347856  (Video Guide: bit.ly/zenithPP),S4 History,Open - Running,[S4 Combined History] Potong Pasir | 03 Jun (Wed) | 05:00PM - 07:00PM,S4 Combined History - Potong Pasir - 03 Jun Wed 05:00PM,[S4 Combined History] Potong Pasir | 03 Jun (Wed) | 05:00PM - 07:00PM,0,,4,4,4 / 16,,4 |  | 16,0.00%,S4,Sec,SHis(Comb),SHis,SHis,Potong Pasir,Evan,FALSE
Sec JunCC<>S3 2026<>SS - P Hist<>Evan<>Wednesday<>Potong Pasir<>PP-7<>16<>3 Jun<>7:00 pm<>,Sec JunCC,S3 2026,SS - P Hist,Evan,Wednesday,Potong Pasir,PP-7,16,03 Jun (Wed),7:00:00 PM,S3 Pure History,The Rise of Dictatorship: Germany,6/3/2026,07:15PM - 09:15PM,bit.ly/zenithPP,25 Tai Thong Crescent (Beside 7-11) S347856,25 Tai Thong Crescent (Beside 7-11) S347856  (Video Guide: bit.ly/zenithPP),S3 History,Open - Running,[S3 Pure History] Potong Pasir | 03 Jun (Wed) | 07:15PM - 09:15PM,S3 Pure History - Potong Pasir - 03 Jun Wed 07:15PM,[S3 Pure History] Potong Pasir | 03 Jun (Wed) | 07:15PM - 09:15PM,0,,1,1,1 / 16,,1 |  | 16,0.00%,S3,Sec,SHis(Pure),SHis,SHis,Potong Pasir,Evan,FALSE
Sec JunCC<>S3 2026<>Sec - AM<>Chen Fang<>Thursday<>Potong Pasir<>PP-7<>16<>4 Jun<>10:00 am<>,Sec JunCC,S3 2026,Sec - AM,Chen Fang,Thursday,Potong Pasir,PP-7,16,04 Jun (Thu),10:00:00 AM,S3 A Math,Exponential & Logarithm Functions,6/4/2026,10:00AM - 12:00PM,bit.ly/zenithPP,25 Tai Thong Crescent (Beside 7-11) S347856,25 Tai Thong Crescent (Beside 7-11) S347856  (Video Guide: bit.ly/zenithPP),S3 A Math,Open - Running,[S3 A Math] Potong Pasir | 04 Jun (Thu) | 10:00AM - 12:00PM,S3 A Math - Potong Pasir - 04 Jun Thu 10:00AM,[S3 A Math] Potong Pasir | 04 Jun (Thu) | 10:00AM - 12:00PM,0,,0,0,0 / 16,,0 |  | 16,0.00%,S3,Sec,SMath(AM),SMath(AM),SMath,Potong Pasir,Chen Fang,FALSE
Sec JunCC<>S4 2026<>Sec - AM<>Chen Fang<>Thursday<>Potong Pasir<>PP-7<>16<>4 Jun<>1:00 pm<>,Sec JunCC,S4 2026,Sec - AM,Chen Fang,Thursday,Potong Pasir,PP-7,16,04 Jun (Thu),1:00:00 PM,S4/5 A Math,Kinematics,6/4/2026,01:00PM - 03:00PM,bit.ly/zenithPP,25 Tai Thong Crescent (Beside 7-11) S347856,25 Tai Thong Crescent (Beside 7-11) S347856  (Video Guide: bit.ly/zenithPP),S4/5 A Math,Open - Running,[S4/5 A Math] Potong Pasir | 04 Jun (Thu) | 01:00PM - 03:00PM,S4/5 A Math - Potong Pasir - 04 Jun Thu 01:00PM,[S4/5 A Math] Potong Pasir | 04 Jun (Thu) | 01:00PM - 03:00PM,0,,1,1,1 / 16,,1 |  | 16,0.00%,S4,Sec,SMath(AM),SMath(AM),SMath,Potong Pasir,Chen Fang,FALSE
Sec JunCC<>S4 2026<>Sec - P Phy<>Nick<>Tuesday<>Paya Lebar<>KINEX-1<>24<>2 Jun<>10:00 am<>,Sec JunCC,S4 2026,Sec - P Phy,Nick,Tuesday,Paya Lebar,KINEX-1,24,02 Jun (Tue),10:00:00 AM,S4/5 Pure Physics,Electromagnetism,6/2/2026,10:00AM - 12:00PM,bit.ly/zenithKINEX,11 Tanjong Katong Rd #02-09 (KINEX Mall) S437157,11 Tanjong Katong Rd #02-09 (KINEX Mall) S437157  (Video Guide: bit.ly/zenithKINEX),S4/5 Physics,Open - Running,[S4/5 Pure Physics] Paya Lebar | 02 Jun (Tue) | 10:00AM - 12:00PM,S4/5 Pure Physics - Paya Lebar - 02 Jun Tue 10:00AM,[S4/5 Pure Physics] Paya Lebar | 02 Jun (Tue) | 10:00AM - 12:00PM,0,,20,20,20 / 24,,20 |  | 24,0.00%,S4,Sec,SPhy(Pure),SPhy,SPhy,Kinex,Nick,FALSE
Sec JunCC<>S3 2026<>Sec - P Phy<>Nick<>Tuesday<>Paya Lebar<>KINEX-1<>24<>2 Jun<>1:00 pm<>,Sec JunCC,S3 2026,Sec - P Phy,Nick,Tuesday,Paya Lebar,KINEX-1,24,02 Jun (Tue),1:00:00 PM,S3 Pure Physics,Energy,6/2/2026,01:00PM - 03:00PM,bit.ly/zenithKINEX,11 Tanjong Katong Rd #02-09 (KINEX Mall) S437157,11 Tanjong Katong Rd #02-09 (KINEX Mall) S437157  (Video Guide: bit.ly/zenithKINEX),S3 Physics,Open - Running,[S3 Pure Physics] Paya Lebar | 02 Jun (Tue) | 01:00PM - 03:00PM,S3 Pure Physics - Paya Lebar - 02 Jun Tue 01:00PM,[S3 Pure Physics] Paya Lebar | 02 Jun (Tue) | 01:00PM - 03:00PM,0,,3,3,3 / 24,,3 |  | 24,0.00%,S3,Sec,SPhy(Pure),SPhy,SPhy,Kinex,Nick,FALSE
Sec JunCC<>S4 2026<>Sec - AM<>Kai Wen<>Tuesday<>Paya Lebar<>KINEX-2<>30<>2 Jun<>10:00 am<>,Sec JunCC,S4 2026,Sec - AM,Kai Wen,Tuesday,Paya Lebar,KINEX-2,30,02 Jun (Tue),10:00:00 AM,S4/5 A Math,Kinematics,6/2/2026,10:00AM - 12:00PM,bit.ly/zenithKINEX,11 Tanjong Katong Rd #02-09 (KINEX Mall) S437157,11 Tanjong Katong Rd #02-09 (KINEX Mall) S437157  (Video Guide: bit.ly/zenithKINEX),S4/5 A Math,Open - Running,[S4/5 A Math] Paya Lebar | 02 Jun (Tue) | 10:00AM - 12:00PM,S4/5 A Math - Paya Lebar - 02 Jun Tue 10:00AM,[S4/5 A Math] Paya Lebar | 02 Jun (Tue) | 10:00AM - 12:00PM,0,,1,1,1 / 30,,1 |  | 30,0.00%,S4,Sec,SMath(AM),SMath(AM),SMath,Kinex,Kai Wen,FALSE
Sec JunCC<>S3 2026<>Sec - AM<>Keith<>Wednesday<>Paya Lebar<>KINEX-5<>22<>3 Jun<>3:00 pm<>,Sec JunCC,S3 2026,Sec - AM,Keith,Wednesday,Paya Lebar,KINEX-5,22,03 Jun (Wed),3:00:00 PM,S3 A Math,Exponential & Logarithm Functions,6/3/2026,03:00PM - 05:00PM,bit.ly/zenithKINEX,11 Tanjong Katong Rd #02-09 (KINEX Mall) S437157,11 Tanjong Katong Rd #02-09 (KINEX Mall) S437157  (Video Guide: bit.ly/zenithKINEX),S3 A Math,Open - Running,[S3 A Math] Paya Lebar | 03 Jun (Wed) | 03:00PM - 05:00PM,S3 A Math - Paya Lebar - 03 Jun Wed 03:00PM,[S3 A Math] Paya Lebar | 03 Jun (Wed) | 03:00PM - 05:00PM,0,,2,2,2 / 22,,2 |  | 22,0.00%,S3,Sec,SMath(AM),SMath(AM),SMath,Kinex,Keith,FALSE
Sec JunCC<>S4 2026<>Sec - AM<>Kai Wen<>Friday<>Paya Lebar<>KINEX-5<>22<>5 Jun<>10:00 am<>,Sec JunCC,S4 2026,Sec - AM,Kai Wen,Friday,Paya Lebar,KINEX-5,22,05 Jun (Fri),10:00:00 AM,S4/5 A Math,Kinematics,6/5/2026,10:00AM - 12:00PM,bit.ly/zenithKINEX,11 Tanjong Katong Rd #02-09 (KINEX Mall) S437157,11 Tanjong Katong Rd #02-09 (KINEX Mall) S437157  (Video Guide: bit.ly/zenithKINEX),S4/5 A Math,Open - Running,[S4/5 A Math] Paya Lebar | 05 Jun (Fri) | 10:00AM - 12:00PM,S4/5 A Math - Paya Lebar - 05 Jun Fri 10:00AM,[S4/5 A Math] Paya Lebar | 05 Jun (Fri) | 10:00AM - 12:00PM,0,,8,8,8 / 22,,8 |  | 22,0.00%,S4,Sec,SMath(AM),SMath(AM),SMath,Kinex,Kai Wen,FALSE
Sec JunCC<>S4 2026<>Sec - C Chem<>Shannon<>Monday<>Tampines<>TP-1 (main)<>28<>1 Jun<>1:00 pm<>,Sec JunCC,S4 2026,Sec - C Chem,Shannon,Monday,Tampines,TP-1 (main),28,01 Jun (Mon),1:00:00 PM,S4/5 Combined Chemistry,Mole Concept & Stoichiometry,6/1/2026,01:00PM - 03:00PM,bit.ly/zenithTP,1 Tampines Central #08-10 (CPF Building) SS529508,1 Tampines Central #08-10 (CPF Building) SS529508  (Video Guide: bit.ly/zenithTP),S4/5 Chemistry,Open - Running,[S4/5 Combined Chemistry] Tampines | 01 Jun (Mon) | 01:00PM - 03:00PM,S4/5 Combined Chemistry - Tampines - 01 Jun Mon 01:00PM,[S4/5 Combined Chemistry] Tampines | 01 Jun (Mon) | 01:00PM - 03:00PM,0,,22,22,22 / 28,,22 |  | 28,0.00%,S4,Sec,SChem(Comb),SChem,SChem,Tampines,Shannon,FALSE
Sec JunCC<>S4 2026<>Sec - P Chem<>Nick<>Thursday<>Tampines<>TP-1 (main)<>28<>4 Jun<>1:00 pm<>,Sec JunCC,S4 2026,Sec - P Chem,Nick,Thursday,Tampines,TP-1 (main),28,04 Jun (Thu),1:00:00 PM,S4/5 Pure Chemistry,Electrochemistry,6/4/2026,01:00PM - 03:00PM,bit.ly/zenithTP,1 Tampines Central #08-10 (CPF Building) SS529508,1 Tampines Central #08-10 (CPF Building) SS529508  (Video Guide: bit.ly/zenithTP),S4/5 Chemistry,Open - Running,[S4/5 Pure Chemistry] Tampines | 04 Jun (Thu) | 01:00PM - 03:00PM,S4/5 Pure Chemistry - Tampines - 04 Jun Thu 01:00PM,[S4/5 Pure Chemistry] Tampines | 04 Jun (Thu) | 01:00PM - 03:00PM,0,,14,14,14 / 28,,14 |  | 28,0.00%,S4,Sec,SChem(Pure),SChem,SChem,Tampines,Nick,FALSE
Sec JunCC<>S3 2026<>SS - P Hist<>Evan<>Friday<>Tampines<>TP-1 (main)<>28<>5 Jun<>5:00 pm<>,Sec JunCC,S3 2026,SS - P Hist,Evan,Friday,Tampines,TP-1 (main),28,05 Jun (Fri),5:00:00 PM,S3 Pure History,The Rise of Dictatorship: Germany,6/5/2026,05:00PM - 07:00PM,bit.ly/zenithTP,1 Tampines Central #08-10 (CPF Building) SS529508,1 Tampines Central #08-10 (CPF Building) SS529508  (Video Guide: bit.ly/zenithTP),S3 History,Open - Running,[S3 Pure History] Tampines | 05 Jun (Fri) | 05:00PM - 07:00PM,S3 Pure History - Tampines - 05 Jun Fri 05:00PM,[S3 Pure History] Tampines | 05 Jun (Fri) | 05:00PM - 07:00PM,0,,3,3,3 / 28,,3 |  | 28,0.00%,S3,Sec,SHis(Pure),SHis,SHis,Tampines,Evan,FALSE
Sec JunCC<>S4 2026<>SS - C Hist<>Evan<>Friday<>Tampines<>TP-1 (main)<>28<>5 Jun<>7:00 pm<>,Sec JunCC,S4 2026,SS - C Hist,Evan,Friday,Tampines,TP-1 (main),28,05 Jun (Fri),7:00:00 PM,S4 Combined History,The Rise of Militarist Japan,6/5/2026,07:15PM - 09:15PM,bit.ly/zenithTP,1 Tampines Central #08-10 (CPF Building) SS529508,1 Tampines Central #08-10 (CPF Building) SS529508  (Video Guide: bit.ly/zenithTP),S4 History,Open - Running,[S4 Combined History] Tampines | 05 Jun (Fri) | 07:15PM - 09:15PM,S4 Combined History - Tampines - 05 Jun Fri 07:15PM,[S4 Combined History] Tampines | 05 Jun (Fri) | 07:15PM - 09:15PM,0,,6,6,6 / 28,,6 |  | 28,0.00%,S4,Sec,SHis(Comb),SHis,SHis,Tampines,Evan,FALSE
Sec JunCC<>S2 2026<>Sec - LS Math<>Kason<>Tuesday<>Tampines<>TP-2 (main)<>22<>2 Jun<>10:00 am<>,Sec JunCC,S2 2026,Sec - LS Math,Kason,Tuesday,Tampines,TP-2 (main),22,02 Jun (Tue),10:00:00 AM,S2 Math,"Pythagoras' Theorem, Basic Trigonometry",6/2/2026,10:00AM - 12:00PM,bit.ly/zenithTP,1 Tampines Central #08-10 (CPF Building) SS529508,1 Tampines Central #08-10 (CPF Building) SS529508  (Video Guide: bit.ly/zenithTP),S2 Math,Open - Running,[S2 Math] Tampines | 02 Jun (Tue) | 10:00AM - 12:00PM,S2 Math - Tampines - 02 Jun Tue 10:00AM,[S2 Math] Tampines | 02 Jun (Tue) | 10:00AM - 12:00PM,0,,7,7,7 / 22,,7 |  | 22,0.00%,S2,Sec,LSMath,LSMath,SMath,Tampines,Kason,FALSE
Sec JunCC<>S3 2026<>Sec - P Chem<>Shannon<>Tuesday<>Tampines<>TP-3 (main)<>20<>2 Jun<>10:00 am<>,Sec JunCC,S3 2026,Sec - P Chem,Shannon,Tuesday,Tampines,TP-3 (main),20,02 Jun (Tue),10:00:00 AM,S3 Pure Chemistry,Mole Concept & Stoichiometry,6/2/2026,10:00AM - 12:00PM,bit.ly/zenithTP,1 Tampines Central #08-10 (CPF Building) SS529508,1 Tampines Central #08-10 (CPF Building) SS529508  (Video Guide: bit.ly/zenithTP),S3 Chemistry,Open - Running,[S3 Pure Chemistry] Tampines | 02 Jun (Tue) | 10:00AM - 12:00PM,S3 Pure Chemistry - Tampines - 02 Jun Tue 10:00AM,[S3 Pure Chemistry] Tampines | 02 Jun (Tue) | 10:00AM - 12:00PM,0,,10,10,10 / 20,,10 |  | 20,0.00%,S3,Sec,SChem(Pure),SChem,SChem,Tampines,Shannon,FALSE
Sec JunCC<>S4 2026<>Sec - IP Eng<>Antonia<>Friday<>Bishan<>BS-1<>24<>5 Jun<>3:00 pm<>,Sec JunCC,S4 2026,Sec - IP Eng,Antonia,Friday,Bishan,BS-1,24,05 Jun (Fri),3:00:00 PM,S4 IP English,Argumentative Essay,6/5/2026,03:00PM - 05:00PM,bit.ly/zenithBISHAN,51 Bishan Street 13 #03-01 (Bishan CC) S579799,51 Bishan Street 13 #03-01 (Bishan CC) S579799  (Video Guide: bit.ly/zenithBISHAN),S4 English (IP),Open - Running,[S4 IP English] Bishan | 05 Jun (Fri) | 03:00PM - 05:00PM,S4 IP English - Bishan - 05 Jun Fri 03:00PM,[S4 IP English] Bishan | 05 Jun (Fri) | 03:00PM - 05:00PM,0,,2,2,2 / 24,,2 |  | 24,0.00%,S4,Sec,SEng(IP),SEng(IP),SEng,Bishan CC,Antonia,FALSE
Sec JunCC<>S3 2026<>SS - C Hist<>Evan<>Monday<>Bishan<>BS-2<>31<>1 Jun<>10:00 am<>,Sec JunCC,S3 2026,SS - C Hist,Evan,Monday,Bishan,BS-2,31,01 Jun (Mon),10:00:00 AM,S3 Combined History,The Rise of Dictatorship: Germany,6/1/2026,10:00AM - 12:00PM,bit.ly/zenithBISHAN,51 Bishan Street 13 #03-01 (Bishan CC) S579799,51 Bishan Street 13 #03-01 (Bishan CC) S579799  (Video Guide: bit.ly/zenithBISHAN),S3 History,Open - Running,[S3 Combined History] Bishan | 01 Jun (Mon) | 10:00AM - 12:00PM,S3 Combined History - Bishan - 01 Jun Mon 10:00AM,[S3 Combined History] Bishan | 01 Jun (Mon) | 10:00AM - 12:00PM,0,,3,3,3 / 31,,3 |  | 31,0.00%,S3,Sec,SHis(Comb),SHis,SHis,Bishan CC,Evan,FALSE
Sec JunCC<>S4 2026<>SS - C Hist<>Evan<>Monday<>Bishan<>BS-2<>31<>1 Jun<>1:00 pm<>,Sec JunCC,S4 2026,SS - C Hist,Evan,Monday,Bishan,BS-2,31,01 Jun (Mon),1:00:00 PM,S4 Combined History,The Rise of Militarist Japan,6/1/2026,01:00PM - 03:00PM,bit.ly/zenithBISHAN,51 Bishan Street 13 #03-01 (Bishan CC) S579799,51 Bishan Street 13 #03-01 (Bishan CC) S579799  (Video Guide: bit.ly/zenithBISHAN),S4 History,Open - Running,[S4 Combined History] Bishan | 01 Jun (Mon) | 01:00PM - 03:00PM,S4 Combined History - Bishan - 01 Jun Mon 01:00PM,[S4 Combined History] Bishan | 01 Jun (Mon) | 01:00PM - 03:00PM,0,,18,18,18 / 31,,18 |  | 31,0.00%,S4,Sec,SHis(Comb),SHis,SHis,Bishan CC,Evan,FALSE
Sec JunCC<>S3 2026<>SS - C Hist<>Evan<>Monday<>Bishan<>BS-2<>31<>1 Jun<>5:00 pm<>,Sec JunCC,S3 2026,SS - C Hist,Evan,Monday,Bishan,BS-2,31,01 Jun (Mon),5:00:00 PM,S3 Combined History,The Rise of Dictatorship: Germany,6/1/2026,05:00PM - 07:00PM,bit.ly/zenithBISHAN,51 Bishan Street 13 #03-01 (Bishan CC) S579799,51 Bishan Street 13 #03-01 (Bishan CC) S579799  (Video Guide: bit.ly/zenithBISHAN),S3 History,Open - Running,[S3 Combined History] Bishan | 01 Jun (Mon) | 05:00PM - 07:00PM,S3 Combined History - Bishan - 01 Jun Mon 05:00PM,[S3 Combined History] Bishan | 01 Jun (Mon) | 05:00PM - 07:00PM,0,,2,2,2 / 31,,2 |  | 31,0.00%,S3,Sec,SHis(Comb),SHis,SHis,Bishan CC,Evan,FALSE
Sec JunCC<>S4 2026<>SS - C Hist<>Evan<>Monday<>Bishan<>BS-2<>31<>1 Jun<>7:00 pm<>,Sec JunCC,S4 2026,SS - C Hist,Evan,Monday,Bishan,BS-2,31,01 Jun (Mon),7:00:00 PM,S4 Combined History,The Rise of Militarist Japan,6/1/2026,07:15PM - 09:15PM,bit.ly/zenithBISHAN,51 Bishan Street 13 #03-01 (Bishan CC) S579799,51 Bishan Street 13 #03-01 (Bishan CC) S579799  (Video Guide: bit.ly/zenithBISHAN),S4 History,Open - Running,[S4 Combined History] Bishan | 01 Jun (Mon) | 07:15PM - 09:15PM,S4 Combined History - Bishan - 01 Jun Mon 07:15PM,[S4 Combined History] Bishan | 01 Jun (Mon) | 07:15PM - 09:15PM,0,,4,4,4 / 31,,4 |  | 31,0.00%,S4,Sec,SHis(Comb),SHis,SHis,Bishan CC,Evan,FALSE
Sec JunCC<>S3 2026<>Sec - Eng<>John<>Tuesday<>Bishan<>BS-2<>31<>2 Jun<>1:00 pm<>,Sec JunCC,S3 2026,Sec - Eng,John,Tuesday,Bishan,BS-2,31,02 Jun (Tue),1:00:00 PM,S3 English,Narrative Comprehension,6/2/2026,01:00PM - 03:00PM,bit.ly/zenithBISHAN,51 Bishan Street 13 #03-01 (Bishan CC) S579799,51 Bishan Street 13 #03-01 (Bishan CC) S579799  (Video Guide: bit.ly/zenithBISHAN),S3 English,Open - Running,[S3 English] Bishan | 02 Jun (Tue) | 01:00PM - 03:00PM,S3 English - Bishan - 02 Jun Tue 01:00PM,[S3 English] Bishan | 02 Jun (Tue) | 01:00PM - 03:00PM,0,,16,16,16 / 31,,16 |  | 31,0.00%,S3,Sec,SEng,SEng,SEng,Bishan CC,John,FALSE
Sec JunCC<>S2 2026<>Sec - Eng<>John<>Tuesday<>Bishan<>BS-2<>31<>2 Jun<>3:00 pm<>,Sec JunCC,S2 2026,Sec - Eng,John,Tuesday,Bishan,BS-2,31,02 Jun (Tue),3:00:00 PM,S2 English,Narrative Comprehension,6/2/2026,03:00PM - 05:00PM,bit.ly/zenithBISHAN,51 Bishan Street 13 #03-01 (Bishan CC) S579799,51 Bishan Street 13 #03-01 (Bishan CC) S579799  (Video Guide: bit.ly/zenithBISHAN),S2 English,Open - Running,[S2 English] Bishan | 02 Jun (Tue) | 03:00PM - 05:00PM,S2 English - Bishan - 02 Jun Tue 03:00PM,[S2 English] Bishan | 02 Jun (Tue) | 03:00PM - 05:00PM,0,,16,16,16 / 31,,16 |  | 31,0.00%,S2,Sec,LSEng,LSEng,SEng,Bishan CC,John,FALSE
Sec JunCC<>S3 2026<>Sec - EM<>Jessie<>Thursday<>Bishan<>BS-2<>31<>4 Jun<>10:00 am<>,Sec JunCC,S3 2026,Sec - EM,Jessie,Thursday,Bishan,BS-2,31,04 Jun (Thu),10:00:00 AM,S3 E Math,Properties of Circles,6/4/2026,10:00AM - 12:00PM,bit.ly/zenithBISHAN,51 Bishan Street 13 #03-01 (Bishan CC) S579799,51 Bishan Street 13 #03-01 (Bishan CC) S579799  (Video Guide: bit.ly/zenithBISHAN),S3 E Math,Open - Running,[S3 E Math] Bishan | 04 Jun (Thu) | 10:00AM - 12:00PM,S3 E Math - Bishan - 04 Jun Thu 10:00AM,[S3 E Math] Bishan | 04 Jun (Thu) | 10:00AM - 12:00PM,0,,8,8,8 / 31,,8 |  | 31,0.00%,S3,Sec,SMath(EM),SMath(EM),SMath,Bishan CC,Jessie,FALSE
Sec JunCC<>S4 2026<>Sec - AM<>Jessie<>Thursday<>Bishan<>BS-2<>31<>4 Jun<>1:00 pm<>,Sec JunCC,S4 2026,Sec - AM,Jessie,Thursday,Bishan,BS-2,31,04 Jun (Thu),1:00:00 PM,S4/5 A Math,Kinematics,6/4/2026,01:00PM - 03:00PM,bit.ly/zenithBISHAN,51 Bishan Street 13 #03-01 (Bishan CC) S579799,51 Bishan Street 13 #03-01 (Bishan CC) S579799  (Video Guide: bit.ly/zenithBISHAN),S4/5 A Math,Open - Running,[S4/5 A Math] Bishan | 04 Jun (Thu) | 01:00PM - 03:00PM,S4/5 A Math - Bishan - 04 Jun Thu 01:00PM,[S4/5 A Math] Bishan | 04 Jun (Thu) | 01:00PM - 03:00PM,0,,17,17,17 / 31,,17 |  | 31,0.00%,S4,Sec,SMath(AM),SMath(AM),SMath,Bishan CC,Jessie,FALSE
Sec JunCC<>S3 2026<>Sec - AM<>Jessie<>Thursday<>Bishan<>BS-2<>31<>4 Jun<>3:00 pm<>,Sec JunCC,S3 2026,Sec - AM,Jessie,Thursday,Bishan,BS-2,31,04 Jun (Thu),3:00:00 PM,S3 A Math,Exponential & Logarithm Functions,6/4/2026,03:00PM - 05:00PM,bit.ly/zenithBISHAN,51 Bishan Street 13 #03-01 (Bishan CC) S579799,51 Bishan Street 13 #03-01 (Bishan CC) S579799  (Video Guide: bit.ly/zenithBISHAN),S3 A Math,Open - Running,[S3 A Math] Bishan | 04 Jun (Thu) | 03:00PM - 05:00PM,S3 A Math - Bishan - 04 Jun Thu 03:00PM,[S3 A Math] Bishan | 04 Jun (Thu) | 03:00PM - 05:00PM,0,,7,7,7 / 31,,7 |  | 31,0.00%,S3,Sec,SMath(AM),SMath(AM),SMath,Bishan CC,Jessie,FALSE
Sec JunCC<>S3 2026<>Sec - IP Chem<>Crystal<>Wednesday<>Bishan<>BS-3<>15<>3 Jun<>1:00 pm<>,Sec JunCC,S3 2026,Sec - IP Chem,Crystal,Wednesday,Bishan,BS-3,15,03 Jun (Wed),1:00:00 PM,S3 IP Chemistry,Mole Concept & Stoichiometry,6/3/2026,01:00PM - 03:00PM,bit.ly/zenithBISHAN,51 Bishan Street 13 #03-01 (Bishan CC) S579799,51 Bishan Street 13 #03-01 (Bishan CC) S579799  (Video Guide: bit.ly/zenithBISHAN),S3 Chemistry (IP),Open - Running,[S3 IP Chemistry] Bishan | 03 Jun (Wed) | 01:00PM - 03:00PM,S3 IP Chemistry - Bishan - 03 Jun Wed 01:00PM,[S3 IP Chemistry] Bishan | 03 Jun (Wed) | 01:00PM - 03:00PM,0,,9,9,9 / 15,,9 |  | 15,0.00%,S3,Sec,SChem(IP),SChem(IP),SChem,Bishan CC,Crystal,FALSE
Sec JunCC<>S3 2026<>Sec - IP Eng<>Antonia<>Saturday<>Bishan<>BS-3<>15<>30 May<>2:00 pm<>,Sec JunCC,S3 2026,Sec - IP Eng,Antonia,Saturday,Bishan,BS-3,15,30 May (Sat),2:00:00 PM,S3 IP English,Expository Comprehension,5/30/2026,02:00PM - 04:00PM,bit.ly/zenithBISHAN,51 Bishan Street 13 #03-01 (Bishan CC) S579799,51 Bishan Street 13 #03-01 (Bishan CC) S579799  (Video Guide: bit.ly/zenithBISHAN),S3 English (IP),Open - Running,[S3 IP English] Bishan | 30 May (Sat) | 02:00PM - 04:00PM,S3 IP English - Bishan - 30 May Sat 02:00PM,[S3 IP English] Bishan | 30 May (Sat) | 02:00PM - 04:00PM,0,,8,8,8 / 15,,8 |  | 15,0.00%,S3,Sec,SEng(IP),SEng(IP),SEng,Bishan CC,Antonia,FALSE
Sec JunCC<>S4 2026<>Sec - EM<>Xav<>Saturday<>Bishan<>BS-LT<>56<>6 Jun<>2:00 pm<>,Sec JunCC,S4 2026,Sec - EM,Xav,Saturday,Bishan,BS-LT,56,06 Jun (Sat),2:00:00 PM,S4/5 E Math,Vectors,6/6/2026,02:00PM - 04:00PM,bit.ly/zenithBISHAN,51 Bishan Street 13 #03-01 (Bishan CC) S579799,51 Bishan Street 13 #03-01 (Bishan CC) S579799  (Video Guide: bit.ly/zenithBISHAN),S4/5 E Math,Open - Running,[S4/5 E Math] Bishan | 06 Jun (Sat) | 02:00PM - 04:00PM,S4/5 E Math - Bishan - 06 Jun Sat 02:00PM,[S4/5 E Math] Bishan | 06 Jun (Sat) | 02:00PM - 04:00PM,0,,31,31,31 / 56,,31 |  | 56,0.00%,S4,Sec,SMath(EM),SMath(EM),SMath,Bishan CC,Xav,FALSE
Sec JunCC<>S3 2026<>Sec - P Phy<>Jael<>Tuesday<>Bishan<>BS-4<>15<>2 Jun<>1:00 pm<>,Sec JunCC,S3 2026,Sec - P Phy,Jael,Tuesday,Bishan,BS-4,15,02 Jun (Tue),1:00:00 PM,S3 Pure Physics,Energy,6/2/2026,01:00PM - 03:00PM,bit.ly/zenithBISHAN,51 Bishan Street 13 #03-01 (Bishan CC) S579799,51 Bishan Street 13 #03-01 (Bishan CC) S579799  (Video Guide: bit.ly/zenithBISHAN),S3 Physics,Open - Running,[S3 Pure Physics] Bishan | 02 Jun (Tue) | 01:00PM - 03:00PM,S3 Pure Physics - Bishan - 02 Jun Tue 01:00PM,[S3 Pure Physics] Bishan | 02 Jun (Tue) | 01:00PM - 03:00PM,0,,3,3,3 / 15,,3 |  | 15,0.00%,S3,Sec,SPhy(Pure),SPhy,SPhy,Bishan CC,Jael,FALSE
Sec JunCC<>S3 2026<>Sec - C Phy<>Jael<>Thursday<>Bishan<>BS-4<>15<>4 Jun<>1:00 pm<>,Sec JunCC,S3 2026,Sec - C Phy,Jael,Thursday,Bishan,BS-4,15,04 Jun (Thu),1:00:00 PM,S3 Combined Physics,Energy,6/4/2026,01:00PM - 03:00PM,bit.ly/zenithBISHAN,51 Bishan Street 13 #03-01 (Bishan CC) S579799,51 Bishan Street 13 #03-01 (Bishan CC) S579799  (Video Guide: bit.ly/zenithBISHAN),S3 Physics,Open - Running,[S3 Combined Physics] Bishan | 04 Jun (Thu) | 01:00PM - 03:00PM,S3 Combined Physics - Bishan - 04 Jun Thu 01:00PM,[S3 Combined Physics] Bishan | 04 Jun (Thu) | 01:00PM - 03:00PM,0,,4,4,4 / 15,,4 |  | 15,0.00%,S3,Sec,SPhy(Comb),SPhy,SPhy,Bishan CC,Jael,FALSE
Sec JunCC<>S1 2026<>Sec - IP Eng<>Antonia<>Saturday<>Bishan<>BS-4<>15<>6 Jun<>9:00 am<>,Sec JunCC,S1 2026,Sec - IP Eng,Antonia,Saturday,Bishan,BS-4,15,06 Jun (Sat),9:00:00 AM,S1 IP English,Introduction to Literature,6/6/2026,09:00AM - 11:00AM,bit.ly/zenithBISHAN,51 Bishan Street 13 #03-01 (Bishan CC) S579799,51 Bishan Street 13 #03-01 (Bishan CC) S579799  (Video Guide: bit.ly/zenithBISHAN),S1 English (IP),Open - Running,[S1 IP English] Bishan | 06 Jun (Sat) | 09:00AM - 11:00AM,S1 IP English - Bishan - 06 Jun Sat 09:00AM,[S1 IP English] Bishan | 06 Jun (Sat) | 09:00AM - 11:00AM,0,,5,5,5 / 15,,5 |  | 15,0.00%,S1,Sec,LSEng(IP),LSEng(IP),SEng,Bishan CC,Antonia,FALSE
Sec JunCC<>S2 2026<>Sec - IP Eng<>Antonia<>Saturday<>Bishan<>BS-4<>15<>6 Jun<>11:00 am<>,Sec JunCC,S2 2026,Sec - IP Eng,Antonia,Saturday,Bishan,BS-4,15,06 Jun (Sat),11:00:00 AM,S2 IP English,Summary Writing,6/6/2026,11:15AM - 01:15PM,bit.ly/zenithBISHAN,51 Bishan Street 13 #03-01 (Bishan CC) S579799,51 Bishan Street 13 #03-01 (Bishan CC) S579799  (Video Guide: bit.ly/zenithBISHAN),S2 English (IP),Open - Running,[S2 IP English] Bishan | 06 Jun (Sat) | 11:15AM - 01:15PM,S2 IP English - Bishan - 06 Jun Sat 11:15AM,[S2 IP English] Bishan | 06 Jun (Sat) | 11:15AM - 01:15PM,0,,6,6,6 / 15,,6 |  | 15,0.00%,S2,Sec,LSEng(IP),LSEng(IP),SEng,Bishan CC,Antonia,FALSE
Sec JunCC<>S1 2026<>Sec - LS Math<>Jessie<>Monday<>Bishan<>BS-5<>15<>1 Jun<>3:00 pm<>,Sec JunCC,S1 2026,Sec - LS Math,Jessie,Monday,Bishan,BS-5,15,01 Jun (Mon),3:00:00 PM,S1 Math,"Percentage & Ratio, Algebra Revision",6/1/2026,03:00PM - 05:00PM,bit.ly/zenithBISHAN,51 Bishan Street 13 #03-01 (Bishan CC) S579799,51 Bishan Street 13 #03-01 (Bishan CC) S579799  (Video Guide: bit.ly/zenithBISHAN),S1 Math,Open - Running,[S1 Math] Bishan | 01 Jun (Mon) | 03:00PM - 05:00PM,S1 Math - Bishan - 01 Jun Mon 03:00PM,[S1 Math] Bishan | 01 Jun (Mon) | 03:00PM - 05:00PM,0,,10,10,10 / 15,,10 |  | 15,0.00%,S1,Sec,LSMath,LSMath,SMath,Bishan CC,Jessie,FALSE
Sec JunCC<>S3 2026<>Sec - EM<>Jessie<>Monday<>Bishan<>BS-5<>15<>1 Jun<>5:00 pm<>,Sec JunCC,S3 2026,Sec - EM,Jessie,Monday,Bishan,BS-5,15,01 Jun (Mon),5:00:00 PM,S3 E Math,Properties of Circles,6/1/2026,05:00PM - 07:00PM,bit.ly/zenithBISHAN,51 Bishan Street 13 #03-01 (Bishan CC) S579799,51 Bishan Street 13 #03-01 (Bishan CC) S579799  (Video Guide: bit.ly/zenithBISHAN),S3 E Math,Open - Running,[S3 E Math] Bishan | 01 Jun (Mon) | 05:00PM - 07:00PM,S3 E Math - Bishan - 01 Jun Mon 05:00PM,[S3 E Math] Bishan | 01 Jun (Mon) | 05:00PM - 07:00PM,0,,4,4,4 / 15,,4 |  | 15,0.00%,S3,Sec,SMath(EM),SMath(EM),SMath,Bishan CC,Jessie,FALSE
Sec JunCC<>S2 2026<>Sec - LS Math<>Jessie<>Tuesday<>Bishan<>BS-5<>15<>2 Jun<>1:00 pm<>,Sec JunCC,S2 2026,Sec - LS Math,Jessie,Tuesday,Bishan,BS-5,15,02 Jun (Tue),1:00:00 PM,S2 Math,"Pythagoras' Theorem, Basic Trigonometry",6/2/2026,01:00PM - 03:00PM,bit.ly/zenithBISHAN,51 Bishan Street 13 #03-01 (Bishan CC) S579799,51 Bishan Street 13 #03-01 (Bishan CC) S579799  (Video Guide: bit.ly/zenithBISHAN),S2 Math,Open - Running,[S2 Math] Bishan | 02 Jun (Tue) | 01:00PM - 03:00PM,S2 Math - Bishan - 02 Jun Tue 01:00PM,[S2 Math] Bishan | 02 Jun (Tue) | 01:00PM - 03:00PM,0,,15,15,15 / 15,,15 |  | 15,0.00%,S2,Sec,LSMath,LSMath,SMath,Bishan CC,Jessie,FALSE
Sec JunCC<>S3 2026<>Sec - AM<>Jessie<>Tuesday<>Bishan<>BS-5<>15<>2 Jun<>3:00 pm<>,Sec JunCC,S3 2026,Sec - AM,Jessie,Tuesday,Bishan,BS-5,15,02 Jun (Tue),3:00:00 PM,S3 A Math,Exponential & Logarithm Functions,6/2/2026,03:00PM - 05:00PM,bit.ly/zenithBISHAN,51 Bishan Street 13 #03-01 (Bishan CC) S579799,51 Bishan Street 13 #03-01 (Bishan CC) S579799  (Video Guide: bit.ly/zenithBISHAN),S3 A Math,Open - Running,[S3 A Math] Bishan | 02 Jun (Tue) | 03:00PM - 05:00PM,S3 A Math - Bishan - 02 Jun Tue 03:00PM,[S3 A Math] Bishan | 02 Jun (Tue) | 03:00PM - 05:00PM,0,,6,6,6 / 15,,6 |  | 15,0.00%,S3,Sec,SMath(AM),SMath(AM),SMath,Bishan CC,Jessie,FALSE
Sec JunCC<>S4 2026<>Sec - EM<>Jessie<>Sunday<>Bishan<>BS-2<>31<>7 Jun<>11:00 am<>,Sec JunCC,S4 2026,Sec - EM,Jessie,Sunday,Bishan,BS-2,31,07 Jun (Sun),11:00:00 AM,S4/5 E Math,Vectors,6/7/2026,11:15AM - 01:15PM,bit.ly/zenithBISHAN,51 Bishan Street 13 #03-01 (Bishan CC) S579799,51 Bishan Street 13 #03-01 (Bishan CC) S579799  (Video Guide: bit.ly/zenithBISHAN),S4/5 E Math,Open - Running,[S4/5 E Math] Bishan | 07 Jun (Sun) | 11:15AM - 01:15PM,S4/5 E Math - Bishan - 07 Jun Sun 11:15AM,[S4/5 E Math] Bishan | 07 Jun (Sun) | 11:15AM - 01:15PM,0,,26,26,26 / 31,,26 |  | 31,0.00%,S4,Sec,SMath(EM),SMath(EM),SMath,Bishan CC,Jessie,FALSE
Sec JunCC<>S4 2026<>Sec - AM<>Jessie<>Sunday<>Bishan<>BS-2<>31<>7 Jun<>2:00 pm<>,Sec JunCC,S4 2026,Sec - AM,Jessie,Sunday,Bishan,BS-2,31,07 Jun (Sun),2:00:00 PM,S4/5 A Math,Kinematics,6/7/2026,02:00PM - 04:00PM,bit.ly/zenithBISHAN,51 Bishan Street 13 #03-01 (Bishan CC) S579799,51 Bishan Street 13 #03-01 (Bishan CC) S579799  (Video Guide: bit.ly/zenithBISHAN),S4/5 A Math,Open - Running,[S4/5 A Math] Bishan | 07 Jun (Sun) | 02:00PM - 04:00PM,S4/5 A Math - Bishan - 07 Jun Sun 02:00PM,[S4/5 A Math] Bishan | 07 Jun (Sun) | 02:00PM - 04:00PM,0,,16,16,16 / 31,,16 |  | 31,0.00%,S4,Sec,SMath(AM),SMath(AM),SMath,Bishan CC,Jessie,FALSE
Sec JunCC<>S1 2026<>Sec - Eng<>Jo-Anne<>Tuesday<>Bishan<>BS-6<>18<>2 Jun<>3:00 pm<>,Sec JunCC,S1 2026,Sec - Eng,Jo-Anne,Tuesday,Bishan,BS-6,18,02 Jun (Tue),3:00:00 PM,S1 English,Narrative Comprehension,6/2/2026,03:00PM - 05:00PM,bit.ly/zenithBISHAN,51 Bishan Street 13 #03-01 (Bishan CC) S579799,51 Bishan Street 13 #03-01 (Bishan CC) S579799  (Video Guide: bit.ly/zenithBISHAN),S1 English,Open - Running,[S1 English] Bishan | 02 Jun (Tue) | 03:00PM - 05:00PM,S1 English - Bishan - 02 Jun Tue 03:00PM,[S1 English] Bishan | 02 Jun (Tue) | 03:00PM - 05:00PM,0,,16,16,16 / 18,,16 |  | 18,0.00%,S1,Sec,LSEng,LSEng,SEng,Bishan CC,Jo-Anne,FALSE
Sec JunCC<>S4 2026<>Sec - C Chem<>Shandace<>Friday<>Bishan<>BS-LT<>56<>5 Jun<>7:00 pm<>,Sec JunCC,S4 2026,Sec - C Chem,Shandace,Friday,Bishan,BS-LT,56,05 Jun (Fri),7:00:00 PM,S4/5 Combined Chemistry,Mole Concept & Stoichiometry,6/5/2026,07:15PM - 09:15PM,bit.ly/zenithBISHAN,51 Bishan Street 13 #03-01 (Bishan CC) S579799,51 Bishan Street 13 #03-01 (Bishan CC) S579799  (Video Guide: bit.ly/zenithBISHAN),S4/5 Chemistry,Open - Running,[S4/5 Combined Chemistry] Bishan | 05 Jun (Fri) | 07:15PM - 09:15PM,S4/5 Combined Chemistry - Bishan - 05 Jun Fri 07:15PM,[S4/5 Combined Chemistry] Bishan | 05 Jun (Fri) | 07:15PM - 09:15PM,0,,22,22,22 / 56,,22 |  | 56,0.00%,S4,Sec,SChem(Comb),SChem,SChem,Bishan CC,Shandace,FALSE
Sec JunCC<>S2 2026<>Sec - LS Math<>Xav<>Saturday<>Bishan<>BS-6<>18<>6 Jun<>9:00 am<>,Sec JunCC,S2 2026,Sec - LS Math,Xav,Saturday,Bishan,BS-6,18,06 Jun (Sat),9:00:00 AM,S2 Math,"Pythagoras' Theorem, Basic Trigonometry",6/6/2026,09:00AM - 11:00AM,bit.ly/zenithBISHAN,51 Bishan Street 13 #03-01 (Bishan CC) S579799,51 Bishan Street 13 #03-01 (Bishan CC) S579799  (Video Guide: bit.ly/zenithBISHAN),S2 Math,Open - Running,[S2 Math] Bishan | 06 Jun (Sat) | 09:00AM - 11:00AM,S2 Math - Bishan - 06 Jun Sat 09:00AM,[S2 Math] Bishan | 06 Jun (Sat) | 09:00AM - 11:00AM,0,,4,4,4 / 18,,4 |  | 18,0.00%,S2,Sec,LSMath,LSMath,SMath,Bishan CC,Xav,FALSE
Sec JunCC<>S3 2026<>Sec - P Phy<>Jael<>Wednesday<>Bishan<>BS-7<>9<>3 Jun<>1:00 pm<>,Sec JunCC,S3 2026,Sec - P Phy,Jael,Wednesday,Bishan,BS-7,9,03 Jun (Wed),1:00:00 PM,S3 Pure Physics,Energy,6/3/2026,01:00PM - 03:00PM,bit.ly/zenithBISHAN,51 Bishan Street 13 #03-01 (Bishan CC) S579799,51 Bishan Street 13 #03-01 (Bishan CC) S579799  (Video Guide: bit.ly/zenithBISHAN),S3 Physics,Open - Running,[S3 Pure Physics] Bishan | 03 Jun (Wed) | 01:00PM - 03:00PM,S3 Pure Physics - Bishan - 03 Jun Wed 01:00PM,[S3 Pure Physics] Bishan | 03 Jun (Wed) | 01:00PM - 03:00PM,0,,4,4,4 / 9,,4 |  | 9,0.00%,S3,Sec,SPhy(Pure),SPhy,SPhy,Bishan CC,Jael,FALSE
Sec JunCC<>S3 2026<>Sec - EM<>Xav<>Saturday<>Bishan<>BS-7<>9<>6 Jun<>11:00 am<>,Sec JunCC,S3 2026,Sec - EM,Xav,Saturday,Bishan,BS-7,9,06 Jun (Sat),11:00:00 AM,S3 E Math,Properties of Circles,6/6/2026,11:15AM - 01:15PM,bit.ly/zenithBISHAN,51 Bishan Street 13 #03-01 (Bishan CC) S579799,51 Bishan Street 13 #03-01 (Bishan CC) S579799  (Video Guide: bit.ly/zenithBISHAN),S3 E Math,Closed - Running,,S3 E Math - Bishan - 06 Jun Sat 11:15AM,[S3 E Math] Bishan | 06 Jun (Sat) | 11:15AM - 01:15PM,0,,3,3,3 / 9,,3 |  | 9,0.00%,S3,Sec,SMath(EM),SMath(EM),SMath,Bishan CC,Xav,FALSE
Sec JunCC<>S3 2026<>Sec - IP Eng<>Antonia<>Saturday<>Bishan<>BS-7<>9<>6 Jun<>2:00 pm<>,Sec JunCC,S3 2026,Sec - IP Eng,Antonia,Saturday,Bishan,BS-7,9,06 Jun (Sat),2:00:00 PM,S3 IP English,Expository Comprehension,6/6/2026,02:00PM - 04:00PM,bit.ly/zenithBISHAN,51 Bishan Street 13 #03-01 (Bishan CC) S579799,51 Bishan Street 13 #03-01 (Bishan CC) S579799  (Video Guide: bit.ly/zenithBISHAN),S3 English (IP),Open - Running,[S3 IP English] Bishan | 06 Jun (Sat) | 02:00PM - 04:00PM,S3 IP English - Bishan - 06 Jun Sat 02:00PM,[S3 IP English] Bishan | 06 Jun (Sat) | 02:00PM - 04:00PM,0,,0,0,0 / 9,,0 |  | 9,0.00%,S3,Sec,SEng(IP),SEng(IP),SEng,Bishan CC,Antonia,FALSE
Sec JunCC<>S1 2026<>Sec - LS Math<>Xav<>Saturday<>Bishan<>BS-7<>9<>6 Jun<>4:00 pm<>,Sec JunCC,S1 2026,Sec - LS Math,Xav,Saturday,Bishan,BS-7,9,06 Jun (Sat),4:00:00 PM,S1 Math,"Percentage & Ratio, Algebra Revision",6/6/2026,04:15PM - 06:15PM,bit.ly/zenithBISHAN,51 Bishan Street 13 #03-01 (Bishan CC) S579799,51 Bishan Street 13 #03-01 (Bishan CC) S579799  (Video Guide: bit.ly/zenithBISHAN),S1 Math,Open - Running,[S1 Math] Bishan | 06 Jun (Sat) | 04:15PM - 06:15PM,S1 Math - Bishan - 06 Jun Sat 04:15PM,[S1 Math] Bishan | 06 Jun (Sat) | 04:15PM - 06:15PM,0,,4,4,4 / 9,,4 |  | 9,0.00%,S1,Sec,LSMath,LSMath,SMath,Bishan CC,Xav,FALSE
Sec JunCC<>S3 2026<>Sec - EM<>Xav<>Saturday<>Bishan<>BS-7<>9<>6 Jun<>7:00 pm<>,Sec JunCC,S3 2026,Sec - EM,Xav,Saturday,Bishan,BS-7,9,06 Jun (Sat),7:00:00 PM,S3 E Math,Properties of Circles,6/6/2026,07:15PM - 09:15PM,bit.ly/zenithBISHAN,51 Bishan Street 13 #03-01 (Bishan CC) S579799,51 Bishan Street 13 #03-01 (Bishan CC) S579799  (Video Guide: bit.ly/zenithBISHAN),S3 E Math,Open - Running,[S3 E Math] Bishan | 06 Jun (Sat) | 07:15PM - 09:15PM,S3 E Math - Bishan - 06 Jun Sat 07:15PM,[S3 E Math] Bishan | 06 Jun (Sat) | 07:15PM - 09:15PM,0,,1,1,1 / 9,,1 |  | 9,0.00%,S3,Sec,SMath(EM),SMath(EM),SMath,Bishan CC,Xav,FALSE
Sec JunCC<>S4 2026<>Sec - Eng<>John<>Friday<>Bishan<>BS-LT<>56<>5 Jun<>1:00 pm<>,Sec JunCC,S4 2026,Sec - Eng,John,Friday,Bishan,BS-LT,56,05 Jun (Fri),1:00:00 PM,S4/5 English,Narrative Comprehension,6/5/2026,01:00PM - 03:00PM,bit.ly/zenithBISHAN,51 Bishan Street 13 #03-01 (Bishan CC) S579799,51 Bishan Street 13 #03-01 (Bishan CC) S579799  (Video Guide: bit.ly/zenithBISHAN),S4/5 English,Closed - Running,,S4/5 English - Bishan - 05 Jun Fri 01:00PM,[S4/5 English] Bishan | 05 Jun (Fri) | 01:00PM - 03:00PM,0,,59,59,59 / 56,,59 |  | 56,0.00%,S4,Sec,SEng,SEng,SEng,Bishan CC,John,TRUE
Sec JunCC<>S3 2026<>Sec - AM<>Keith<>Tuesday<>Bukit Panjang<>BP-2<>12<>2 Jun<>3:00 pm<>,Sec JunCC,S3 2026,Sec - AM,Keith,Tuesday,Bukit Panjang,BP-2,12,02 Jun (Tue),3:00:00 PM,S3 A Math,Exponential & Logarithm Functions,6/2/2026,03:00PM - 05:00PM,bit.ly/zenithBP,1 Woodlands Road #01-10 (Junction10) S677899,1 Woodlands Road #01-10 (Junction10) S677899  (Video Guide: bit.ly/zenithBP),S3 A Math,Open - Running,[S3 A Math] Bukit Panjang | 02 Jun (Tue) | 03:00PM - 05:00PM,S3 A Math - Bukit Panjang - 02 Jun Tue 03:00PM,[S3 A Math] Bukit Panjang | 02 Jun (Tue) | 03:00PM - 05:00PM,0,,6,6,6 / 12,,6 |  | 12,0.00%,S3,Sec,SMath(AM),SMath(AM),SMath,Bukit Panjang,Keith,FALSE
Sec JunCC<>S4 2026<>Sec - EM<>Xav<>Sunday<>Bukit Panjang<>BP-2<>12<>7 Jun<>9:00 am<>,Sec JunCC,S4 2026,Sec - EM,Xav,Sunday,Bukit Panjang,BP-2,12,07 Jun (Sun),9:00:00 AM,S4/5 E Math,Vectors,6/7/2026,09:00AM - 11:00AM,bit.ly/zenithBP,1 Woodlands Road #01-10 (Junction10) S677899,1 Woodlands Road #01-10 (Junction10) S677899  (Video Guide: bit.ly/zenithBP),S4/5 E Math,Closed - Running,,S4/5 E Math - Bukit Panjang - 07 Jun Sun 09:00AM,[S4/5 E Math] Bukit Panjang | 07 Jun (Sun) | 09:00AM - 11:00AM,0,6,6,12,12 / 12,,12 |  | 12,0.00%,S4,Sec,SMath(EM),SMath(EM),SMath,Bukit Panjang,Xav,TRUE
Sec JunCC<>S3 2026<>Sec - EM<>Xav<>Sunday<>Bukit Panjang<>BP-2<>12<>7 Jun<>11:00 am<>,Sec JunCC,S3 2026,Sec - EM,Xav,Sunday,Bukit Panjang,BP-2,12,07 Jun (Sun),11:00:00 AM,S3 E Math,Properties of Circles,6/7/2026,11:15AM - 01:15PM,bit.ly/zenithBP,1 Woodlands Road #01-10 (Junction10) S677899,1 Woodlands Road #01-10 (Junction10) S677899  (Video Guide: bit.ly/zenithBP),S3 E Math,Open - Running,[S3 E Math] Bukit Panjang | 07 Jun (Sun) | 11:15AM - 01:15PM,S3 E Math - Bukit Panjang - 07 Jun Sun 11:15AM,[S3 E Math] Bukit Panjang | 07 Jun (Sun) | 11:15AM - 01:15PM,0,,5,5,5 / 12,,5 |  | 12,0.00%,S3,Sec,SMath(EM),SMath(EM),SMath,Bukit Panjang,Xav,FALSE
Sec JunCC<>S4 2026<>Sec - EM<>Xav<>Sunday<>Bukit Panjang<>BP-2<>12<>7 Jun<>2:00 pm<>,Sec JunCC,S4 2026,Sec - EM,Xav,Sunday,Bukit Panjang,BP-2,12,07 Jun (Sun),2:00:00 PM,S4/5 E Math,Vectors,6/7/2026,02:00PM - 04:00PM,bit.ly/zenithBP,1 Woodlands Road #01-10 (Junction10) S677899,1 Woodlands Road #01-10 (Junction10) S677899  (Video Guide: bit.ly/zenithBP),S4/5 E Math,Open - Running,[S4/5 E Math] Bukit Panjang | 07 Jun (Sun) | 02:00PM - 04:00PM,S4/5 E Math - Bukit Panjang - 07 Jun Sun 02:00PM,[S4/5 E Math] Bukit Panjang | 07 Jun (Sun) | 02:00PM - 04:00PM,0,,5,5,5 / 12,,5 |  | 12,0.00%,S4,Sec,SMath(EM),SMath(EM),SMath,Bukit Panjang,Xav,FALSE
Sec JunCC<>S2 2026<>Sec - LS Math<>Jacelyn<>Tuesday<>Bukit Panjang<>BP-3<>19<>2 Jun<>1:00 pm<>,Sec JunCC,S2 2026,Sec - LS Math,Jacelyn,Tuesday,Bukit Panjang,BP-3,19,02 Jun (Tue),1:00:00 PM,S2 Math,"Pythagoras' Theorem, Basic Trigonometry",6/2/2026,01:00PM - 03:00PM,bit.ly/zenithBP,1 Woodlands Road #01-10 (Junction10) S677899,1 Woodlands Road #01-10 (Junction10) S677899  (Video Guide: bit.ly/zenithBP),S2 Math,Open - Running,[S2 Math] Bukit Panjang | 02 Jun (Tue) | 01:00PM - 03:00PM,S2 Math - Bukit Panjang - 02 Jun Tue 01:00PM,[S2 Math] Bukit Panjang | 02 Jun (Tue) | 01:00PM - 03:00PM,0,,2,2,2 / 19,,2 |  | 19,0.00%,S2,Sec,LSMath,LSMath,SMath,Bukit Panjang,Jacelyn,FALSE
Sec JunCC<>S3 2026<>Sec - Eng<>Jo-Anne<>Thursday<>Bukit Panjang<>BP-3<>19<>4 Jun<>1:00 pm<>,Sec JunCC,S3 2026,Sec - Eng,Jo-Anne,Thursday,Bukit Panjang,BP-3,19,04 Jun (Thu),1:00:00 PM,S3 English,Narrative Comprehension,6/4/2026,01:00PM - 03:00PM,bit.ly/zenithBP,1 Woodlands Road #01-10 (Junction10) S677899,1 Woodlands Road #01-10 (Junction10) S677899  (Video Guide: bit.ly/zenithBP),S3 English,Open - Running,[S3 English] Bukit Panjang | 04 Jun (Thu) | 01:00PM - 03:00PM,S3 English - Bukit Panjang - 04 Jun Thu 01:00PM,[S3 English] Bukit Panjang | 04 Jun (Thu) | 01:00PM - 03:00PM,0,,3,3,3 / 19,,3 |  | 19,0.00%,S3,Sec,SEng,SEng,SEng,Bukit Panjang,Jo-Anne,FALSE
Sec JunCC<>S2 2026<>Sec - LS Math<>Jacelyn<>Thursday<>Jurong East<>JE-1<>30<>4 Jun<>10:00 am<>,Sec JunCC,S2 2026,Sec - LS Math,Jacelyn,Thursday,Jurong East,JE-1,30,04 Jun (Thu),10:00:00 AM,S2 Math,"Pythagoras' Theorem, Basic Trigonometry",6/4/2026,10:00AM - 12:00PM,https://tinyurl.com/4cnf5kwu,21 Jurong Gateway Rd #02-01 (CPF Jurong Building) S608546,21 Jurong Gateway Rd #02-01 (CPF Jurong Building) S608546  (Video Guide: https://tinyurl.com/4cnf5kwu),S2 Math,Open - Running,[S2 Math] Jurong East | 04 Jun (Thu) | 10:00AM - 12:00PM,S2 Math - Jurong East - 04 Jun Thu 10:00AM,[S2 Math] Jurong East | 04 Jun (Thu) | 10:00AM - 12:00PM,0,,3,3,3 / 30,,3 |  | 30,0.00%,S2,Sec,LSMath,LSMath,SMath,Jurong East,Jacelyn,FALSE
Sec JunCC<>S1 2026<>Sec - LS Math<>Jacelyn<>Thursday<>Jurong East<>JE-1<>30<>4 Jun<>1:00 pm<>,Sec JunCC,S1 2026,Sec - LS Math,Jacelyn,Thursday,Jurong East,JE-1,30,04 Jun (Thu),1:00:00 PM,S1 Math,"Percentage & Ratio, Algebra Revision",6/4/2026,01:00PM - 03:00PM,https://tinyurl.com/4cnf5kwu,21 Jurong Gateway Rd #02-01 (CPF Jurong Building) S608546,21 Jurong Gateway Rd #02-01 (CPF Jurong Building) S608546  (Video Guide: https://tinyurl.com/4cnf5kwu),S1 Math,Open - Running,[S1 Math] Jurong East | 04 Jun (Thu) | 01:00PM - 03:00PM,S1 Math - Jurong East - 04 Jun Thu 01:00PM,[S1 Math] Jurong East | 04 Jun (Thu) | 01:00PM - 03:00PM,0,,5,5,5 / 30,,5 |  | 30,0.00%,S1,Sec,LSMath,LSMath,SMath,Jurong East,Jacelyn,FALSE
Sec JunCC<>S3 2026<>Sec - P Phy<>JM<>Friday<>Jurong East<>JE-2<>27<>5 Jun<>1:00 pm<>,Sec JunCC,S3 2026,Sec - P Phy,JM,Friday,Jurong East,JE-2,27,05 Jun (Fri),1:00:00 PM,S3 Pure Physics,Energy,6/5/2026,01:00PM - 03:00PM,https://tinyurl.com/4cnf5kwu,21 Jurong Gateway Rd #02-01 (CPF Jurong Building) S608546,21 Jurong Gateway Rd #02-01 (CPF Jurong Building) S608546  (Video Guide: https://tinyurl.com/4cnf5kwu),S3 Physics,Open - Running,[S3 Pure Physics] Jurong East | 05 Jun (Fri) | 01:00PM - 03:00PM,S3 Pure Physics - Jurong East - 05 Jun Fri 01:00PM,[S3 Pure Physics] Jurong East | 05 Jun (Fri) | 01:00PM - 03:00PM,0,,1,1,1 / 27,,1 |  | 27,0.00%,S3,Sec,SPhy(Pure),SPhy,SPhy,Jurong East,JM,FALSE
Sec JunCC<>S4 2026<>Sec - P Phy<>Jerlyn<>Tuesday<>Jurong East<>JE-4<>25<>2 Jun<>10:00 am<>,Sec JunCC,S4 2026,Sec - P Phy,Jerlyn,Tuesday,Jurong East,JE-4,25,02 Jun (Tue),10:00:00 AM,S4/5 Pure Physics,Electromagnetism,6/2/2026,10:00AM - 12:00PM,https://tinyurl.com/4cnf5kwu,21 Jurong Gateway Rd #02-01 (CPF Jurong Building) S608546,21 Jurong Gateway Rd #02-01 (CPF Jurong Building) S608546  (Video Guide: https://tinyurl.com/4cnf5kwu),S4/5 Physics,Open - Running,[S4/5 Pure Physics] Jurong East | 02 Jun (Tue) | 10:00AM - 12:00PM,S4/5 Pure Physics - Jurong East - 02 Jun Tue 10:00AM,[S4/5 Pure Physics] Jurong East | 02 Jun (Tue) | 10:00AM - 12:00PM,0,,2,2,2 / 25,,2 |  | 25,0.00%,S4,Sec,SPhy(Pure),SPhy,SPhy,Jurong East,Jerlyn,FALSE
Sec JunCC<>S3 2026<>Sec - P Phy<>Jerlyn<>Tuesday<>Jurong East<>JE-4<>25<>2 Jun<>1:00 pm<>,Sec JunCC,S3 2026,Sec - P Phy,Jerlyn,Tuesday,Jurong East,JE-4,25,02 Jun (Tue),1:00:00 PM,S3 Pure Physics,Energy,6/2/2026,01:00PM - 03:00PM,https://tinyurl.com/4cnf5kwu,21 Jurong Gateway Rd #02-01 (CPF Jurong Building) S608546,21 Jurong Gateway Rd #02-01 (CPF Jurong Building) S608546  (Video Guide: https://tinyurl.com/4cnf5kwu),S3 Physics,Open - Running,[S3 Pure Physics] Jurong East | 02 Jun (Tue) | 01:00PM - 03:00PM,S3 Pure Physics - Jurong East - 02 Jun Tue 01:00PM,[S3 Pure Physics] Jurong East | 02 Jun (Tue) | 01:00PM - 03:00PM,0,,1,1,1 / 25,,1 |  | 25,0.00%,S3,Sec,SPhy(Pure),SPhy,SPhy,Jurong East,Jerlyn,FALSE
Sec JunCC<>S3 2026<>Sec - EM<>Chen Fang<>Tuesday<>Kovan<>KO-2<>21<>2 Jun<>10:00 am<>,Sec JunCC,S3 2026,Sec - EM,Chen Fang,Tuesday,Kovan,KO-2,21,02 Jun (Tue),10:00:00 AM,S3 E Math,Properties of Circles,6/2/2026,10:00AM - 12:00PM,https://tinyurl.com/SOKGuide,988 Upper Serangoon Rd #01-16 (Stars of Kovan) S534733,988 Upper Serangoon Rd #01-16 (Stars of Kovan) S534733  (Video Guide: https://tinyurl.com/SOKGuide),S3 E Math,Open - Running,[S3 E Math] Kovan | 02 Jun (Tue) | 10:00AM - 12:00PM,S3 E Math - Kovan - 02 Jun Tue 10:00AM,[S3 E Math] Kovan | 02 Jun (Tue) | 10:00AM - 12:00PM,0,,2,2,2 / 21,,2 |  | 21,0.00%,S3,Sec,SMath(EM),SMath(EM),SMath,Kovan,Chen Fang,FALSE
Sec JunCC<>S4 2026<>Sec - EM<>Chen Fang<>Tuesday<>Kovan<>KO-2<>21<>2 Jun<>1:00 pm<>,Sec JunCC,S4 2026,Sec - EM,Chen Fang,Tuesday,Kovan,KO-2,21,02 Jun (Tue),1:00:00 PM,S4/5 E Math,Vectors,6/2/2026,01:00PM - 03:00PM,https://tinyurl.com/SOKGuide,988 Upper Serangoon Rd #01-16 (Stars of Kovan) S534733,988 Upper Serangoon Rd #01-16 (Stars of Kovan) S534733  (Video Guide: https://tinyurl.com/SOKGuide),S4/5 E Math,Open - Running,[S4/5 E Math] Kovan | 02 Jun (Tue) | 01:00PM - 03:00PM,S4/5 E Math - Kovan - 02 Jun Tue 01:00PM,[S4/5 E Math] Kovan | 02 Jun (Tue) | 01:00PM - 03:00PM,0,,11,11,11 / 21,,11 |  | 21,0.00%,S4,Sec,SMath(EM),SMath(EM),SMath,Kovan,Chen Fang,FALSE
Sec JunCC<>S4 2026<>Sec - AM<>Chen Fang<>Friday<>Kovan<>KO-2<>21<>5 Jun<>10:00 am<>,Sec JunCC,S4 2026,Sec - AM,Chen Fang,Friday,Kovan,KO-2,21,05 Jun (Fri),10:00:00 AM,S4/5 A Math,Kinematics,6/5/2026,10:00AM - 12:00PM,https://tinyurl.com/SOKGuide,988 Upper Serangoon Rd #01-16 (Stars of Kovan) S534733,988 Upper Serangoon Rd #01-16 (Stars of Kovan) S534733  (Video Guide: https://tinyurl.com/SOKGuide),S4/5 A Math,Open - Running,[S4/5 A Math] Kovan | 05 Jun (Fri) | 10:00AM - 12:00PM,S4/5 A Math - Kovan - 05 Jun Fri 10:00AM,[S4/5 A Math] Kovan | 05 Jun (Fri) | 10:00AM - 12:00PM,0,,7,7,7 / 21,,7 |  | 21,0.00%,S4,Sec,SMath(AM),SMath(AM),SMath,Kovan,Chen Fang,FALSE
Sec JunCC<>S4 2026<>Sec - AM<>Gin<>Saturday<>Kovan<>KO-2<>21<>6 Jun<>9:00 am<>,Sec JunCC,S4 2026,Sec - AM,Gin,Saturday,Kovan,KO-2,21,06 Jun (Sat),9:00:00 AM,S4/5 A Math,Kinematics,6/6/2026,09:00AM - 11:00AM,https://tinyurl.com/SOKGuide,988 Upper Serangoon Rd #01-16 (Stars of Kovan) S534733,988 Upper Serangoon Rd #01-16 (Stars of Kovan) S534733  (Video Guide: https://tinyurl.com/SOKGuide),S4/5 A Math,Open - Running,[S4/5 A Math] Kovan | 06 Jun (Sat) | 09:00AM - 11:00AM,S4/5 A Math - Kovan - 06 Jun Sat 09:00AM,[S4/5 A Math] Kovan | 06 Jun (Sat) | 09:00AM - 11:00AM,0,,2,2,2 / 21,,2 |  | 21,0.00%,S4,Sec,SMath(AM),SMath(AM),SMath,Kovan,Gin,FALSE
Sec JunCC<>S3 2026<>Sec - AM<>Gin<>Saturday<>Kovan<>KO-2<>21<>6 Jun<>11:00 am<>,Sec JunCC,S3 2026,Sec - AM,Gin,Saturday,Kovan,KO-2,21,06 Jun (Sat),11:00:00 AM,S3 A Math,Exponential & Logarithm Functions,6/6/2026,11:15AM - 01:15PM,https://tinyurl.com/SOKGuide,988 Upper Serangoon Rd #01-16 (Stars of Kovan) S534733,988 Upper Serangoon Rd #01-16 (Stars of Kovan) S534733  (Video Guide: https://tinyurl.com/SOKGuide),S3 A Math,Open - Running,[S3 A Math] Kovan | 06 Jun (Sat) | 11:15AM - 01:15PM,S3 A Math - Kovan - 06 Jun Sat 11:15AM,[S3 A Math] Kovan | 06 Jun (Sat) | 11:15AM - 01:15PM,0,,1,1,1 / 21,,1 |  | 21,0.00%,S3,Sec,SMath(AM),SMath(AM),SMath,Kovan,Gin,FALSE
Sec JunCC<>S2 2026<>Sec - LS Math<>Gin<>Sunday<>Kovan<>KO-2<>21<>7 Jun<>9:00 am<>,Sec JunCC,S2 2026,Sec - LS Math,Gin,Sunday,Kovan,KO-2,21,07 Jun (Sun),9:00:00 AM,S2 Math,"Pythagoras' Theorem, Basic Trigonometry",6/7/2026,09:00AM - 11:00AM,https://tinyurl.com/SOKGuide,988 Upper Serangoon Rd #01-16 (Stars of Kovan) S534733,988 Upper Serangoon Rd #01-16 (Stars of Kovan) S534733  (Video Guide: https://tinyurl.com/SOKGuide),S2 Math,Open - Running,[S2 Math] Kovan | 07 Jun (Sun) | 09:00AM - 11:00AM,S2 Math - Kovan - 07 Jun Sun 09:00AM,[S2 Math] Kovan | 07 Jun (Sun) | 09:00AM - 11:00AM,0,,2,2,2 / 21,,2 |  | 21,0.00%,S2,Sec,LSMath,LSMath,SMath,Kovan,Gin,FALSE
Sec JunCC<>S4 2026<>Sec - AM<>Gin<>Sunday<>Kovan<>KO-2<>21<>7 Jun<>2:00 pm<>,Sec JunCC,S4 2026,Sec - AM,Gin,Sunday,Kovan,KO-2,21,07 Jun (Sun),2:00:00 PM,S4/5 A Math,Kinematics,6/7/2026,02:00PM - 04:00PM,https://tinyurl.com/SOKGuide,988 Upper Serangoon Rd #01-16 (Stars of Kovan) S534733,988 Upper Serangoon Rd #01-16 (Stars of Kovan) S534733  (Video Guide: https://tinyurl.com/SOKGuide),S4/5 A Math,Open - Running,[S4/5 A Math] Kovan | 07 Jun (Sun) | 02:00PM - 04:00PM,S4/5 A Math - Kovan - 07 Jun Sun 02:00PM,[S4/5 A Math] Kovan | 07 Jun (Sun) | 02:00PM - 04:00PM,0,,0,0,0 / 21,,0 |  | 21,0.00%,S4,Sec,SMath(AM),SMath(AM),SMath,Kovan,Gin,FALSE
Sec JunCC<>S3 2026<>Sec - AM<>Gin<>Sunday<>Kovan<>KO-2<>21<>7 Jun<>4:00 pm<>,Sec JunCC,S3 2026,Sec - AM,Gin,Sunday,Kovan,KO-2,21,07 Jun (Sun),4:00:00 PM,S3 A Math,Exponential & Logarithm Functions,6/7/2026,04:15PM - 06:15PM,https://tinyurl.com/SOKGuide,988 Upper Serangoon Rd #01-16 (Stars of Kovan) S534733,988 Upper Serangoon Rd #01-16 (Stars of Kovan) S534733  (Video Guide: https://tinyurl.com/SOKGuide),S3 A Math,Open - Running,[S3 A Math] Kovan | 07 Jun (Sun) | 04:15PM - 06:15PM,S3 A Math - Kovan - 07 Jun Sun 04:15PM,[S3 A Math] Kovan | 07 Jun (Sun) | 04:15PM - 06:15PM,0,,0,0,0 / 21,,0 |  | 21,0.00%,S3,Sec,SMath(AM),SMath(AM),SMath,Kovan,Gin,FALSE
Sec JunCC<>S3 2026<>Sec - Eng<>Adam<>Wednesday<>Kovan<>KO-3<>23<>3 Jun<>10:00 am<>,Sec JunCC,S3 2026,Sec - Eng,Adam,Wednesday,Kovan,KO-3,23,03 Jun (Wed),10:00:00 AM,S3 English,Narrative Comprehension,6/3/2026,10:00AM - 12:00PM,https://tinyurl.com/SOKGuide,988 Upper Serangoon Rd #01-16 (Stars of Kovan) S534733,988 Upper Serangoon Rd #01-16 (Stars of Kovan) S534733  (Video Guide: https://tinyurl.com/SOKGuide),S3 English,Open - Running,[S3 English] Kovan | 03 Jun (Wed) | 10:00AM - 12:00PM,S3 English - Kovan - 03 Jun Wed 10:00AM,[S3 English] Kovan | 03 Jun (Wed) | 10:00AM - 12:00PM,0,,4,4,4 / 23,,4 |  | 23,0.00%,S3,Sec,SEng,SEng,SEng,Kovan,Adam,FALSE
Sec JunCC<>S2 2026<>Sec - Eng<>Adam<>Wednesday<>Kovan<>KO-3<>23<>3 Jun<>1:00 pm<>,Sec JunCC,S2 2026,Sec - Eng,Adam,Wednesday,Kovan,KO-3,23,03 Jun (Wed),1:00:00 PM,S2 English,Narrative Comprehension,6/3/2026,01:00PM - 03:00PM,https://tinyurl.com/SOKGuide,988 Upper Serangoon Rd #01-16 (Stars of Kovan) S534733,988 Upper Serangoon Rd #01-16 (Stars of Kovan) S534733  (Video Guide: https://tinyurl.com/SOKGuide),S2 English,Open - Running,[S2 English] Kovan | 03 Jun (Wed) | 01:00PM - 03:00PM,S2 English - Kovan - 03 Jun Wed 01:00PM,[S2 English] Kovan | 03 Jun (Wed) | 01:00PM - 03:00PM,0,,6,6,6 / 23,,6 |  | 23,0.00%,S2,Sec,LSEng,LSEng,SEng,Kovan,Adam,FALSE
Sec JunCC<>S1 2026<>Sec - LS Science<>Vivien<>Wednesday<>King Albert Park<>KAP-1<>15<>3 Jun<>1:00 pm<>,Sec JunCC,S1 2026,Sec - LS Science,Vivien,Wednesday,King Albert Park,KAP-1,15,03 Jun (Wed),1:00:00 PM,S1 Science,Ray Model of Light,6/3/2026,01:00PM - 03:00PM,https://tinyurl.com/zenithKAP,896 Dunearn Road Dunearn Village #04-16 S589472,896 Dunearn Road Dunearn Village #04-16 S589472  (Video Guide: https://tinyurl.com/zenithKAP),S1 Science,Open - Running,[S1 Science] King Albert Park | 03 Jun (Wed) | 01:00PM - 03:00PM,S1 Science - King Albert Park - 03 Jun Wed 01:00PM,[S1 Science] King Albert Park | 03 Jun (Wed) | 01:00PM - 03:00PM,0,,7,7,7 / 15,,7 |  | 15,0.00%,S1,Sec,LSScience,LSScience,LSScience,King Albert Park,Vivien,FALSE
Sec JunCC<>S3 2026<>Sec - P Chem<>Crystal<>Monday<>King Albert Park<>KAP-4<>18<>1 Jun<>1:00 pm<>,Sec JunCC,S3 2026,Sec - P Chem,Crystal,Monday,King Albert Park,KAP-4,18,01 Jun (Mon),1:00:00 PM,S3 Pure Chemistry,Mole Concept & Stoichiometry,6/1/2026,01:00PM - 03:00PM,https://tinyurl.com/zenithKAP,896 Dunearn Road Dunearn Village #04-16 S589472,896 Dunearn Road Dunearn Village #04-16 S589472  (Video Guide: https://tinyurl.com/zenithKAP),S3 Chemistry,Open - Running,[S3 Pure Chemistry] King Albert Park | 01 Jun (Mon) | 01:00PM - 03:00PM,S3 Pure Chemistry - King Albert Park - 01 Jun Mon 01:00PM,[S3 Pure Chemistry] King Albert Park | 01 Jun (Mon) | 01:00PM - 03:00PM,0,,2,2,2 / 18,,2 |  | 18,0.00%,S3,Sec,SChem(Pure),SChem,SChem,King Albert Park,Crystal,FALSE
Sec JunCC<>S4 2026<>Sec - IP Math<>Bryant<>Tuesday<>King Albert Park<>KAP-5<>24<>2 Jun<>7:00 pm<>,Sec JunCC,S4 2026,Sec - IP Math,Bryant,Tuesday,King Albert Park,KAP-5,24,02 Jun (Tue),7:00:00 PM,S4 IP Math,Techniques of Integration,6/2/2026,07:15PM - 09:15PM,https://tinyurl.com/zenithKAP,896 Dunearn Road Dunearn Village #04-16 S589472,896 Dunearn Road Dunearn Village #04-16 S589472  (Video Guide: https://tinyurl.com/zenithKAP),S4 Math (IP),Open - Running,[S4 IP Math] King Albert Park | 02 Jun (Tue) | 07:15PM - 09:15PM,S4 IP Math - King Albert Park - 02 Jun Tue 07:15PM,[S4 IP Math] King Albert Park | 02 Jun (Tue) | 07:15PM - 09:15PM,0,,3,3,3 / 24,,3 |  | 24,0.00%,S4,Sec,SMath(IP),SMath(IP),SMath,King Albert Park,Bryant,FALSE
Sec JunCC<>S3 2026<>Sec - IP Math<>Bryant<>Friday<>King Albert Park<>KAP-5<>24<>5 Jun<>7:00 pm<>,Sec JunCC,S3 2026,Sec - IP Math,Bryant,Friday,King Albert Park,KAP-5,24,05 Jun (Fri),7:00:00 PM,S3 IP Math,Logarithms,6/5/2026,07:15PM - 09:15PM,https://tinyurl.com/zenithKAP,896 Dunearn Road Dunearn Village #04-16 S589472,896 Dunearn Road Dunearn Village #04-16 S589472  (Video Guide: https://tinyurl.com/zenithKAP),S3 Math (IP),Open - Running,[S3 IP Math] King Albert Park | 05 Jun (Fri) | 07:15PM - 09:15PM,S3 IP Math - King Albert Park - 05 Jun Fri 07:15PM,[S3 IP Math] King Albert Park | 05 Jun (Fri) | 07:15PM - 09:15PM,0,,7,7,7 / 24,,7 |  | 24,0.00%,S3,Sec,SMath(IP),SMath(IP),SMath,King Albert Park,Bryant,FALSE
Sec JunCC<>S4 2026<>Sec - EM<>Gwen<>Thursday<>Serangoon<>BHC-2<>23<>4 Jun<>10:00 am<>,Sec JunCC,S4 2026,Sec - EM,Gwen,Thursday,Serangoon,BHC-2,23,04 Jun (Thu),10:00:00 AM,S4/5 E Math,Vectors,6/4/2026,10:00AM - 12:00PM,https://tinyurl.com/zenithSERANGOON,50 Serangoon Avenue 2 #03-01 S556129,50 Serangoon Avenue 2 #03-01 S556129  (Video Guide: https://tinyurl.com/zenithSERANGOON),S4/5 E Math,Open - Running,[S4/5 E Math] Serangoon | 04 Jun (Thu) | 10:00AM - 12:00PM,S4/5 E Math - Serangoon - 04 Jun Thu 10:00AM,[S4/5 E Math] Serangoon | 04 Jun (Thu) | 10:00AM - 12:00PM,0,,13,13,13 / 23,,13 |  | 23,0.00%,S4,Sec,SMath(EM),SMath(EM),SMath,Braddell Heights,Gwen,FALSE
Sec JunCC<>S4 2026<>Sec - AM<>Gwen<>Thursday<>Serangoon<>BHC-2<>23<>4 Jun<>1:00 pm<>,Sec JunCC,S4 2026,Sec - AM,Gwen,Thursday,Serangoon,BHC-2,23,04 Jun (Thu),1:00:00 PM,S4/5 A Math,Kinematics,6/4/2026,01:00PM - 03:00PM,https://tinyurl.com/zenithSERANGOON,50 Serangoon Avenue 2 #03-01 S556129,50 Serangoon Avenue 2 #03-01 S556129  (Video Guide: https://tinyurl.com/zenithSERANGOON),S4/5 A Math,Open - Running,[S4/5 A Math] Serangoon | 04 Jun (Thu) | 01:00PM - 03:00PM,S4/5 A Math - Serangoon - 04 Jun Thu 01:00PM,[S4/5 A Math] Serangoon | 04 Jun (Thu) | 01:00PM - 03:00PM,0,,8,8,8 / 23,,8 |  | 23,0.00%,S4,Sec,SMath(AM),SMath(AM),SMath,Braddell Heights,Gwen,FALSE
Sec JunCC<>S4 2026<>Sec - SS<>Lynn Seah<>Saturday<>Serangoon<>BHC-2<>23<>6 Jun<>9:00 am<>,Sec JunCC,S4 2026,Sec - SS,Lynn Seah,Saturday,Serangoon,BHC-2,23,06 Jun (Sat),9:00:00 AM,S4 Social Studies,SBQ skills (source analysis; surprise/hybrid/assertion),6/6/2026,09:00AM - 11:00AM,https://tinyurl.com/zenithSERANGOON,50 Serangoon Avenue 2 #03-01 S556129,50 Serangoon Avenue 2 #03-01 S556129  (Video Guide: https://tinyurl.com/zenithSERANGOON),S4 Social Studies,Open - Running,[S4 Social Studies] Serangoon | 06 Jun (Sat) | 09:00AM - 11:00AM,S4 Social Studies - Serangoon - 06 Jun Sat 09:00AM,[S4 Social Studies] Serangoon | 06 Jun (Sat) | 09:00AM - 11:00AM,0,,21,21,21 / 23,,21 |  | 23,0.00%,S4,Sec,SSoc,SSoc,SSoc,Braddell Heights,Lynn Seah,FALSE
Sec JunCC<>S3 2026<>Sec - SS<>Lynn Seah<>Saturday<>Serangoon<>BHC-2<>23<>6 Jun<>11:00 am<>,Sec JunCC,S3 2026,Sec - SS,Lynn Seah,Saturday,Serangoon,BHC-2,23,06 Jun (Sat),11:00:00 AM,S3 Social Studies,"SBQ skills (source analysis; comparison, reliability & usefulness)",6/6/2026,11:15AM - 01:15PM,https://tinyurl.com/zenithSERANGOON,50 Serangoon Avenue 2 #03-01 S556129,50 Serangoon Avenue 2 #03-01 S556129  (Video Guide: https://tinyurl.com/zenithSERANGOON),S3 Social Studies,Open - Running,[S3 Social Studies] Serangoon | 06 Jun (Sat) | 11:15AM - 01:15PM,S3 Social Studies - Serangoon - 06 Jun Sat 11:15AM,[S3 Social Studies] Serangoon | 06 Jun (Sat) | 11:15AM - 01:15PM,0,,7,7,7 / 23,,7 |  | 23,0.00%,S3,Sec,SSoc,SSoc,SSoc,Braddell Heights,Lynn Seah,FALSE
Sec JunCC<>S4 2026<>Sec - SS<>Lynn Seah<>Saturday<>Serangoon<>BHC-5<>30<>6 Jun<>2:00 pm<>,Sec JunCC,S4 2026,Sec - SS,Lynn Seah,Saturday,Serangoon,BHC-5,30,06 Jun (Sat),2:00:00 PM,S4 Social Studies,SBQ skills (source analysis; surprise/hybrid/assertion),6/6/2026,02:00PM - 04:00PM,https://tinyurl.com/zenithSERANGOON,50 Serangoon Avenue 2 #03-01 S556129,50 Serangoon Avenue 2 #03-01 S556129  (Video Guide: https://tinyurl.com/zenithSERANGOON),S4 Social Studies,Closed - Running,,S4 Social Studies - Serangoon - 06 Jun Sat 02:00PM,[S4 Social Studies] Serangoon | 06 Jun (Sat) | 02:00PM - 04:00PM,0,,33,33,33 / 30,,33 |  | 30,0.00%,S4,Sec,SSoc,SSoc,SSoc,Braddell Heights,Lynn Seah,TRUE
Sec JunCC<>S3 2026<>Sec - EM<>Gwen<>Tuesday<>Serangoon<>BHC-3<>21<>2 Jun<>10:00 am<>,Sec JunCC,S3 2026,Sec - EM,Gwen,Tuesday,Serangoon,BHC-3,21,02 Jun (Tue),10:00:00 AM,S3 E Math,Properties of Circles,6/2/2026,10:00AM - 12:00PM,https://tinyurl.com/zenithSERANGOON,50 Serangoon Avenue 2 #03-01 S556129,50 Serangoon Avenue 2 #03-01 S556129  (Video Guide: https://tinyurl.com/zenithSERANGOON),S3 E Math,Open - Running,[S3 E Math] Serangoon | 02 Jun (Tue) | 10:00AM - 12:00PM,S3 E Math - Serangoon - 02 Jun Tue 10:00AM,[S3 E Math] Serangoon | 02 Jun (Tue) | 10:00AM - 12:00PM,0,,1,1,1 / 21,,1 |  | 21,0.00%,S3,Sec,SMath(EM),SMath(EM),SMath,Braddell Heights,Gwen,FALSE
Sec JunCC<>S3 2026<>Sec - AM<>Gwen<>Tuesday<>Serangoon<>BHC-3<>21<>2 Jun<>1:00 pm<>,Sec JunCC,S3 2026,Sec - AM,Gwen,Tuesday,Serangoon,BHC-3,21,02 Jun (Tue),1:00:00 PM,S3 A Math,Exponential & Logarithm Functions,6/2/2026,01:00PM - 03:00PM,https://tinyurl.com/zenithSERANGOON,50 Serangoon Avenue 2 #03-01 S556129,50 Serangoon Avenue 2 #03-01 S556129  (Video Guide: https://tinyurl.com/zenithSERANGOON),S3 A Math,Open - Running,[S3 A Math] Serangoon | 02 Jun (Tue) | 01:00PM - 03:00PM,S3 A Math - Serangoon - 02 Jun Tue 01:00PM,[S3 A Math] Serangoon | 02 Jun (Tue) | 01:00PM - 03:00PM,0,,2,2,2 / 21,,2 |  | 21,0.00%,S3,Sec,SMath(AM),SMath(AM),SMath,Braddell Heights,Gwen,FALSE
Sec JunCC<>S3 2026<>SS - C Lit<>Adri<>Saturday<>Serangoon<>BHC-3<>21<>6 Jun<>9:00 am<>,Sec JunCC,S3 2026,SS - C Lit,Adri,Saturday,Serangoon,BHC-3,21,06 Jun (Sat),9:00:00 AM,S3 Combined Literature,Unseen Poetry (Building Insight through Language/Context Clues),6/6/2026,09:00AM - 11:00AM,https://tinyurl.com/zenithSERANGOON,50 Serangoon Avenue 2 #03-01 S556129,50 Serangoon Avenue 2 #03-01 S556129  (Video Guide: https://tinyurl.com/zenithSERANGOON),S3 Literature,Open - Running,[S3 Combined Literature] Serangoon | 06 Jun (Sat) | 09:00AM - 11:00AM,S3 Combined Literature - Serangoon - 06 Jun Sat 09:00AM,[S3 Combined Literature] Serangoon | 06 Jun (Sat) | 09:00AM - 11:00AM,0,,2,2,2 / 21,,2 |  | 21,0.00%,S3,Sec,SLit(Comb),SLit,SLit,Braddell Heights,Adri,FALSE
Sec JunCC<>S4 2026<>SS - C Lit<>Adri<>Saturday<>Serangoon<>BHC-3<>21<>6 Jun<>11:00 am<>,Sec JunCC,S4 2026,SS - C Lit,Adri,Saturday,Serangoon,BHC-3,21,06 Jun (Sat),11:00:00 AM,S4 Combined Literature,Unseen Poetry (Building Insight through Language/Context Clues),6/6/2026,11:15AM - 01:15PM,https://tinyurl.com/zenithSERANGOON,50 Serangoon Avenue 2 #03-01 S556129,50 Serangoon Avenue 2 #03-01 S556129  (Video Guide: https://tinyurl.com/zenithSERANGOON),S4 Literature,Open - Running,[S4 Combined Literature] Serangoon | 06 Jun (Sat) | 11:15AM - 01:15PM,S4 Combined Literature - Serangoon - 06 Jun Sat 11:15AM,[S4 Combined Literature] Serangoon | 06 Jun (Sat) | 11:15AM - 01:15PM,0,,8,14,14 / 21,,14 |  | 21,0.00%,S4,Sec,SLit(Comb),SLit,SLit,Braddell Heights,Adri,FALSE
Sec JunCC<>S4 2026<>SS - P Lit<>Adri<>Saturday<>Serangoon<>BHC-3<>21<>6 Jun<>2:00 pm<>,Sec JunCC,S4 2026,SS - P Lit,Adri,Saturday,Serangoon,BHC-3,21,06 Jun (Sat),2:00:00 PM,S4 Pure Literature,Unseen Poetry (Building Insight through Language/Context Clues),6/6/2026,02:00PM - 04:00PM,https://tinyurl.com/zenithSERANGOON,50 Serangoon Avenue 2 #03-01 S556129,50 Serangoon Avenue 2 #03-01 S556129  (Video Guide: https://tinyurl.com/zenithSERANGOON),S4 Literature,Open - Running,[S4 Pure Literature] Serangoon | 06 Jun (Sat) | 02:00PM - 04:00PM,S4 Pure Literature - Serangoon - 06 Jun Sat 02:00PM,[S4 Pure Literature] Serangoon | 06 Jun (Sat) | 02:00PM - 04:00PM,0,,4,4,4 / 21,,4 |  | 21,0.00%,S4,Sec,SLit(Pure),SLit,SLit,Braddell Heights,Adri,FALSE
Sec JunCC<>S2 2026<>Sec - LS Math<>Gwen<>Thursday<>Serangoon<>BHC-4<>21<>4 Jun<>5:00 pm<>,Sec JunCC,S2 2026,Sec - LS Math,Gwen,Thursday,Serangoon,BHC-4,21,04 Jun (Thu),5:00:00 PM,S2 Math,"Pythagoras' Theorem, Basic Trigonometry",6/4/2026,05:00PM - 07:00PM,https://tinyurl.com/zenithSERANGOON,50 Serangoon Avenue 2 #03-01 S556129,50 Serangoon Avenue 2 #03-01 S556129  (Video Guide: https://tinyurl.com/zenithSERANGOON),S2 Math,Open - Running,[S2 Math] Serangoon | 04 Jun (Thu) | 05:00PM - 07:00PM,S2 Math - Serangoon - 04 Jun Thu 05:00PM,[S2 Math] Serangoon | 04 Jun (Thu) | 05:00PM - 07:00PM,0,,7,7,7 / 21,,7 |  | 21,0.00%,S2,Sec,LSMath,LSMath,SMath,Braddell Heights,Gwen,FALSE
Sec JunCC<>S3 2026<>Sec - AM<>Gwen<>Thursday<>Serangoon<>BHC-4<>21<>4 Jun<>7:00 pm<>,Sec JunCC,S3 2026,Sec - AM,Gwen,Thursday,Serangoon,BHC-4,21,04 Jun (Thu),7:00:00 PM,S3 A Math,Exponential & Logarithm Functions,6/4/2026,07:15PM - 09:15PM,https://tinyurl.com/zenithSERANGOON,50 Serangoon Avenue 2 #03-01 S556129,50 Serangoon Avenue 2 #03-01 S556129  (Video Guide: https://tinyurl.com/zenithSERANGOON),S3 A Math,Open - Running,[S3 A Math] Serangoon | 04 Jun (Thu) | 07:15PM - 09:15PM,S3 A Math - Serangoon - 04 Jun Thu 07:15PM,[S3 A Math] Serangoon | 04 Jun (Thu) | 07:15PM - 09:15PM,0,,2,2,2 / 21,,2 |  | 21,0.00%,S3,Sec,SMath(AM),SMath(AM),SMath,Braddell Heights,Gwen,FALSE
Sec JunCC<>S3 2026<>Sec - EM<>Vegas<>Tuesday<>Buona Vista<>BV-1 (L3)<>28<>9 Jun<>10:00 am<>,Sec JunCC,S3 2026,Sec - EM,Vegas,Tuesday,Buona Vista,BV-1 (L3),28,09 Jun (Tue),10:00:00 AM,S3 E Math,Properties of Circles,6/9/2026,10:00AM - 12:00PM,bit.ly/zenithBV,35 Rochester Dr #02-23 (Rochester Mall) S138639,35 Rochester Dr #02-23 (Rochester Mall) S138639  (Video Guide: bit.ly/zenithBV),S3 E Math,Open - Running,[S3 E Math] Buona Vista | 09 Jun (Tue) | 10:00AM - 12:00PM,S3 E Math - Buona Vista - 09 Jun Tue 10:00AM,[S3 E Math] Buona Vista | 09 Jun (Tue) | 10:00AM - 12:00PM,0,,13,13,13 / 28,,13 |  | 28,0.00%,S3,Sec,SMath(EM),SMath(EM),SMath,Buona Vista,Vegas,FALSE
Sec JunCC<>S3 2026<>Sec - AM<>Vegas<>Tuesday<>Buona Vista<>BV-1 (L3)<>28<>9 Jun<>1:00 pm<>,Sec JunCC,S3 2026,Sec - AM,Vegas,Tuesday,Buona Vista,BV-1 (L3),28,09 Jun (Tue),1:00:00 PM,S3 A Math,Exponential & Logarithm Functions,6/9/2026,01:00PM - 03:00PM,bit.ly/zenithBV,35 Rochester Dr #02-23 (Rochester Mall) S138639,35 Rochester Dr #02-23 (Rochester Mall) S138639  (Video Guide: bit.ly/zenithBV),S3 A Math,Open - Running,[S3 A Math] Buona Vista | 09 Jun (Tue) | 01:00PM - 03:00PM,S3 A Math - Buona Vista - 09 Jun Tue 01:00PM,[S3 A Math] Buona Vista | 09 Jun (Tue) | 01:00PM - 03:00PM,0,,10,10,10 / 28,,10 |  | 28,0.00%,S3,Sec,SMath(AM),SMath(AM),SMath,Buona Vista,Vegas,FALSE
Sec JunCC<>S3 2026<>Sec - Eng<>John<>Wednesday<>Buona Vista<>BV-1 (L3)<>28<>10 Jun<>3:00 pm<>,Sec JunCC,S3 2026,Sec - Eng,John,Wednesday,Buona Vista,BV-1 (L3),28,10 Jun (Wed),3:00:00 PM,S3 English,Narrative Comprehension,6/10/2026,03:00PM - 05:00PM,bit.ly/zenithBV,35 Rochester Dr #02-23 (Rochester Mall) S138639,35 Rochester Dr #02-23 (Rochester Mall) S138639  (Video Guide: bit.ly/zenithBV),S3 English,Open - Running,[S3 English] Buona Vista | 10 Jun (Wed) | 03:00PM - 05:00PM,S3 English - Buona Vista - 10 Jun Wed 03:00PM,[S3 English] Buona Vista | 10 Jun (Wed) | 03:00PM - 05:00PM,0,,6,6,6 / 28,,6 |  | 28,0.00%,S3,Sec,SEng,SEng,SEng,Buona Vista,John,FALSE
Sec JunCC<>S2 2026<>Sec - LS Math<>Jacelyn<>Wednesday<>Buona Vista<>BV-2 (L3)<>18<>10 Jun<>10:00 am<>,Sec JunCC,S2 2026,Sec - LS Math,Jacelyn,Wednesday,Buona Vista,BV-2 (L3),18,10 Jun (Wed),10:00:00 AM,S2 Math,"Pythagoras' Theorem, Basic Trigonometry",6/10/2026,10:00AM - 12:00PM,bit.ly/zenithBV,35 Rochester Dr #02-23 (Rochester Mall) S138639,35 Rochester Dr #02-23 (Rochester Mall) S138639  (Video Guide: bit.ly/zenithBV),S2 Math,Open - Running,[S2 Math] Buona Vista | 10 Jun (Wed) | 10:00AM - 12:00PM,S2 Math - Buona Vista - 10 Jun Wed 10:00AM,[S2 Math] Buona Vista | 10 Jun (Wed) | 10:00AM - 12:00PM,0,,9,9,9 / 18,,9 |  | 18,0.00%,S2,Sec,LSMath,LSMath,SMath,Buona Vista,Jacelyn,FALSE
Sec JunCC<>S1 2026<>Sec - LS Math<>Jacelyn<>Wednesday<>Buona Vista<>BV-2 (L3)<>18<>10 Jun<>1:00 pm<>,Sec JunCC,S1 2026,Sec - LS Math,Jacelyn,Wednesday,Buona Vista,BV-2 (L3),18,10 Jun (Wed),1:00:00 PM,S1 Math,"Percentage & Ratio, Algebra Revision",6/10/2026,01:00PM - 03:00PM,bit.ly/zenithBV,35 Rochester Dr #02-23 (Rochester Mall) S138639,35 Rochester Dr #02-23 (Rochester Mall) S138639  (Video Guide: bit.ly/zenithBV),S1 Math,Open - Running,[S1 Math] Buona Vista | 10 Jun (Wed) | 01:00PM - 03:00PM,S1 Math - Buona Vista - 10 Jun Wed 01:00PM,[S1 Math] Buona Vista | 10 Jun (Wed) | 01:00PM - 03:00PM,0,,2,2,2 / 18,,2 |  | 18,0.00%,S1,Sec,LSMath,LSMath,SMath,Buona Vista,Jacelyn,FALSE
Sec JunCC<>S4 2026<>Sec - EM<>Vegas<>Friday<>Buona Vista<>BV-LT<>70<>12 Jun<>10:00 am<>,Sec JunCC,S4 2026,Sec - EM,Vegas,Friday,Buona Vista,BV-LT,70,12 Jun (Fri),10:00:00 AM,S4/5 E Math,Vectors,6/12/2026,10:00AM - 12:00PM,bit.ly/zenithBV,35 Rochester Dr #02-23 (Rochester Mall) S138639,35 Rochester Dr #02-23 (Rochester Mall) S138639  (Video Guide: bit.ly/zenithBV),S4/5 E Math,Open - Running,[S4/5 E Math] Buona Vista | 12 Jun (Fri) | 10:00AM - 12:00PM,S4/5 E Math - Buona Vista - 12 Jun Fri 10:00AM,[S4/5 E Math] Buona Vista | 12 Jun (Fri) | 10:00AM - 12:00PM,0,,54,54,54 / 70,,54 |  | 70,0.00%,S4,Sec,SMath(EM),SMath(EM),SMath,Buona Vista,Vegas,FALSE
Sec JunCC<>S4 2026<>Sec - AM<>Vegas<>Friday<>Buona Vista<>BV-LT<>70<>12 Jun<>1:00 pm<>,Sec JunCC,S4 2026,Sec - AM,Vegas,Friday,Buona Vista,BV-LT,70,12 Jun (Fri),1:00:00 PM,S4/5 A Math,Kinematics,6/12/2026,01:00PM - 03:00PM,bit.ly/zenithBV,35 Rochester Dr #02-23 (Rochester Mall) S138639,35 Rochester Dr #02-23 (Rochester Mall) S138639  (Video Guide: bit.ly/zenithBV),S4/5 A Math,Open - Running,[S4/5 A Math] Buona Vista | 12 Jun (Fri) | 01:00PM - 03:00PM,S4/5 A Math - Buona Vista - 12 Jun Fri 01:00PM,[S4/5 A Math] Buona Vista | 12 Jun (Fri) | 01:00PM - 03:00PM,0,,44,44,44 / 70,,44 |  | 70,0.00%,S4,Sec,SMath(AM),SMath(AM),SMath,Buona Vista,Vegas,FALSE
Sec JunCC<>S3 2026<>Sec - P Chem<>Melissa<>Monday<>Buona Vista<>BV-4 (L2)<>22<>8 Jun<>1:00 pm<>,Sec JunCC,S3 2026,Sec - P Chem,Melissa,Monday,Buona Vista,BV-4 (L2),22,08 Jun (Mon),1:00:00 PM,S3 Pure Chemistry,Mole Concept & Stoichiometry,6/8/2026,01:00PM - 03:00PM,bit.ly/zenithBV,35 Rochester Dr #02-23 (Rochester Mall) S138639,35 Rochester Dr #02-23 (Rochester Mall) S138639  (Video Guide: bit.ly/zenithBV),S3 Chemistry,Open - Running,[S3 Pure Chemistry] Buona Vista | 08 Jun (Mon) | 01:00PM - 03:00PM,S3 Pure Chemistry - Buona Vista - 08 Jun Mon 01:00PM,[S3 Pure Chemistry] Buona Vista | 08 Jun (Mon) | 01:00PM - 03:00PM,0,,6,6,6 / 22,,6 |  | 22,0.00%,S3,Sec,SChem(Pure),SChem,SChem,Buona Vista,Melissa,FALSE
Sec JunCC<>S3 2026<>Sec - P Chem<>Crystal<>Tuesday<>Buona Vista<>BV-4 (L2)<>22<>9 Jun<>10:00 am<>,Sec JunCC,S3 2026,Sec - P Chem,Crystal,Tuesday,Buona Vista,BV-4 (L2),22,09 Jun (Tue),10:00:00 AM,S3 Pure Chemistry,Mole Concept & Stoichiometry,6/9/2026,10:00AM - 12:00PM,bit.ly/zenithBV,35 Rochester Dr #02-23 (Rochester Mall) S138639,35 Rochester Dr #02-23 (Rochester Mall) S138639  (Video Guide: bit.ly/zenithBV),S3 Chemistry,Open - Running,[S3 Pure Chemistry] Buona Vista | 09 Jun (Tue) | 10:00AM - 12:00PM,S3 Pure Chemistry - Buona Vista - 09 Jun Tue 10:00AM,[S3 Pure Chemistry] Buona Vista | 09 Jun (Tue) | 10:00AM - 12:00PM,0,,0,0,0 / 22,,0 |  | 22,0.00%,S3,Sec,SChem(Pure),SChem,SChem,Buona Vista,Crystal,FALSE
Sec JunCC<>S3 2026<>Sec - P Chem<>Melissa<>Tuesday<>Buona Vista<>BV-4 (L2)<>22<>9 Jun<>1:00 pm<>,Sec JunCC,S3 2026,Sec - P Chem,Melissa,Tuesday,Buona Vista,BV-4 (L2),22,09 Jun (Tue),1:00:00 PM,S3 Pure Chemistry,Mole Concept & Stoichiometry,6/9/2026,01:00PM - 03:00PM,bit.ly/zenithBV,35 Rochester Dr #02-23 (Rochester Mall) S138639,35 Rochester Dr #02-23 (Rochester Mall) S138639  (Video Guide: bit.ly/zenithBV),S3 Chemistry,Open - Running,[S3 Pure Chemistry] Buona Vista | 09 Jun (Tue) | 01:00PM - 03:00PM,S3 Pure Chemistry - Buona Vista - 09 Jun Tue 01:00PM,[S3 Pure Chemistry] Buona Vista | 09 Jun (Tue) | 01:00PM - 03:00PM,0,,3,3,3 / 22,,3 |  | 22,0.00%,S3,Sec,SChem(Pure),SChem,SChem,Buona Vista,Melissa,FALSE
Sec JunCC<>S4 2026<>Sec - P Phy<>Jerlyn<>Wednesday<>Buona Vista<>BV-1 (L3)<>28<>10 Jun<>10:00 am<>,Sec JunCC,S4 2026,Sec - P Phy,Jerlyn,Wednesday,Buona Vista,BV-1 (L3),28,10 Jun (Wed),10:00:00 AM,S4/5 Pure Physics,Electromagnetism,6/10/2026,10:00AM - 12:00PM,bit.ly/zenithBV,35 Rochester Dr #02-23 (Rochester Mall) S138639,35 Rochester Dr #02-23 (Rochester Mall) S138639  (Video Guide: bit.ly/zenithBV),S4/5 Physics,Closed - Running,,S4/5 Pure Physics - Buona Vista - 10 Jun Wed 10:00AM,[S4/5 Pure Physics] Buona Vista | 10 Jun (Wed) | 10:00AM - 12:00PM,0,,31,31,31 / 28,,31 |  | 28,0.00%,S4,Sec,SPhy(Pure),SPhy,SPhy,Buona Vista,Jerlyn,TRUE
Sec JunCC<>S3 2026<>Sec - P Phy<>Jerlyn<>Wednesday<>Buona Vista<>BV-4 (L2)<>22<>10 Jun<>1:00 pm<>,Sec JunCC,S3 2026,Sec - P Phy,Jerlyn,Wednesday,Buona Vista,BV-4 (L2),22,10 Jun (Wed),1:00:00 PM,S3 Pure Physics,Energy,6/10/2026,01:00PM - 03:00PM,bit.ly/zenithBV,35 Rochester Dr #02-23 (Rochester Mall) S138639,35 Rochester Dr #02-23 (Rochester Mall) S138639  (Video Guide: bit.ly/zenithBV),S3 Physics,Open - Running,[S3 Pure Physics] Buona Vista | 10 Jun (Wed) | 01:00PM - 03:00PM,S3 Pure Physics - Buona Vista - 10 Jun Wed 01:00PM,[S3 Pure Physics] Buona Vista | 10 Jun (Wed) | 01:00PM - 03:00PM,0,,2,2,2 / 22,,2 |  | 22,0.00%,S3,Sec,SPhy(Pure),SPhy,SPhy,Buona Vista,Jerlyn,FALSE
Sec JunCC<>S3 2026<>Sec - P Phy<>Melissa<>Thursday<>Buona Vista<>BV-4 (L2)<>22<>11 Jun<>1:00 pm<>,Sec JunCC,S3 2026,Sec - P Phy,Melissa,Thursday,Buona Vista,BV-4 (L2),22,11 Jun (Thu),1:00:00 PM,S3 Pure Physics,Energy,6/11/2026,01:00PM - 03:00PM,bit.ly/zenithBV,35 Rochester Dr #02-23 (Rochester Mall) S138639,35 Rochester Dr #02-23 (Rochester Mall) S138639  (Video Guide: bit.ly/zenithBV),S3 Physics,Open - Running,[S3 Pure Physics] Buona Vista | 11 Jun (Thu) | 01:00PM - 03:00PM,S3 Pure Physics - Buona Vista - 11 Jun Thu 01:00PM,[S3 Pure Physics] Buona Vista | 11 Jun (Thu) | 01:00PM - 03:00PM,0,,1,1,1 / 22,,1 |  | 22,0.00%,S3,Sec,SPhy(Pure),SPhy,SPhy,Buona Vista,Melissa,FALSE
Sec JunCC<>S4 2026<>Sec - P Bio<>Richard<>Sunday<>Buona Vista<>BV-LT<>70<>14 Jun<>7:00 pm<>,Sec JunCC,S4 2026,Sec - P Bio,Richard,Sunday,Buona Vista,BV-LT,70,14 Jun (Sun),7:00:00 PM,S4/5 Pure Biology,Transport in Humans,6/14/2026,07:15PM - 09:15PM,bit.ly/zenithBV,35 Rochester Dr #02-23 (Rochester Mall) S138639,35 Rochester Dr #02-23 (Rochester Mall) S138639  (Video Guide: bit.ly/zenithBV),S4/5 Biology,Open - Running,[S4/5 Pure Biology] Buona Vista | 14 Jun (Sun) | 07:15PM - 09:15PM,S4/5 Pure Biology - Buona Vista - 14 Jun Sun 07:15PM,[S4/5 Pure Biology] Buona Vista | 14 Jun (Sun) | 07:15PM - 09:15PM,0,,50,59,59 / 70,,59 |  | 70,0.00%,S4,Sec,SBio(Pure),SBio,SBio,Buona Vista,Richard,TRUE
Sec JunCC<>S2 2026<>Sec - LS Math<>Lisa<>Monday<>Tan Kah Kee<>TKK-1<>14<>8 Jun<>2:00 pm<>,Sec JunCC,S2 2026,Sec - LS Math,Lisa,Monday,Tan Kah Kee,TKK-1,14,08 Jun (Mon),2:00:00 PM,S2 Math,"Pythagoras' Theorem, Basic Trigonometry",6/8/2026,02:00PM - 04:00PM,bit.ly/TKK607,607 Bukit Timah Road #02-01 S269708,607 Bukit Timah Road #02-01 S269708  (Video Guide: bit.ly/TKK607),S2 Math,Open - Running,[S2 Math] Tan Kah Kee | 08 Jun (Mon) | 02:00PM - 04:00PM,S2 Math - Tan Kah Kee - 08 Jun Mon 02:00PM,[S2 Math] Tan Kah Kee | 08 Jun (Mon) | 02:00PM - 04:00PM,0,,1,1,1 / 14,,1 |  | 14,0.00%,S2,Sec,LSMath,LSMath,SMath,Coro + TKK,Lisa,FALSE
Sec JunCC<>S3 2026<>Sec - AM<>Lisa<>Tuesday<>Tan Kah Kee<>TKK-1<>14<>9 Jun<>2:00 pm<>,Sec JunCC,S3 2026,Sec - AM,Lisa,Tuesday,Tan Kah Kee,TKK-1,14,09 Jun (Tue),2:00:00 PM,S3 A Math,Exponential & Logarithm Functions,6/9/2026,02:00PM - 04:00PM,bit.ly/TKK607,607 Bukit Timah Road #02-01 S269708,607 Bukit Timah Road #02-01 S269708  (Video Guide: bit.ly/TKK607),S3 A Math,Open - Running,[S3 A Math] Tan Kah Kee | 09 Jun (Tue) | 02:00PM - 04:00PM,S3 A Math - Tan Kah Kee - 09 Jun Tue 02:00PM,[S3 A Math] Tan Kah Kee | 09 Jun (Tue) | 02:00PM - 04:00PM,0,,3,3,3 / 14,,3 |  | 14,0.00%,S3,Sec,SMath(AM),SMath(AM),SMath,Coro + TKK,Lisa,FALSE
Sec JunCC<>S4 2026<>Sec - AM<>Lisa<>Thursday<>Tan Kah Kee<>TKK-1<>14<>11 Jun<>2:00 pm<>,Sec JunCC,S4 2026,Sec - AM,Lisa,Thursday,Tan Kah Kee,TKK-1,14,11 Jun (Thu),2:00:00 PM,S4/5 A Math,Kinematics,6/11/2026,02:00PM - 04:00PM,bit.ly/TKK607,607 Bukit Timah Road #02-01 S269708,607 Bukit Timah Road #02-01 S269708  (Video Guide: bit.ly/TKK607),S4/5 A Math,Open - Running,[S4/5 A Math] Tan Kah Kee | 11 Jun (Thu) | 02:00PM - 04:00PM,S4/5 A Math - Tan Kah Kee - 11 Jun Thu 02:00PM,[S4/5 A Math] Tan Kah Kee | 11 Jun (Thu) | 02:00PM - 04:00PM,0,,4,4,4 / 14,,4 |  | 14,0.00%,S4,Sec,SMath(AM),SMath(AM),SMath,Coro + TKK,Lisa,FALSE
Sec JunCC<>S4 2026<>Sec - IP Math<>E-Lin<>Saturday<>Tan Kah Kee<>TKK-3<>19<>13 Jun<>1:00 pm<>,Sec JunCC,S4 2026,Sec - IP Math,E-Lin,Saturday,Tan Kah Kee,TKK-3,19,13 Jun (Sat),1:00:00 PM,S4 IP Math,Techniques of Integration,6/13/2026,01:00PM - 03:00PM,bit.ly/TKK607,607 Bukit Timah Road #02-01 S269708,607 Bukit Timah Road #02-01 S269708  (Video Guide: bit.ly/TKK607),S4 Math (IP),Open - Running,[S4 IP Math] Tan Kah Kee | 13 Jun (Sat) | 01:00PM - 03:00PM,S4 IP Math - Tan Kah Kee - 13 Jun Sat 01:00PM,[S4 IP Math] Tan Kah Kee | 13 Jun (Sat) | 01:00PM - 03:00PM,0,,0,0,0 / 19,,0 |  | 19,0.00%,S4,Sec,SMath(IP),SMath(IP),SMath,Coro + TKK,E-Lin,FALSE
Sec JunCC<>S4 2026<>Sec - Eng<>Natalie<>Monday<>Potong Pasir<>PP-3 (L2)<>25<>8 Jun<>10:00 am<>,Sec JunCC,S4 2026,Sec - Eng,Natalie,Monday,Potong Pasir,PP-3 (L2),25,08 Jun (Mon),10:00:00 AM,S4/5 English,Narrative Comprehension,6/8/2026,10:00AM - 12:00PM,bit.ly/zenithPP,25 Tai Thong Crescent (Beside 7-11) S347856,25 Tai Thong Crescent (Beside 7-11) S347856  (Video Guide: bit.ly/zenithPP),S4/5 English,Closed - Running,,S4/5 English - Potong Pasir - 08 Jun Mon 10:00AM,[S4/5 English] Potong Pasir | 08 Jun (Mon) | 10:00AM - 12:00PM,0,,28,28,28 / 25,,28 |  | 25,0.00%,S4,Sec,SEng,SEng,SEng,Potong Pasir,Natalie,TRUE
Sec JunCC<>S4 2026<>Sec - P Bio<>Natasha<>Monday<>Potong Pasir<>PP-4 (L2)<>52<>8 Jun<>10:00 am<>,Sec JunCC,S4 2026,Sec - P Bio,Natasha,Monday,Potong Pasir,PP-4 (L2),52,08 Jun (Mon),10:00:00 AM,S4/5 Pure Biology,Transport in Humans,6/8/2026,10:00AM - 12:00PM,bit.ly/zenithPP,25 Tai Thong Crescent (Beside 7-11) S347856,25 Tai Thong Crescent (Beside 7-11) S347856  (Video Guide: bit.ly/zenithPP),S4/5 Biology,Closed - Running,,S4/5 Pure Biology - Potong Pasir - 08 Jun Mon 10:00AM,[S4/5 Pure Biology] Potong Pasir | 08 Jun (Mon) | 10:00AM - 12:00PM,0,,33,57,57 / 52,,57 |  | 52,0.00%,S4,Sec,SBio(Pure),SBio,SBio,Potong Pasir,Natasha,TRUE
Sec JunCC<>S4 2026<>Sec - C Bio<>Natasha<>Monday<>Potong Pasir<>PP-4 (L2)<>52<>8 Jun<>1:00 pm<>,Sec JunCC,S4 2026,Sec - C Bio,Natasha,Monday,Potong Pasir,PP-4 (L2),52,08 Jun (Mon),1:00:00 PM,S4/5 Combined Biology,Transport in Humans,6/8/2026,01:00PM - 03:00PM,bit.ly/zenithPP,25 Tai Thong Crescent (Beside 7-11) S347856,25 Tai Thong Crescent (Beside 7-11) S347856  (Video Guide: bit.ly/zenithPP),S4/5 Biology,Open - Running,[S4/5 Combined Biology] Potong Pasir | 08 Jun (Mon) | 01:00PM - 03:00PM,S4/5 Combined Biology - Potong Pasir - 08 Jun Mon 01:00PM,[S4/5 Combined Biology] Potong Pasir | 08 Jun (Mon) | 01:00PM - 03:00PM,0,,28,54,54 / 52,,54 |  | 52,0.00%,S4,Sec,SBio(Comb),SBio,SBio,Potong Pasir,Natasha,TRUE
Sec JunCC<>S3 2026<>SS - P Hist<>Evan<>Wednesday<>Potong Pasir<>PP-3 (L2)<>25<>10 Jun<>10:00 am<>,Sec JunCC,S3 2026,SS - P Hist,Evan,Wednesday,Potong Pasir,PP-3 (L2),25,10 Jun (Wed),10:00:00 AM,S3 Pure History,The Rise of Dictatorship: Germany,6/10/2026,10:00AM - 12:00PM,bit.ly/zenithPP,25 Tai Thong Crescent (Beside 7-11) S347856,25 Tai Thong Crescent (Beside 7-11) S347856  (Video Guide: bit.ly/zenithPP),S3 History,Open - Running,[S3 Pure History] Potong Pasir | 10 Jun (Wed) | 10:00AM - 12:00PM,S3 Pure History - Potong Pasir - 10 Jun Wed 10:00AM,[S3 Pure History] Potong Pasir | 10 Jun (Wed) | 10:00AM - 12:00PM,0,,1,1,1 / 25,,1 |  | 25,0.00%,S3,Sec,SHis(Pure),SHis,SHis,Potong Pasir,Evan,FALSE
Sec JunCC<>S4 2026<>SS - P Hist<>Evan<>Wednesday<>Potong Pasir<>PP-3 (L2)<>25<>10 Jun<>1:00 pm<>,Sec JunCC,S4 2026,SS - P Hist,Evan,Wednesday,Potong Pasir,PP-3 (L2),25,10 Jun (Wed),1:00:00 PM,S4 Pure History,The Rise of Militarist Japan,6/10/2026,01:00PM - 03:00PM,bit.ly/zenithPP,25 Tai Thong Crescent (Beside 7-11) S347856,25 Tai Thong Crescent (Beside 7-11) S347856  (Video Guide: bit.ly/zenithPP),S4 History,Open - Running,[S4 Pure History] Potong Pasir | 10 Jun (Wed) | 01:00PM - 03:00PM,S4 Pure History - Potong Pasir - 10 Jun Wed 01:00PM,[S4 Pure History] Potong Pasir | 10 Jun (Wed) | 01:00PM - 03:00PM,0,,9,9,9 / 25,,9 |  | 25,0.00%,S4,Sec,SHis(Pure),SHis,SHis,Potong Pasir,Evan,FALSE
Sec JunCC<>S3 2026<>Sec - AM<>Alicia<>Monday<>Potong Pasir<>PP-2 (L1)<>21<>8 Jun<>10:00 am<>,Sec JunCC,S3 2026,Sec - AM,Alicia,Monday,Potong Pasir,PP-2 (L1),21,08 Jun (Mon),10:00:00 AM,S3 A Math,Exponential & Logarithm Functions,6/8/2026,10:00AM - 12:00PM,bit.ly/zenithPP,25 Tai Thong Crescent (Beside 7-11) S347856,25 Tai Thong Crescent (Beside 7-11) S347856  (Video Guide: bit.ly/zenithPP),S3 A Math,Open - Running,[S3 A Math] Potong Pasir | 08 Jun (Mon) | 10:00AM - 12:00PM,S3 A Math - Potong Pasir - 08 Jun Mon 10:00AM,[S3 A Math] Potong Pasir | 08 Jun (Mon) | 10:00AM - 12:00PM,0,,1,1,1 / 21,,1 |  | 21,0.00%,S3,Sec,SMath(AM),SMath(AM),SMath,Potong Pasir,Alicia,FALSE
Sec JunCC<>S4 2026<>Sec - AM<>Alicia<>Monday<>Potong Pasir<>PP-2 (L1)<>21<>8 Jun<>1:00 pm<>,Sec JunCC,S4 2026,Sec - AM,Alicia,Monday,Potong Pasir,PP-2 (L1),21,08 Jun (Mon),1:00:00 PM,S4/5 A Math,Kinematics,6/8/2026,01:00PM - 03:00PM,bit.ly/zenithPP,25 Tai Thong Crescent (Beside 7-11) S347856,25 Tai Thong Crescent (Beside 7-11) S347856  (Video Guide: bit.ly/zenithPP),S4/5 A Math,Open - Running,[S4/5 A Math] Potong Pasir | 08 Jun (Mon) | 01:00PM - 03:00PM,S4/5 A Math - Potong Pasir - 08 Jun Mon 01:00PM,[S4/5 A Math] Potong Pasir | 08 Jun (Mon) | 01:00PM - 03:00PM,0,,1,1,1 / 21,,1 |  | 21,0.00%,S4,Sec,SMath(AM),SMath(AM),SMath,Potong Pasir,Alicia,FALSE
Sec JunCC<>S4 2026<>Sec - P Chem<>Nick<>Wednesday<>Potong Pasir<>PP-2 (L1)<>21<>10 Jun<>10:00 am<>,Sec JunCC,S4 2026,Sec - P Chem,Nick,Wednesday,Potong Pasir,PP-2 (L1),21,10 Jun (Wed),10:00:00 AM,S4/5 Pure Chemistry,Electrochemistry,6/10/2026,10:00AM - 12:00PM,bit.ly/zenithPP,25 Tai Thong Crescent (Beside 7-11) S347856,25 Tai Thong Crescent (Beside 7-11) S347856  (Video Guide: bit.ly/zenithPP),S4/5 Chemistry,Open - Running,[S4/5 Pure Chemistry] Potong Pasir | 10 Jun (Wed) | 10:00AM - 12:00PM,S4/5 Pure Chemistry - Potong Pasir - 10 Jun Wed 10:00AM,[S4/5 Pure Chemistry] Potong Pasir | 10 Jun (Wed) | 10:00AM - 12:00PM,0,,16,16,16 / 21,,16 |  | 21,0.00%,S4,Sec,SChem(Pure),SChem,SChem,Potong Pasir,Nick,FALSE
Sec JunCC<>S3 2026<>Sec - P Chem<>Nick<>Wednesday<>Potong Pasir<>PP-2 (L1)<>21<>10 Jun<>1:00 pm<>,Sec JunCC,S3 2026,Sec - P Chem,Nick,Wednesday,Potong Pasir,PP-2 (L1),21,10 Jun (Wed),1:00:00 PM,S3 Pure Chemistry,Mole Concept & Stoichiometry,6/10/2026,01:00PM - 03:00PM,bit.ly/zenithPP,25 Tai Thong Crescent (Beside 7-11) S347856,25 Tai Thong Crescent (Beside 7-11) S347856  (Video Guide: bit.ly/zenithPP),S3 Chemistry,Open - Running,[S3 Pure Chemistry] Potong Pasir | 10 Jun (Wed) | 01:00PM - 03:00PM,S3 Pure Chemistry - Potong Pasir - 10 Jun Wed 01:00PM,[S3 Pure Chemistry] Potong Pasir | 10 Jun (Wed) | 01:00PM - 03:00PM,0,,6,6,6 / 21,,6 |  | 21,0.00%,S3,Sec,SChem(Pure),SChem,SChem,Potong Pasir,Nick,FALSE
Sec JunCC<>S3 2026<>Sec - EM<>Alicia<>Wednesday<>Potong Pasir<>PP-1 (L1)<>18<>10 Jun<>10:00 am<>,Sec JunCC,S3 2026,Sec - EM,Alicia,Wednesday,Potong Pasir,PP-1 (L1),18,10 Jun (Wed),10:00:00 AM,S3 E Math,Properties of Circles,6/10/2026,10:00AM - 12:00PM,bit.ly/zenithPP,25 Tai Thong Crescent (Beside 7-11) S347856,25 Tai Thong Crescent (Beside 7-11) S347856  (Video Guide: bit.ly/zenithPP),S3 E Math,Open - Running,[S3 E Math] Potong Pasir | 10 Jun (Wed) | 10:00AM - 12:00PM,S3 E Math - Potong Pasir - 10 Jun Wed 10:00AM,[S3 E Math] Potong Pasir | 10 Jun (Wed) | 10:00AM - 12:00PM,0,,0,0,0 / 18,,0 |  | 18,0.00%,S3,Sec,SMath(EM),SMath(EM),SMath,Potong Pasir,Alicia,FALSE
Sec JunCC<>S4 2026<>Sec - EM<>Alicia<>Wednesday<>Potong Pasir<>PP-1 (L1)<>18<>10 Jun<>1:00 pm<>,Sec JunCC,S4 2026,Sec - EM,Alicia,Wednesday,Potong Pasir,PP-1 (L1),18,10 Jun (Wed),1:00:00 PM,S4/5 E Math,Vectors,6/10/2026,01:00PM - 03:00PM,bit.ly/zenithPP,25 Tai Thong Crescent (Beside 7-11) S347856,25 Tai Thong Crescent (Beside 7-11) S347856  (Video Guide: bit.ly/zenithPP),S4/5 E Math,Open - Running,[S4/5 E Math] Potong Pasir | 10 Jun (Wed) | 01:00PM - 03:00PM,S4/5 E Math - Potong Pasir - 10 Jun Wed 01:00PM,[S4/5 E Math] Potong Pasir | 10 Jun (Wed) | 01:00PM - 03:00PM,0,,17,17,17 / 18,,17 |  | 18,0.00%,S4,Sec,SMath(EM),SMath(EM),SMath,Potong Pasir,Alicia,FALSE
Sec JunCC<>S4 2026<>SS - P Hist<>Evan<>Saturday<>Potong Pasir<>PP-5<>12<>13 Jun<>9:00 am<>,Sec JunCC,S4 2026,SS - P Hist,Evan,Saturday,Potong Pasir,PP-5,12,13 Jun (Sat),9:00:00 AM,S4 Pure History,The Rise of Militarist Japan,6/13/2026,09:00AM - 11:00AM,bit.ly/zenithPP,25 Tai Thong Crescent (Beside 7-11) S347856,25 Tai Thong Crescent (Beside 7-11) S347856  (Video Guide: bit.ly/zenithPP),S4 History,Open - Running,[S4 Pure History] Potong Pasir | 13 Jun (Sat) | 09:00AM - 11:00AM,S4 Pure History - Potong Pasir - 13 Jun Sat 09:00AM,[S4 Pure History] Potong Pasir | 13 Jun (Sat) | 09:00AM - 11:00AM,0,,1,1,1 / 12,,1 |  | 12,0.00%,S4,Sec,SHis(Pure),SHis,SHis,Potong Pasir,Evan,FALSE
Sec JunCC<>S4 2026<>SS - C Hist<>Evan<>Saturday<>Potong Pasir<>PP-5<>12<>13 Jun<>11:00 am<>,Sec JunCC,S4 2026,SS - C Hist,Evan,Saturday,Potong Pasir,PP-5,12,13 Jun (Sat),11:00:00 AM,S4 Combined History,The Rise of Militarist Japan,6/13/2026,11:15AM - 01:15PM,bit.ly/zenithPP,25 Tai Thong Crescent (Beside 7-11) S347856,25 Tai Thong Crescent (Beside 7-11) S347856  (Video Guide: bit.ly/zenithPP),S4 History,Open - Running,[S4 Combined History] Potong Pasir | 13 Jun (Sat) | 11:15AM - 01:15PM,S4 Combined History - Potong Pasir - 13 Jun Sat 11:15AM,[S4 Combined History] Potong Pasir | 13 Jun (Sat) | 11:15AM - 01:15PM,0,,8,8,8 / 12,,8 |  | 12,0.00%,S4,Sec,SHis(Comb),SHis,SHis,Potong Pasir,Evan,FALSE
Sec JunCC<>S3 2026<>SS - P Hist<>Evan<>Saturday<>Potong Pasir<>PP-5<>12<>13 Jun<>2:00 pm<>,Sec JunCC,S3 2026,SS - P Hist,Evan,Saturday,Potong Pasir,PP-5,12,13 Jun (Sat),2:00:00 PM,S3 Pure History,The Rise of Dictatorship: Germany,6/13/2026,02:00PM - 04:00PM,bit.ly/zenithPP,25 Tai Thong Crescent (Beside 7-11) S347856,25 Tai Thong Crescent (Beside 7-11) S347856  (Video Guide: bit.ly/zenithPP),S3 History,Open - Running,[S3 Pure History] Potong Pasir | 13 Jun (Sat) | 02:00PM - 04:00PM,S3 Pure History - Potong Pasir - 13 Jun Sat 02:00PM,[S3 Pure History] Potong Pasir | 13 Jun (Sat) | 02:00PM - 04:00PM,0,,0,0,0 / 12,,0 |  | 12,0.00%,S3,Sec,SHis(Pure),SHis,SHis,Potong Pasir,Evan,FALSE
Sec JunCC<>S4 2026<>SS - C Hist<>Evan<>Wednesday<>Potong Pasir<>PP-7<>16<>10 Jun<>5:00 pm<>,Sec JunCC,S4 2026,SS - C Hist,Evan,Wednesday,Potong Pasir,PP-7,16,10 Jun (Wed),5:00:00 PM,S4 Combined History,The Rise of Militarist Japan,6/10/2026,05:00PM - 07:00PM,bit.ly/zenithPP,25 Tai Thong Crescent (Beside 7-11) S347856,25 Tai Thong Crescent (Beside 7-11) S347856  (Video Guide: bit.ly/zenithPP),S4 History,Open - Running,[S4 Combined History] Potong Pasir | 10 Jun (Wed) | 05:00PM - 07:00PM,S4 Combined History - Potong Pasir - 10 Jun Wed 05:00PM,[S4 Combined History] Potong Pasir | 10 Jun (Wed) | 05:00PM - 07:00PM,0,,8,8,8 / 16,,8 |  | 16,0.00%,S4,Sec,SHis(Comb),SHis,SHis,Potong Pasir,Evan,FALSE
Sec JunCC<>S3 2026<>SS - P Hist<>Evan<>Wednesday<>Potong Pasir<>PP-7<>16<>10 Jun<>7:00 pm<>,Sec JunCC,S3 2026,SS - P Hist,Evan,Wednesday,Potong Pasir,PP-7,16,10 Jun (Wed),7:00:00 PM,S3 Pure History,The Rise of Dictatorship: Germany,6/10/2026,07:15PM - 09:15PM,bit.ly/zenithPP,25 Tai Thong Crescent (Beside 7-11) S347856,25 Tai Thong Crescent (Beside 7-11) S347856  (Video Guide: bit.ly/zenithPP),S3 History,Open - Running,[S3 Pure History] Potong Pasir | 10 Jun (Wed) | 07:15PM - 09:15PM,S3 Pure History - Potong Pasir - 10 Jun Wed 07:15PM,[S3 Pure History] Potong Pasir | 10 Jun (Wed) | 07:15PM - 09:15PM,0,,0,0,0 / 16,,0 |  | 16,0.00%,S3,Sec,SHis(Pure),SHis,SHis,Potong Pasir,Evan,FALSE
Sec JunCC<>S4 2026<>Sec - EM<>Chen Fang<>Thursday<>Potong Pasir<>PP-4 (L2)<>52<>11 Jun<>10:00 am<>,Sec JunCC,S4 2026,Sec - EM,Chen Fang,Thursday,Potong Pasir,PP-4 (L2),52,11 Jun (Thu),10:00:00 AM,S4/5 E Math,Vectors,6/11/2026,10:00AM - 12:00PM,bit.ly/zenithPP,25 Tai Thong Crescent (Beside 7-11) S347856,25 Tai Thong Crescent (Beside 7-11) S347856  (Video Guide: bit.ly/zenithPP),S4/5 E Math,Open - Running,[S4/5 E Math] Potong Pasir | 11 Jun (Thu) | 10:00AM - 12:00PM,S4/5 E Math - Potong Pasir - 11 Jun Thu 10:00AM,[S4/5 E Math] Potong Pasir | 11 Jun (Thu) | 10:00AM - 12:00PM,0,,23,23,23 / 52,,23 |  | 52,0.00%,S4,Sec,SMath(EM),SMath(EM),SMath,Potong Pasir,Chen Fang,FALSE
Sec JunCC<>S3 2026<>Sec - EM<>Chen Fang<>Thursday<>Potong Pasir<>PP-7<>16<>11 Jun<>1:00 pm<>,Sec JunCC,S3 2026,Sec - EM,Chen Fang,Thursday,Potong Pasir,PP-7,16,11 Jun (Thu),1:00:00 PM,S3 E Math,Properties of Circles,6/11/2026,01:00PM - 03:00PM,bit.ly/zenithPP,25 Tai Thong Crescent (Beside 7-11) S347856,25 Tai Thong Crescent (Beside 7-11) S347856  (Video Guide: bit.ly/zenithPP),S3 E Math,Open - Running,[S3 E Math] Potong Pasir | 11 Jun (Thu) | 01:00PM - 03:00PM,S3 E Math - Potong Pasir - 11 Jun Thu 01:00PM,[S3 E Math] Potong Pasir | 11 Jun (Thu) | 01:00PM - 03:00PM,0,,1,1,1 / 16,,1 |  | 16,0.00%,S3,Sec,SMath(EM),SMath(EM),SMath,Potong Pasir,Chen Fang,FALSE
Sec JunCC<>S4 2026<>Sec - P Chem<>Nick<>Monday<>Paya Lebar<>KINEX-1<>24<>8 Jun<>10:00 am<>,Sec JunCC,S4 2026,Sec - P Chem,Nick,Monday,Paya Lebar,KINEX-1,24,08 Jun (Mon),10:00:00 AM,S4/5 Pure Chemistry,Electrochemistry,6/8/2026,10:00AM - 12:00PM,bit.ly/zenithKINEX,11 Tanjong Katong Rd #02-09 (KINEX Mall) S437157,11 Tanjong Katong Rd #02-09 (KINEX Mall) S437157  (Video Guide: bit.ly/zenithKINEX),S4/5 Chemistry,Open - Running,[S4/5 Pure Chemistry] Paya Lebar | 08 Jun (Mon) | 10:00AM - 12:00PM,S4/5 Pure Chemistry - Paya Lebar - 08 Jun Mon 10:00AM,[S4/5 Pure Chemistry] Paya Lebar | 08 Jun (Mon) | 10:00AM - 12:00PM,0,,19,19,19 / 24,,19 |  | 24,0.00%,S4,Sec,SChem(Pure),SChem,SChem,Kinex,Nick,FALSE
Sec JunCC<>S3 2026<>Sec - P Chem<>Nick<>Monday<>Paya Lebar<>KINEX-1<>24<>8 Jun<>1:00 pm<>,Sec JunCC,S3 2026,Sec - P Chem,Nick,Monday,Paya Lebar,KINEX-1,24,08 Jun (Mon),1:00:00 PM,S3 Pure Chemistry,Mole Concept & Stoichiometry,6/8/2026,01:00PM - 03:00PM,bit.ly/zenithKINEX,11 Tanjong Katong Rd #02-09 (KINEX Mall) S437157,11 Tanjong Katong Rd #02-09 (KINEX Mall) S437157  (Video Guide: bit.ly/zenithKINEX),S3 Chemistry,Open - Running,[S3 Pure Chemistry] Paya Lebar | 08 Jun (Mon) | 01:00PM - 03:00PM,S3 Pure Chemistry - Paya Lebar - 08 Jun Mon 01:00PM,[S3 Pure Chemistry] Paya Lebar | 08 Jun (Mon) | 01:00PM - 03:00PM,0,,7,7,7 / 24,,7 |  | 24,0.00%,S3,Sec,SChem(Pure),SChem,SChem,Kinex,Nick,FALSE
Sec JunCC<>S4 2026<>Sec - P Phy<>Nick<>Tuesday<>Paya Lebar<>KINEX-2<>30<>9 Jun<>10:00 am<>,Sec JunCC,S4 2026,Sec - P Phy,Nick,Tuesday,Paya Lebar,KINEX-2,30,09 Jun (Tue),10:00:00 AM,S4/5 Pure Physics,Electromagnetism,6/9/2026,10:00AM - 12:00PM,bit.ly/zenithKINEX,11 Tanjong Katong Rd #02-09 (KINEX Mall) S437157,11 Tanjong Katong Rd #02-09 (KINEX Mall) S437157  (Video Guide: bit.ly/zenithKINEX),S4/5 Physics,Open - Running,[S4/5 Pure Physics] Paya Lebar | 09 Jun (Tue) | 10:00AM - 12:00PM,S4/5 Pure Physics - Paya Lebar - 09 Jun Tue 10:00AM,[S4/5 Pure Physics] Paya Lebar | 09 Jun (Tue) | 10:00AM - 12:00PM,0,,26,26,26 / 30,,26 |  | 30,0.00%,S4,Sec,SPhy(Pure),SPhy,SPhy,Kinex,Nick,TRUE
Sec JunCC<>S3 2026<>Sec - P Phy<>Nick<>Tuesday<>Paya Lebar<>KINEX-1<>24<>9 Jun<>1:00 pm<>,Sec JunCC,S3 2026,Sec - P Phy,Nick,Tuesday,Paya Lebar,KINEX-1,24,09 Jun (Tue),1:00:00 PM,S3 Pure Physics,Energy,6/9/2026,01:00PM - 03:00PM,bit.ly/zenithKINEX,11 Tanjong Katong Rd #02-09 (KINEX Mall) S437157,11 Tanjong Katong Rd #02-09 (KINEX Mall) S437157  (Video Guide: bit.ly/zenithKINEX),S3 Physics,Open - Running,[S3 Pure Physics] Paya Lebar | 09 Jun (Tue) | 01:00PM - 03:00PM,S3 Pure Physics - Paya Lebar - 09 Jun Tue 01:00PM,[S3 Pure Physics] Paya Lebar | 09 Jun (Tue) | 01:00PM - 03:00PM,0,,8,8,8 / 24,,8 |  | 24,0.00%,S3,Sec,SPhy(Pure),SPhy,SPhy,Kinex,Nick,FALSE
Sec JunCC<>S4 2026<>Sec - AM<>Kai Wen<>Friday<>Paya Lebar<>KINEX-2<>30<>12 Jun<>10:00 am<>,Sec JunCC,S4 2026,Sec - AM,Kai Wen,Friday,Paya Lebar,KINEX-2,30,12 Jun (Fri),10:00:00 AM,S4/5 A Math,Kinematics,6/12/2026,10:00AM - 12:00PM,bit.ly/zenithKINEX,11 Tanjong Katong Rd #02-09 (KINEX Mall) S437157,11 Tanjong Katong Rd #02-09 (KINEX Mall) S437157  (Video Guide: bit.ly/zenithKINEX),S4/5 A Math,Open - Running,[S4/5 A Math] Paya Lebar | 12 Jun (Fri) | 10:00AM - 12:00PM,S4/5 A Math - Paya Lebar - 12 Jun Fri 10:00AM,[S4/5 A Math] Paya Lebar | 12 Jun (Fri) | 10:00AM - 12:00PM,0,,7,7,7 / 30,,7 |  | 30,0.00%,S4,Sec,SMath(AM),SMath(AM),SMath,Kinex,Kai Wen,FALSE
Sec JunCC<>S4 2026<>Sec - AM<>Kai Wen<>Tuesday<>Paya Lebar<>KINEX-3<>18<>9 Jun<>10:00 am<>,Sec JunCC,S4 2026,Sec - AM,Kai Wen,Tuesday,Paya Lebar,KINEX-3,18,09 Jun (Tue),10:00:00 AM,S4/5 A Math,Kinematics,6/9/2026,10:00AM - 12:00PM,bit.ly/zenithKINEX,11 Tanjong Katong Rd #02-09 (KINEX Mall) S437157,11 Tanjong Katong Rd #02-09 (KINEX Mall) S437157  (Video Guide: bit.ly/zenithKINEX),S4/5 A Math,Open - Running,[S4/5 A Math] Paya Lebar | 09 Jun (Tue) | 10:00AM - 12:00PM,S4/5 A Math - Paya Lebar - 09 Jun Tue 10:00AM,[S4/5 A Math] Paya Lebar | 09 Jun (Tue) | 10:00AM - 12:00PM,0,,9,9,9 / 18,,9 |  | 18,0.00%,S4,Sec,SMath(AM),SMath(AM),SMath,Kinex,Kai Wen,FALSE
Sec JunCC<>S4 2026<>Sec - AM<>Keith<>Wednesday<>Paya Lebar<>KINEX-3<>18<>10 Jun<>3:00 pm<>,Sec JunCC,S4 2026,Sec - AM,Keith,Wednesday,Paya Lebar,KINEX-3,18,10 Jun (Wed),3:00:00 PM,S4/5 A Math,Kinematics,6/10/2026,03:00PM - 05:00PM,bit.ly/zenithKINEX,11 Tanjong Katong Rd #02-09 (KINEX Mall) S437157,11 Tanjong Katong Rd #02-09 (KINEX Mall) S437157  (Video Guide: bit.ly/zenithKINEX),S4/5 A Math,Open - Running,[S4/5 A Math] Paya Lebar | 10 Jun (Wed) | 03:00PM - 05:00PM,S4/5 A Math - Paya Lebar - 10 Jun Wed 03:00PM,[S4/5 A Math] Paya Lebar | 10 Jun (Wed) | 03:00PM - 05:00PM,0,,5,5,5 / 18,,5 |  | 18,0.00%,S4,Sec,SMath(AM),SMath(AM),SMath,Kinex,Keith,FALSE
Sec JunCC<>S4 2026<>Sec - P Chem<>Nick<>Thursday<>Tampines<>TP-1 (main)<>28<>11 Jun<>1:00 pm<>,Sec JunCC,S4 2026,Sec - P Chem,Nick,Thursday,Tampines,TP-1 (main),28,11 Jun (Thu),1:00:00 PM,S4/5 Pure Chemistry,Electrochemistry,6/11/2026,01:00PM - 03:00PM,bit.ly/zenithTP,1 Tampines Central #08-10 (CPF Building) SS529508,1 Tampines Central #08-10 (CPF Building) SS529508  (Video Guide: bit.ly/zenithTP),S4/5 Chemistry,Open - Running,[S4/5 Pure Chemistry] Tampines | 11 Jun (Thu) | 01:00PM - 03:00PM,S4/5 Pure Chemistry - Tampines - 11 Jun Thu 01:00PM,[S4/5 Pure Chemistry] Tampines | 11 Jun (Thu) | 01:00PM - 03:00PM,0,,22,22,22 / 28,,22 |  | 28,0.00%,S4,Sec,SChem(Pure),SChem,SChem,Tampines,Nick,FALSE
Sec JunCC<>S3 2026<>SS - P Hist<>Evan<>Friday<>Tampines<>TP-1 (main)<>28<>12 Jun<>5:00 pm<>,Sec JunCC,S3 2026,SS - P Hist,Evan,Friday,Tampines,TP-1 (main),28,12 Jun (Fri),5:00:00 PM,S3 Pure History,The Rise of Dictatorship: Germany,6/12/2026,05:00PM - 07:00PM,bit.ly/zenithTP,1 Tampines Central #08-10 (CPF Building) SS529508,1 Tampines Central #08-10 (CPF Building) SS529508  (Video Guide: bit.ly/zenithTP),S3 History,Open - Running,[S3 Pure History] Tampines | 12 Jun (Fri) | 05:00PM - 07:00PM,S3 Pure History - Tampines - 12 Jun Fri 05:00PM,[S3 Pure History] Tampines | 12 Jun (Fri) | 05:00PM - 07:00PM,0,,3,3,3 / 28,,3 |  | 28,0.00%,S3,Sec,SHis(Pure),SHis,SHis,Tampines,Evan,FALSE
Sec JunCC<>S4 2026<>SS - C Hist<>Evan<>Friday<>Tampines<>TP-1 (main)<>28<>12 Jun<>7:00 pm<>,Sec JunCC,S4 2026,SS - C Hist,Evan,Friday,Tampines,TP-1 (main),28,12 Jun (Fri),7:00:00 PM,S4 Combined History,The Rise of Militarist Japan,6/12/2026,07:15PM - 09:15PM,bit.ly/zenithTP,1 Tampines Central #08-10 (CPF Building) SS529508,1 Tampines Central #08-10 (CPF Building) SS529508  (Video Guide: bit.ly/zenithTP),S4 History,Open - Running,[S4 Combined History] Tampines | 12 Jun (Fri) | 07:15PM - 09:15PM,S4 Combined History - Tampines - 12 Jun Fri 07:15PM,[S4 Combined History] Tampines | 12 Jun (Fri) | 07:15PM - 09:15PM,0,,8,8,8 / 28,,8 |  | 28,0.00%,S4,Sec,SHis(Comb),SHis,SHis,Tampines,Evan,FALSE
Sec JunCC<>S4 2026<>Sec - AM<>Andrik<>Thursday<>Tampines<>TP-2 (main)<>22<>11 Jun<>1:00 pm<>,Sec JunCC,S4 2026,Sec - AM,Andrik,Thursday,Tampines,TP-2 (main),22,11 Jun (Thu),1:00:00 PM,S4/5 A Math,Kinematics,6/11/2026,01:00PM - 03:00PM,bit.ly/zenithTP,1 Tampines Central #08-10 (CPF Building) SS529508,1 Tampines Central #08-10 (CPF Building) SS529508  (Video Guide: bit.ly/zenithTP),S4/5 A Math,Open - Running,[S4/5 A Math] Tampines | 11 Jun (Thu) | 01:00PM - 03:00PM,S4/5 A Math - Tampines - 11 Jun Thu 01:00PM,[S4/5 A Math] Tampines | 11 Jun (Thu) | 01:00PM - 03:00PM,0,,19,19,19 / 22,,19 |  | 22,0.00%,S4,Sec,SMath(AM),SMath(AM),SMath,Tampines,Andrik,FALSE
Sec JunCC<>S4 2026<>Sec - C Phy<>Jael<>Monday<>Tampines<>TP-3 (main)<>20<>8 Jun<>1:00 pm<>,Sec JunCC,S4 2026,Sec - C Phy,Jael,Monday,Tampines,TP-3 (main),20,08 Jun (Mon),1:00:00 PM,S4/5 Combined Physics,Electromagnetism,6/8/2026,01:00PM - 03:00PM,bit.ly/zenithTP,1 Tampines Central #08-10 (CPF Building) SS529508,1 Tampines Central #08-10 (CPF Building) SS529508  (Video Guide: bit.ly/zenithTP),S4/5 Physics,Open - Running,[S4/5 Combined Physics] Tampines | 08 Jun (Mon) | 01:00PM - 03:00PM,S4/5 Combined Physics - Tampines - 08 Jun Mon 01:00PM,[S4/5 Combined Physics] Tampines | 08 Jun (Mon) | 01:00PM - 03:00PM,0,,9,9,9 / 20,,9 |  | 20,0.00%,S4,Sec,SPhy(Comb),SPhy,SPhy,Tampines,Jael,FALSE
Sec JunCC<>S4 2026<>Sec - Eng<>Natalie<>Tuesday<>Tampines<>TP-5 (LT) (ext)<>50<>9 Jun<>10:00 am<>,Sec JunCC,S4 2026,Sec - Eng,Natalie,Tuesday,Tampines,TP-5 (LT) (ext),50,09 Jun (Tue),10:00:00 AM,S4/5 English,Narrative Comprehension,6/9/2026,10:00AM - 12:00PM,bit.ly/zenithTP,1 Tampines Central #08-10 (CPF Building) SS529508,1 Tampines Central #08-10 (CPF Building) SS529508  (Video Guide: bit.ly/zenithTP),S4/5 English,Closed - Running,,S4/5 English - Tampines - 09 Jun Tue 10:00AM,[S4/5 English] Tampines | 09 Jun (Tue) | 10:00AM - 12:00PM,0,,54,54,54 / 50,,54 |  | 50,0.00%,S4,Sec,SEng,SEng,SEng,Tampines,Natalie,TRUE
Sec JunCC<>S4 2026<>Sec - AM<>Andrik<>Wednesday<>Tampines<>TP-6 (ext)<>25<>10 Jun<>3:00 pm<>,Sec JunCC,S4 2026,Sec - AM,Andrik,Wednesday,Tampines,TP-6 (ext),25,10 Jun (Wed),3:00:00 PM,S4/5 A Math,Kinematics,6/10/2026,03:00PM - 05:00PM,bit.ly/zenithTP,1 Tampines Central #08-10 (CPF Building) SS529508,1 Tampines Central #08-10 (CPF Building) SS529508  (Video Guide: bit.ly/zenithTP),S4/5 A Math,Open - Running,[S4/5 A Math] Tampines | 10 Jun (Wed) | 03:00PM - 05:00PM,S4/5 A Math - Tampines - 10 Jun Wed 03:00PM,[S4/5 A Math] Tampines | 10 Jun (Wed) | 03:00PM - 05:00PM,0,,21,21,21 / 25,,21 |  | 25,0.00%,S4,Sec,SMath(AM),SMath(AM),SMath,Tampines,Andrik,FALSE
Sec JunCC<>S3 2026<>Sec - P Chem<>Jia Yi<>Tuesday<>Bishan<>BS-1<>24<>9 Jun<>10:00 am<>,Sec JunCC,S3 2026,Sec - P Chem,Jia Yi,Tuesday,Bishan,BS-1,24,09 Jun (Tue),10:00:00 AM,S3 Pure Chemistry,Mole Concept & Stoichiometry,6/9/2026,10:00AM - 12:00PM,bit.ly/zenithBISHAN,51 Bishan Street 13 #03-01 (Bishan CC) S579799,51 Bishan Street 13 #03-01 (Bishan CC) S579799  (Video Guide: bit.ly/zenithBISHAN),S3 Chemistry,Open - Running,[S3 Pure Chemistry] Bishan | 09 Jun (Tue) | 10:00AM - 12:00PM,S3 Pure Chemistry - Bishan - 09 Jun Tue 10:00AM,[S3 Pure Chemistry] Bishan | 09 Jun (Tue) | 10:00AM - 12:00PM,0,,8,8,8 / 24,,8 |  | 24,0.00%,S3,Sec,SChem(Pure),SChem,SChem,Bishan CC,Jia Yi,FALSE
Sec JunCC<>S4 2026<>Sec - P Chem<>Jia Yi<>Tuesday<>Bishan<>BS-2<>31<>9 Jun<>1:00 pm<>,Sec JunCC,S4 2026,Sec - P Chem,Jia Yi,Tuesday,Bishan,BS-2,31,09 Jun (Tue),1:00:00 PM,S4/5 Pure Chemistry,Electrochemistry,6/9/2026,01:00PM - 03:00PM,bit.ly/zenithBISHAN,51 Bishan Street 13 #03-01 (Bishan CC) S579799,51 Bishan Street 13 #03-01 (Bishan CC) S579799  (Video Guide: bit.ly/zenithBISHAN),S4/5 Chemistry,Closed - Running,,S4/5 Pure Chemistry - Bishan - 09 Jun Tue 01:00PM,[S4/5 Pure Chemistry] Bishan | 09 Jun (Tue) | 01:00PM - 03:00PM,0,,34,34,34 / 31,,34 |  | 31,0.00%,S4,Sec,SChem(Pure),SChem,SChem,Bishan CC,Jia Yi,TRUE
Sec JunCC<>S4 2026<>Sec - C Chem<>Daryl<>Friday<>Bishan<>BS-1<>24<>12 Jun<>1:00 pm<>,Sec JunCC,S4 2026,Sec - C Chem,Daryl,Friday,Bishan,BS-1,24,12 Jun (Fri),1:00:00 PM,S4/5 Combined Chemistry,Mole Concept & Stoichiometry,6/12/2026,01:00PM - 03:00PM,bit.ly/zenithBISHAN,51 Bishan Street 13 #03-01 (Bishan CC) S579799,51 Bishan Street 13 #03-01 (Bishan CC) S579799  (Video Guide: bit.ly/zenithBISHAN),S4/5 Chemistry,Open - Running,[S4/5 Combined Chemistry] Bishan | 12 Jun (Fri) | 01:00PM - 03:00PM,S4/5 Combined Chemistry - Bishan - 12 Jun Fri 01:00PM,[S4/5 Combined Chemistry] Bishan | 12 Jun (Fri) | 01:00PM - 03:00PM,0,,23,23,23 / 24,,23 |  | 24,0.00%,S4,Sec,SChem(Comb),SChem,SChem,Bishan CC,Daryl,FALSE
Sec JunCC<>S3 2026<>Sec - IP Eng<>Antonia<>Friday<>Bishan<>BS-1<>24<>12 Jun<>3:00 pm<>,Sec JunCC,S3 2026,Sec - IP Eng,Antonia,Friday,Bishan,BS-1,24,12 Jun (Fri),3:00:00 PM,S3 IP English,Expository Comprehension,6/12/2026,03:00PM - 05:00PM,bit.ly/zenithBISHAN,51 Bishan Street 13 #03-01 (Bishan CC) S579799,51 Bishan Street 13 #03-01 (Bishan CC) S579799  (Video Guide: bit.ly/zenithBISHAN),S3 English (IP),Open - Running,[S3 IP English] Bishan | 12 Jun (Fri) | 03:00PM - 05:00PM,S3 IP English - Bishan - 12 Jun Fri 03:00PM,[S3 IP English] Bishan | 12 Jun (Fri) | 03:00PM - 05:00PM,0,,2,2,2 / 24,,2 |  | 24,0.00%,S3,Sec,SEng(IP),SEng(IP),SEng,Bishan CC,Antonia,FALSE
Sec JunCC<>S3 2026<>SS - C Hist<>Evan<>Monday<>Bishan<>BS-2<>31<>8 Jun<>5:00 pm<>,Sec JunCC,S3 2026,SS - C Hist,Evan,Monday,Bishan,BS-2,31,08 Jun (Mon),5:00:00 PM,S3 Combined History,The Rise of Dictatorship: Germany,6/8/2026,05:00PM - 07:00PM,bit.ly/zenithBISHAN,51 Bishan Street 13 #03-01 (Bishan CC) S579799,51 Bishan Street 13 #03-01 (Bishan CC) S579799  (Video Guide: bit.ly/zenithBISHAN),S3 History,Open - Running,[S3 Combined History] Bishan | 08 Jun (Mon) | 05:00PM - 07:00PM,S3 Combined History - Bishan - 08 Jun Mon 05:00PM,[S3 Combined History] Bishan | 08 Jun (Mon) | 05:00PM - 07:00PM,0,,0,0,0 / 31,,0 |  | 31,0.00%,S3,Sec,SHis(Comb),SHis,SHis,Bishan CC,Evan,FALSE
Sec JunCC<>S4 2026<>SS - C Hist<>Evan<>Monday<>Bishan<>BS-2<>31<>8 Jun<>7:00 pm<>,Sec JunCC,S4 2026,SS - C Hist,Evan,Monday,Bishan,BS-2,31,08 Jun (Mon),7:00:00 PM,S4 Combined History,The Rise of Militarist Japan,6/8/2026,07:15PM - 09:15PM,bit.ly/zenithBISHAN,51 Bishan Street 13 #03-01 (Bishan CC) S579799,51 Bishan Street 13 #03-01 (Bishan CC) S579799  (Video Guide: bit.ly/zenithBISHAN),S4 History,Open - Running,[S4 Combined History] Bishan | 08 Jun (Mon) | 07:15PM - 09:15PM,S4 Combined History - Bishan - 08 Jun Mon 07:15PM,[S4 Combined History] Bishan | 08 Jun (Mon) | 07:15PM - 09:15PM,0,,15,15,15 / 31,,15 |  | 31,0.00%,S4,Sec,SHis(Comb),SHis,SHis,Bishan CC,Evan,FALSE
Sec JunCC<>S3 2026<>Sec - IP Chem<>Crystal<>Wednesday<>Bishan<>BS-2<>31<>10 Jun<>12:00 pm<>,Sec JunCC,S3 2026,Sec - IP Chem,Crystal,Wednesday,Bishan,BS-2,31,10 Jun (Wed),12:00:00 PM,S3 IP Chemistry,Mole Concept & Stoichiometry,6/10/2026,12:00PM - 02:00PM,bit.ly/zenithBISHAN,51 Bishan Street 13 #03-01 (Bishan CC) S579799,51 Bishan Street 13 #03-01 (Bishan CC) S579799  (Video Guide: bit.ly/zenithBISHAN),S3 Chemistry (IP),Open - Running,[S3 IP Chemistry] Bishan | 10 Jun (Wed) | 12:00PM - 02:00PM,S3 IP Chemistry - Bishan - 10 Jun Wed 12:00PM,[S3 IP Chemistry] Bishan | 10 Jun (Wed) | 12:00PM - 02:00PM,0,,8,8,8 / 31,,8 |  | 31,0.00%,S3,Sec,SChem(IP),SChem(IP),SChem,Bishan CC,Crystal,FALSE
Sec JunCC<>S3 2026<>Sec - IP Eng<>Antonia<>Saturday<>Bishan<>BS-3<>15<>13 Jun<>2:00 pm<>,Sec JunCC,S3 2026,Sec - IP Eng,Antonia,Saturday,Bishan,BS-3,15,13 Jun (Sat),2:00:00 PM,S3 IP English,Expository Comprehension,6/13/2026,02:00PM - 04:00PM,bit.ly/zenithBISHAN,51 Bishan Street 13 #03-01 (Bishan CC) S579799,51 Bishan Street 13 #03-01 (Bishan CC) S579799  (Video Guide: bit.ly/zenithBISHAN),S3 English (IP),Open - Running,[S3 IP English] Bishan | 13 Jun (Sat) | 02:00PM - 04:00PM,S3 IP English - Bishan - 13 Jun Sat 02:00PM,[S3 IP English] Bishan | 13 Jun (Sat) | 02:00PM - 04:00PM,0,,0,0,0 / 15,,0 |  | 15,0.00%,S3,Sec,SEng(IP),SEng(IP),SEng,Bishan CC,Antonia,FALSE
Sec JunCC<>S3 2026<>Sec - P Phy<>Jael<>Tuesday<>Bishan<>BS-4<>15<>9 Jun<>1:00 pm<>,Sec JunCC,S3 2026,Sec - P Phy,Jael,Tuesday,Bishan,BS-4,15,09 Jun (Tue),1:00:00 PM,S3 Pure Physics,Energy,6/9/2026,01:00PM - 03:00PM,bit.ly/zenithBISHAN,51 Bishan Street 13 #03-01 (Bishan CC) S579799,51 Bishan Street 13 #03-01 (Bishan CC) S579799  (Video Guide: bit.ly/zenithBISHAN),S3 Physics,Open - Running,[S3 Pure Physics] Bishan | 09 Jun (Tue) | 01:00PM - 03:00PM,S3 Pure Physics - Bishan - 09 Jun Tue 01:00PM,[S3 Pure Physics] Bishan | 09 Jun (Tue) | 01:00PM - 03:00PM,0,,2,2,2 / 15,,2 |  | 15,0.00%,S3,Sec,SPhy(Pure),SPhy,SPhy,Bishan CC,Jael,FALSE
Sec JunCC<>S3 2026<>Sec - C Phy<>Jael<>Thursday<>Bishan<>BS-4<>15<>11 Jun<>1:00 pm<>,Sec JunCC,S3 2026,Sec - C Phy,Jael,Thursday,Bishan,BS-4,15,11 Jun (Thu),1:00:00 PM,S3 Combined Physics,Energy,6/11/2026,01:00PM - 03:00PM,bit.ly/zenithBISHAN,51 Bishan Street 13 #03-01 (Bishan CC) S579799,51 Bishan Street 13 #03-01 (Bishan CC) S579799  (Video Guide: bit.ly/zenithBISHAN),S3 Physics,Open - Running,[S3 Combined Physics] Bishan | 11 Jun (Thu) | 01:00PM - 03:00PM,S3 Combined Physics - Bishan - 11 Jun Thu 01:00PM,[S3 Combined Physics] Bishan | 11 Jun (Thu) | 01:00PM - 03:00PM,0,,5,5,5 / 15,,5 |  | 15,0.00%,S3,Sec,SPhy(Comb),SPhy,SPhy,Bishan CC,Jael,FALSE
Sec JunCC<>S1 2026<>Sec - IP Eng<>Antonia<>Saturday<>Bishan<>BS-4<>15<>13 Jun<>9:00 am<>,Sec JunCC,S1 2026,Sec - IP Eng,Antonia,Saturday,Bishan,BS-4,15,13 Jun (Sat),9:00:00 AM,S1 IP English,Introduction to Literature,6/13/2026,09:00AM - 11:00AM,bit.ly/zenithBISHAN,51 Bishan Street 13 #03-01 (Bishan CC) S579799,51 Bishan Street 13 #03-01 (Bishan CC) S579799  (Video Guide: bit.ly/zenithBISHAN),S1 English (IP),Closed - Not running,,S1 IP English - Bishan - 13 Jun Sat 09:00AM,[S1 IP English] Bishan | 13 Jun (Sat) | 09:00AM - 11:00AM,0,,1,1,1 / 15,,1 |  | 15,0.00%,S1,Sec,LSEng(IP),LSEng(IP),SEng,Bishan CC,Antonia,FALSE
Sec JunCC<>S2 2026<>Sec - IP Eng<>Antonia<>Saturday<>Bishan<>BS-4<>15<>13 Jun<>11:00 am<>,Sec JunCC,S2 2026,Sec - IP Eng,Antonia,Saturday,Bishan,BS-4,15,13 Jun (Sat),11:00:00 AM,S2 IP English,Summary Writing,6/13/2026,11:15AM - 01:15PM,bit.ly/zenithBISHAN,51 Bishan Street 13 #03-01 (Bishan CC) S579799,51 Bishan Street 13 #03-01 (Bishan CC) S579799  (Video Guide: bit.ly/zenithBISHAN),S2 English (IP),Closed - Not running,,S2 IP English - Bishan - 13 Jun Sat 11:15AM,[S2 IP English] Bishan | 13 Jun (Sat) | 11:15AM - 01:15PM,0,,0,0,0 / 15,,0 |  | 15,0.00%,S2,Sec,LSEng(IP),LSEng(IP),SEng,Bishan CC,Antonia,FALSE
Sec JunCC<>S3 2026<>Sec - Eng<>Jo-Anne<>Wednesday<>Bishan<>BS-5<>15<>10 Jun<>1:00 pm<>,Sec JunCC,S3 2026,Sec - Eng,Jo-Anne,Wednesday,Bishan,BS-5,15,10 Jun (Wed),1:00:00 PM,S3 English,Narrative Comprehension,6/10/2026,01:00PM - 03:00PM,bit.ly/zenithBISHAN,51 Bishan Street 13 #03-01 (Bishan CC) S579799,51 Bishan Street 13 #03-01 (Bishan CC) S579799  (Video Guide: bit.ly/zenithBISHAN),S3 English,Open - Running,[S3 English] Bishan | 10 Jun (Wed) | 01:00PM - 03:00PM,S3 English - Bishan - 10 Jun Wed 01:00PM,[S3 English] Bishan | 10 Jun (Wed) | 01:00PM - 03:00PM,0,,3,3,3 / 15,,3 |  | 15,0.00%,S3,Sec,SEng,SEng,SEng,Bishan CC,Jo-Anne,FALSE
Sec JunCC<>S3 2026<>SS - C Hist<>Evan<>Monday<>Bishan<>BS-1<>24<>8 Jun<>10:00 am<>,Sec JunCC,S3 2026,SS - C Hist,Evan,Monday,Bishan,BS-1,24,08 Jun (Mon),10:00:00 AM,S3 Combined History,The Rise of Dictatorship: Germany,6/8/2026,10:00AM - 12:00PM,bit.ly/zenithBISHAN,51 Bishan Street 13 #03-01 (Bishan CC) S579799,51 Bishan Street 13 #03-01 (Bishan CC) S579799  (Video Guide: bit.ly/zenithBISHAN),S3 History,Open - Running,[S3 Combined History] Bishan | 08 Jun (Mon) | 10:00AM - 12:00PM,S3 Combined History - Bishan - 08 Jun Mon 10:00AM,[S3 Combined History] Bishan | 08 Jun (Mon) | 10:00AM - 12:00PM,0,,3,3,3 / 24,,3 |  | 24,0.00%,S3,Sec,SHis(Comb),SHis,SHis,Bishan CC,Evan,FALSE
Sec JunCC<>S4 2026<>SS - C Hist<>Evan<>Monday<>Bishan<>BS-1<>24<>8 Jun<>1:00 pm<>,Sec JunCC,S4 2026,SS - C Hist,Evan,Monday,Bishan,BS-1,24,08 Jun (Mon),1:00:00 PM,S4 Combined History,The Rise of Militarist Japan,6/8/2026,01:00PM - 03:00PM,bit.ly/zenithBISHAN,51 Bishan Street 13 #03-01 (Bishan CC) S579799,51 Bishan Street 13 #03-01 (Bishan CC) S579799  (Video Guide: bit.ly/zenithBISHAN),S4 History,Open - Running,[S4 Combined History] Bishan | 08 Jun (Mon) | 01:00PM - 03:00PM,S4 Combined History - Bishan - 08 Jun Mon 01:00PM,[S4 Combined History] Bishan | 08 Jun (Mon) | 01:00PM - 03:00PM,0,,24,24,24 / 24,,24 |  | 24,0.00%,S4,Sec,SHis(Comb),SHis,SHis,Bishan CC,Evan,FALSE
Sec JunCC<>S1 2026<>Sec - Eng<>John<>Friday<>Bishan<>BS-6<>18<>12 Jun<>1:00 pm<>,Sec JunCC,S1 2026,Sec - Eng,John,Friday,Bishan,BS-6,18,12 Jun (Fri),1:00:00 PM,S1 English,Narrative Comprehension,6/12/2026,01:00PM - 03:00PM,bit.ly/zenithBISHAN,51 Bishan Street 13 #03-01 (Bishan CC) S579799,51 Bishan Street 13 #03-01 (Bishan CC) S579799  (Video Guide: bit.ly/zenithBISHAN),S1 English,Open - Running,[S1 English] Bishan | 12 Jun (Fri) | 01:00PM - 03:00PM,S1 English - Bishan - 12 Jun Fri 01:00PM,[S1 English] Bishan | 12 Jun (Fri) | 01:00PM - 03:00PM,0,,8,8,8 / 18,,8 |  | 18,0.00%,S1,Sec,LSEng,LSEng,SEng,Bishan CC,John,FALSE
Sec JunCC<>S4 2026<>Sec - C Chem<>Shandace<>Friday<>Bishan<>BS-6<>18<>12 Jun<>7:00 pm<>,Sec JunCC,S4 2026,Sec - C Chem,Shandace,Friday,Bishan,BS-6,18,12 Jun (Fri),7:00:00 PM,S4/5 Combined Chemistry,Mole Concept & Stoichiometry,6/12/2026,07:15PM - 09:15PM,bit.ly/zenithBISHAN,51 Bishan Street 13 #03-01 (Bishan CC) S579799,51 Bishan Street 13 #03-01 (Bishan CC) S579799  (Video Guide: bit.ly/zenithBISHAN),S4/5 Chemistry,Open - Running,[S4/5 Combined Chemistry] Bishan | 12 Jun (Fri) | 07:15PM - 09:15PM,S4/5 Combined Chemistry - Bishan - 12 Jun Fri 07:15PM,[S4/5 Combined Chemistry] Bishan | 12 Jun (Fri) | 07:15PM - 09:15PM,0,,9,9,9 / 18,,9 |  | 18,0.00%,S4,Sec,SChem(Comb),SChem,SChem,Bishan CC,Shandace,FALSE
Sec JunCC<>S4 2026<>Sec - AM<>Jessie<>Wednesday<>Bishan<>BS-6<>18<>10 Jun<>3:00 pm<>,Sec JunCC,S4 2026,Sec - AM,Jessie,Wednesday,Bishan,BS-6,18,10 Jun (Wed),3:00:00 PM,S4/5 A Math,Kinematics,6/10/2026,03:00PM - 05:00PM,bit.ly/zenithBISHAN,51 Bishan Street 13 #03-01 (Bishan CC) S579799,51 Bishan Street 13 #03-01 (Bishan CC) S579799  (Video Guide: bit.ly/zenithBISHAN),S4/5 A Math,Open - Running,[S4/5 A Math] Bishan | 10 Jun (Wed) | 03:00PM - 05:00PM,S4/5 A Math - Bishan - 10 Jun Wed 03:00PM,[S4/5 A Math] Bishan | 10 Jun (Wed) | 03:00PM - 05:00PM,0,,15,15,15 / 18,,15 |  | 18,0.00%,S4,Sec,SMath(AM),SMath(AM),SMath,Bishan CC,Jessie,FALSE
Sec JunCC<>S3 2026<>Sec - EM<>Xav<>Saturday<>Bishan<>BS-7<>9<>13 Jun<>7:00 pm<>,Sec JunCC,S3 2026,Sec - EM,Xav,Saturday,Bishan,BS-7,9,13 Jun (Sat),7:00:00 PM,S3 E Math,Properties of Circles,6/13/2026,07:15PM - 09:15PM,bit.ly/zenithBISHAN,51 Bishan Street 13 #03-01 (Bishan CC) S579799,51 Bishan Street 13 #03-01 (Bishan CC) S579799  (Video Guide: bit.ly/zenithBISHAN),S3 E Math,Open - Running,[S3 E Math] Bishan | 13 Jun (Sat) | 07:15PM - 09:15PM,S3 E Math - Bishan - 13 Jun Sat 07:15PM,[S3 E Math] Bishan | 13 Jun (Sat) | 07:15PM - 09:15PM,0,,0,0,0 / 9,,0 |  | 9,0.00%,S3,Sec,SMath(EM),SMath(EM),SMath,Bishan CC,Xav,FALSE
Sec JunCC<>S2 2026<>Sec - LS Math<>Jacelyn<>Tuesday<>Bukit Panjang<>BP-2<>12<>9 Jun<>1:00 pm<>,Sec JunCC,S2 2026,Sec - LS Math,Jacelyn,Tuesday,Bukit Panjang,BP-2,12,09 Jun (Tue),1:00:00 PM,S2 Math,"Pythagoras' Theorem, Basic Trigonometry",6/9/2026,01:00PM - 03:00PM,bit.ly/zenithBP,1 Woodlands Road #01-10 (Junction10) S677899,1 Woodlands Road #01-10 (Junction10) S677899  (Video Guide: bit.ly/zenithBP),S2 Math,Open - Running,[S2 Math] Bukit Panjang | 09 Jun (Tue) | 01:00PM - 03:00PM,S2 Math - Bukit Panjang - 09 Jun Tue 01:00PM,[S2 Math] Bukit Panjang | 09 Jun (Tue) | 01:00PM - 03:00PM,0,,9,9,9 / 12,,9 |  | 12,0.00%,S2,Sec,LSMath,LSMath,SMath,Bukit Panjang,Jacelyn,FALSE
Sec JunCC<>S4 2026<>Sec - AM<>Keith<>Tuesday<>Bukit Panjang<>BP-2<>12<>9 Jun<>3:00 pm<>,Sec JunCC,S4 2026,Sec - AM,Keith,Tuesday,Bukit Panjang,BP-2,12,09 Jun (Tue),3:00:00 PM,S4/5 A Math,Kinematics,6/9/2026,03:00PM - 05:00PM,bit.ly/zenithBP,1 Woodlands Road #01-10 (Junction10) S677899,1 Woodlands Road #01-10 (Junction10) S677899  (Video Guide: bit.ly/zenithBP),S4/5 A Math,Open - Running,[S4/5 A Math] Bukit Panjang | 09 Jun (Tue) | 03:00PM - 05:00PM,S4/5 A Math - Bukit Panjang - 09 Jun Tue 03:00PM,[S4/5 A Math] Bukit Panjang | 09 Jun (Tue) | 03:00PM - 05:00PM,0,,2,2,2 / 12,,2 |  | 12,0.00%,S4,Sec,SMath(AM),SMath(AM),SMath,Bukit Panjang,Keith,FALSE
Sec JunCC<>S3 2026<>Sec - C Phy<>JM<>Thursday<>Bukit Panjang<>BP-2<>12<>11 Jun<>10:00 am<>,Sec JunCC,S3 2026,Sec - C Phy,JM,Thursday,Bukit Panjang,BP-2,12,11 Jun (Thu),10:00:00 AM,S3 Combined Physics,Energy,6/11/2026,10:00AM - 12:00PM,bit.ly/zenithBP,1 Woodlands Road #01-10 (Junction10) S677899,1 Woodlands Road #01-10 (Junction10) S677899  (Video Guide: bit.ly/zenithBP),S3 Physics,Open - Running,[S3 Combined Physics] Bukit Panjang | 11 Jun (Thu) | 10:00AM - 12:00PM,S3 Combined Physics - Bukit Panjang - 11 Jun Thu 10:00AM,[S3 Combined Physics] Bukit Panjang | 11 Jun (Thu) | 10:00AM - 12:00PM,0,,0,0,0 / 12,,0 |  | 12,0.00%,S3,Sec,SPhy(Comb),SPhy,SPhy,Bukit Panjang,JM,FALSE
Sec JunCC<>S3 2026<>Sec - P Phy<>JM<>Thursday<>Bukit Panjang<>BP-2<>12<>11 Jun<>1:00 pm<>,Sec JunCC,S3 2026,Sec - P Phy,JM,Thursday,Bukit Panjang,BP-2,12,11 Jun (Thu),1:00:00 PM,S3 Pure Physics,Energy,6/11/2026,01:00PM - 03:00PM,bit.ly/zenithBP,1 Woodlands Road #01-10 (Junction10) S677899,1 Woodlands Road #01-10 (Junction10) S677899  (Video Guide: bit.ly/zenithBP),S3 Physics,Open - Running,[S3 Pure Physics] Bukit Panjang | 11 Jun (Thu) | 01:00PM - 03:00PM,S3 Pure Physics - Bukit Panjang - 11 Jun Thu 01:00PM,[S3 Pure Physics] Bukit Panjang | 11 Jun (Thu) | 01:00PM - 03:00PM,0,,1,1,1 / 12,,1 |  | 12,0.00%,S3,Sec,SPhy(Pure),SPhy,SPhy,Bukit Panjang,JM,FALSE
Sec JunCC<>S4 2026<>Sec - EM<>Xav<>Sunday<>Bukit Panjang<>BP-2<>12<>14 Jun<>2:00 pm<>,Sec JunCC,S4 2026,Sec - EM,Xav,Sunday,Bukit Panjang,BP-2,12,14 Jun (Sun),2:00:00 PM,S4/5 E Math,Vectors,6/14/2026,02:00PM - 04:00PM,bit.ly/zenithBP,1 Woodlands Road #01-10 (Junction10) S677899,1 Woodlands Road #01-10 (Junction10) S677899  (Video Guide: bit.ly/zenithBP),S4/5 E Math,Open - Running,[S4/5 E Math] Bukit Panjang | 14 Jun (Sun) | 02:00PM - 04:00PM,S4/5 E Math - Bukit Panjang - 14 Jun Sun 02:00PM,[S4/5 E Math] Bukit Panjang | 14 Jun (Sun) | 02:00PM - 04:00PM,0,,0,0,0 / 12,,0 |  | 12,0.00%,S4,Sec,SMath(EM),SMath(EM),SMath,Bukit Panjang,Xav,FALSE
Sec JunCC<>S3 2026<>Sec - C Phy<>JM<>Monday<>Bukit Panjang<>BP-3<>19<>8 Jun<>10:00 am<>,Sec JunCC,S3 2026,Sec - C Phy,JM,Monday,Bukit Panjang,BP-3,19,08 Jun (Mon),10:00:00 AM,S3 Combined Physics,Energy,6/8/2026,10:00AM - 12:00PM,bit.ly/zenithBP,1 Woodlands Road #01-10 (Junction10) S677899,1 Woodlands Road #01-10 (Junction10) S677899  (Video Guide: bit.ly/zenithBP),S3 Physics,Open - Running,[S3 Combined Physics] Bukit Panjang | 08 Jun (Mon) | 10:00AM - 12:00PM,S3 Combined Physics - Bukit Panjang - 08 Jun Mon 10:00AM,[S3 Combined Physics] Bukit Panjang | 08 Jun (Mon) | 10:00AM - 12:00PM,0,,0,0,0 / 19,,0 |  | 19,0.00%,S3,Sec,SPhy(Comb),SPhy,SPhy,Bukit Panjang,JM,FALSE
Sec JunCC<>S3 2026<>Sec - P Phy<>JM<>Monday<>Bukit Panjang<>BP-3<>19<>8 Jun<>1:00 pm<>,Sec JunCC,S3 2026,Sec - P Phy,JM,Monday,Bukit Panjang,BP-3,19,08 Jun (Mon),1:00:00 PM,S3 Pure Physics,Energy,6/8/2026,01:00PM - 03:00PM,bit.ly/zenithBP,1 Woodlands Road #01-10 (Junction10) S677899,1 Woodlands Road #01-10 (Junction10) S677899  (Video Guide: bit.ly/zenithBP),S3 Physics,Open - Running,[S3 Pure Physics] Bukit Panjang | 08 Jun (Mon) | 01:00PM - 03:00PM,S3 Pure Physics - Bukit Panjang - 08 Jun Mon 01:00PM,[S3 Pure Physics] Bukit Panjang | 08 Jun (Mon) | 01:00PM - 03:00PM,0,,0,0,0 / 19,,0 |  | 19,0.00%,S3,Sec,SPhy(Pure),SPhy,SPhy,Bukit Panjang,JM,FALSE
Sec JunCC<>S4 2026<>Sec - P Chem<>Nicholas<>Monday<>Jurong East<>JE-6<>42<>8 Jun<>4:00 pm<>,Sec JunCC,S4 2026,Sec - P Chem,Nicholas,Monday,Jurong East,JE-6,42,08 Jun (Mon),4:00:00 PM,S4/5 Pure Chemistry,Electrochemistry,6/8/2026,04:15PM - 06:15PM,https://tinyurl.com/4cnf5kwu,21 Jurong Gateway Rd #02-01 (CPF Jurong Building) S608546,21 Jurong Gateway Rd #02-01 (CPF Jurong Building) S608546  (Video Guide: https://tinyurl.com/4cnf5kwu),S4/5 Chemistry,Closed - Running,,S4/5 Pure Chemistry - Jurong East - 08 Jun Mon 04:15PM,[S4/5 Pure Chemistry] Jurong East | 08 Jun (Mon) | 04:15PM - 06:15PM,0,,45,45,45 / 42,,45 |  | 42,0.00%,S4,Sec,SChem(Pure),SChem,SChem,Jurong East,Nicholas,TRUE
Sec JunCC<>S2 2026<>Sec - LS Math<>Jacelyn<>Thursday<>Jurong East<>JE-1<>30<>11 Jun<>10:00 am<>,Sec JunCC,S2 2026,Sec - LS Math,Jacelyn,Thursday,Jurong East,JE-1,30,11 Jun (Thu),10:00:00 AM,S2 Math,"Pythagoras' Theorem, Basic Trigonometry",6/11/2026,10:00AM - 12:00PM,https://tinyurl.com/4cnf5kwu,21 Jurong Gateway Rd #02-01 (CPF Jurong Building) S608546,21 Jurong Gateway Rd #02-01 (CPF Jurong Building) S608546  (Video Guide: https://tinyurl.com/4cnf5kwu),S2 Math,Open - Running,[S2 Math] Jurong East | 11 Jun (Thu) | 10:00AM - 12:00PM,S2 Math - Jurong East - 11 Jun Thu 10:00AM,[S2 Math] Jurong East | 11 Jun (Thu) | 10:00AM - 12:00PM,0,,2,2,2 / 30,,2 |  | 30,0.00%,S2,Sec,LSMath,LSMath,SMath,Jurong East,Jacelyn,FALSE
Sec JunCC<>S1 2026<>Sec - LS Math<>Jacelyn<>Thursday<>Jurong East<>JE-1<>30<>11 Jun<>1:00 pm<>,Sec JunCC,S1 2026,Sec - LS Math,Jacelyn,Thursday,Jurong East,JE-1,30,11 Jun (Thu),1:00:00 PM,S1 Math,"Percentage & Ratio, Algebra Revision",6/11/2026,01:00PM - 03:00PM,https://tinyurl.com/4cnf5kwu,21 Jurong Gateway Rd #02-01 (CPF Jurong Building) S608546,21 Jurong Gateway Rd #02-01 (CPF Jurong Building) S608546  (Video Guide: https://tinyurl.com/4cnf5kwu),S1 Math,Open - Running,[S1 Math] Jurong East | 11 Jun (Thu) | 01:00PM - 03:00PM,S1 Math - Jurong East - 11 Jun Thu 01:00PM,[S1 Math] Jurong East | 11 Jun (Thu) | 01:00PM - 03:00PM,0,,3,3,3 / 30,,3 |  | 30,0.00%,S1,Sec,LSMath,LSMath,SMath,Jurong East,Jacelyn,FALSE
Sec JunCC<>S3 2026<>Sec - C Phy<>JM<>Tuesday<>Jurong East<>JE-4<>25<>9 Jun<>10:00 am<>,Sec JunCC,S3 2026,Sec - C Phy,JM,Tuesday,Jurong East,JE-4,25,09 Jun (Tue),10:00:00 AM,S3 Combined Physics,Energy,6/9/2026,10:00AM - 12:00PM,https://tinyurl.com/4cnf5kwu,21 Jurong Gateway Rd #02-01 (CPF Jurong Building) S608546,21 Jurong Gateway Rd #02-01 (CPF Jurong Building) S608546  (Video Guide: https://tinyurl.com/4cnf5kwu),S3 Physics,Open - Running,[S3 Combined Physics] Jurong East | 09 Jun (Tue) | 10:00AM - 12:00PM,S3 Combined Physics - Jurong East - 09 Jun Tue 10:00AM,[S3 Combined Physics] Jurong East | 09 Jun (Tue) | 10:00AM - 12:00PM,0,,3,3,3 / 25,,3 |  | 25,0.00%,S3,Sec,SPhy(Comb),SPhy,SPhy,Jurong East,JM,FALSE
Sec JunCC<>S3 2026<>Sec - P Phy<>JM<>Tuesday<>Jurong East<>JE-4<>25<>9 Jun<>1:00 pm<>,Sec JunCC,S3 2026,Sec - P Phy,JM,Tuesday,Jurong East,JE-4,25,09 Jun (Tue),1:00:00 PM,S3 Pure Physics,Energy,6/9/2026,01:00PM - 03:00PM,https://tinyurl.com/4cnf5kwu,21 Jurong Gateway Rd #02-01 (CPF Jurong Building) S608546,21 Jurong Gateway Rd #02-01 (CPF Jurong Building) S608546  (Video Guide: https://tinyurl.com/4cnf5kwu),S3 Physics,Open - Running,[S3 Pure Physics] Jurong East | 09 Jun (Tue) | 01:00PM - 03:00PM,S3 Pure Physics - Jurong East - 09 Jun Tue 01:00PM,[S3 Pure Physics] Jurong East | 09 Jun (Tue) | 01:00PM - 03:00PM,0,,2,2,2 / 25,,2 |  | 25,0.00%,S3,Sec,SPhy(Pure),SPhy,SPhy,Jurong East,JM,FALSE
Sec JunCC<>S4 2026<>Sec - P Phy<>Jerlyn<>Wednesday<>Jurong East<>JE-4<>25<>10 Jun<>10:00 am<>,Sec JunCC,S4 2026,Sec - P Phy,Jerlyn,Wednesday,Jurong East,JE-4,25,10 Jun (Wed),10:00:00 AM,S4/5 Pure Physics,Electromagnetism,6/10/2026,10:00AM - 12:00PM,https://tinyurl.com/4cnf5kwu,21 Jurong Gateway Rd #02-01 (CPF Jurong Building) S608546,21 Jurong Gateway Rd #02-01 (CPF Jurong Building) S608546  (Video Guide: https://tinyurl.com/4cnf5kwu),S4/5 Physics,Open - Running,[S4/5 Pure Physics] Jurong East | 10 Jun (Wed) | 10:00AM - 12:00PM,S4/5 Pure Physics - Jurong East - 10 Jun Wed 10:00AM,[S4/5 Pure Physics] Jurong East | 10 Jun (Wed) | 10:00AM - 12:00PM,0,,21,21,21 / 25,,21 |  | 25,0.00%,S4,Sec,SPhy(Pure),SPhy,SPhy,Jurong East,Jerlyn,FALSE
Sec JunCC<>S3 2026<>Sec - P Phy<>Jerlyn<>Wednesday<>Jurong East<>JE-4<>25<>10 Jun<>1:00 pm<>,Sec JunCC,S3 2026,Sec - P Phy,Jerlyn,Wednesday,Jurong East,JE-4,25,10 Jun (Wed),1:00:00 PM,S3 Pure Physics,Energy,6/10/2026,01:00PM - 03:00PM,https://tinyurl.com/4cnf5kwu,21 Jurong Gateway Rd #02-01 (CPF Jurong Building) S608546,21 Jurong Gateway Rd #02-01 (CPF Jurong Building) S608546  (Video Guide: https://tinyurl.com/4cnf5kwu),S3 Physics,Open - Running,[S3 Pure Physics] Jurong East | 10 Jun (Wed) | 01:00PM - 03:00PM,S3 Pure Physics - Jurong East - 10 Jun Wed 01:00PM,[S3 Pure Physics] Jurong East | 10 Jun (Wed) | 01:00PM - 03:00PM,0,,0,0,0 / 25,,0 |  | 25,0.00%,S3,Sec,SPhy(Pure),SPhy,SPhy,Jurong East,Jerlyn,FALSE
Sec JunCC<>S3 2026<>Sec - C Phy<>JM<>Friday<>Jurong East<>JE-5<>16<>12 Jun<>10:00 am<>,Sec JunCC,S3 2026,Sec - C Phy,JM,Friday,Jurong East,JE-5,16,12 Jun (Fri),10:00:00 AM,S3 Combined Physics,Energy,6/12/2026,10:00AM - 12:00PM,https://tinyurl.com/4cnf5kwu,21 Jurong Gateway Rd #02-01 (CPF Jurong Building) S608546,21 Jurong Gateway Rd #02-01 (CPF Jurong Building) S608546  (Video Guide: https://tinyurl.com/4cnf5kwu),S3 Physics,Open - Running,[S3 Combined Physics] Jurong East | 12 Jun (Fri) | 10:00AM - 12:00PM,S3 Combined Physics - Jurong East - 12 Jun Fri 10:00AM,[S3 Combined Physics] Jurong East | 12 Jun (Fri) | 10:00AM - 12:00PM,0,,1,1,1 / 16,,1 |  | 16,0.00%,S3,Sec,SPhy(Comb),SPhy,SPhy,Jurong East,JM,FALSE
Sec JunCC<>S3 2026<>Sec - P Phy<>JM<>Friday<>Jurong East<>JE-5<>16<>12 Jun<>1:00 pm<>,Sec JunCC,S3 2026,Sec - P Phy,JM,Friday,Jurong East,JE-5,16,12 Jun (Fri),1:00:00 PM,S3 Pure Physics,Energy,6/12/2026,01:00PM - 03:00PM,https://tinyurl.com/4cnf5kwu,21 Jurong Gateway Rd #02-01 (CPF Jurong Building) S608546,21 Jurong Gateway Rd #02-01 (CPF Jurong Building) S608546  (Video Guide: https://tinyurl.com/4cnf5kwu),S3 Physics,Open - Running,[S3 Pure Physics] Jurong East | 12 Jun (Fri) | 01:00PM - 03:00PM,S3 Pure Physics - Jurong East - 12 Jun Fri 01:00PM,[S3 Pure Physics] Jurong East | 12 Jun (Fri) | 01:00PM - 03:00PM,0,,1,1,1 / 16,,1 |  | 16,0.00%,S3,Sec,SPhy(Pure),SPhy,SPhy,Jurong East,JM,FALSE
Sec JunCC<>S4 2026<>Sec - AM<>Chen Fang<>Tuesday<>Kovan<>KO-2<>21<>9 Jun<>10:00 am<>,Sec JunCC,S4 2026,Sec - AM,Chen Fang,Tuesday,Kovan,KO-2,21,09 Jun (Tue),10:00:00 AM,S4/5 A Math,Kinematics,6/9/2026,10:00AM - 12:00PM,https://tinyurl.com/SOKGuide,988 Upper Serangoon Rd #01-16 (Stars of Kovan) S534733,988 Upper Serangoon Rd #01-16 (Stars of Kovan) S534733  (Video Guide: https://tinyurl.com/SOKGuide),S4/5 A Math,Open - Running,[S4/5 A Math] Kovan | 09 Jun (Tue) | 10:00AM - 12:00PM,S4/5 A Math - Kovan - 09 Jun Tue 10:00AM,[S4/5 A Math] Kovan | 09 Jun (Tue) | 10:00AM - 12:00PM,0,,5,5,5 / 21,,5 |  | 21,0.00%,S4,Sec,SMath(AM),SMath(AM),SMath,Kovan,Chen Fang,FALSE
Sec JunCC<>S3 2026<>Sec - AM<>Chen Fang<>Tuesday<>Kovan<>KO-2<>21<>9 Jun<>1:00 pm<>,Sec JunCC,S3 2026,Sec - AM,Chen Fang,Tuesday,Kovan,KO-2,21,09 Jun (Tue),1:00:00 PM,S3 A Math,Exponential & Logarithm Functions,6/9/2026,01:00PM - 03:00PM,https://tinyurl.com/SOKGuide,988 Upper Serangoon Rd #01-16 (Stars of Kovan) S534733,988 Upper Serangoon Rd #01-16 (Stars of Kovan) S534733  (Video Guide: https://tinyurl.com/SOKGuide),S3 A Math,Open - Running,[S3 A Math] Kovan | 09 Jun (Tue) | 01:00PM - 03:00PM,S3 A Math - Kovan - 09 Jun Tue 01:00PM,[S3 A Math] Kovan | 09 Jun (Tue) | 01:00PM - 03:00PM,0,,2,2,2 / 21,,2 |  | 21,0.00%,S3,Sec,SMath(AM),SMath(AM),SMath,Kovan,Chen Fang,FALSE
Sec JunCC<>S3 2026<>Sec - Eng<>Adam<>Thursday<>Kovan<>KO-2<>21<>11 Jun<>1:00 pm<>,Sec JunCC,S3 2026,Sec - Eng,Adam,Thursday,Kovan,KO-2,21,11 Jun (Thu),1:00:00 PM,S3 English,Narrative Comprehension,6/11/2026,01:00PM - 03:00PM,https://tinyurl.com/SOKGuide,988 Upper Serangoon Rd #01-16 (Stars of Kovan) S534733,988 Upper Serangoon Rd #01-16 (Stars of Kovan) S534733  (Video Guide: https://tinyurl.com/SOKGuide),S3 English,Open - Running,[S3 English] Kovan | 11 Jun (Thu) | 01:00PM - 03:00PM,S3 English - Kovan - 11 Jun Thu 01:00PM,[S3 English] Kovan | 11 Jun (Thu) | 01:00PM - 03:00PM,0,,5,5,5 / 21,,5 |  | 21,0.00%,S3,Sec,SEng,SEng,SEng,Kovan,Adam,FALSE
Sec JunCC<>S4 2026<>Sec - AM<>Gin<>Saturday<>Kovan<>KO-2<>21<>13 Jun<>9:00 am<>,Sec JunCC,S4 2026,Sec - AM,Gin,Saturday,Kovan,KO-2,21,13 Jun (Sat),9:00:00 AM,S4/5 A Math,Kinematics,6/13/2026,09:00AM - 11:00AM,https://tinyurl.com/SOKGuide,988 Upper Serangoon Rd #01-16 (Stars of Kovan) S534733,988 Upper Serangoon Rd #01-16 (Stars of Kovan) S534733  (Video Guide: https://tinyurl.com/SOKGuide),S4/5 A Math,Open - Running,[S4/5 A Math] Kovan | 13 Jun (Sat) | 09:00AM - 11:00AM,S4/5 A Math - Kovan - 13 Jun Sat 09:00AM,[S4/5 A Math] Kovan | 13 Jun (Sat) | 09:00AM - 11:00AM,0,,1,1,1 / 21,,1 |  | 21,0.00%,S4,Sec,SMath(AM),SMath(AM),SMath,Kovan,Gin,FALSE
Sec JunCC<>S3 2026<>Sec - AM<>Gin<>Saturday<>Kovan<>KO-2<>21<>13 Jun<>11:00 am<>,Sec JunCC,S3 2026,Sec - AM,Gin,Saturday,Kovan,KO-2,21,13 Jun (Sat),11:00:00 AM,S3 A Math,Exponential & Logarithm Functions,6/13/2026,11:15AM - 01:15PM,https://tinyurl.com/SOKGuide,988 Upper Serangoon Rd #01-16 (Stars of Kovan) S534733,988 Upper Serangoon Rd #01-16 (Stars of Kovan) S534733  (Video Guide: https://tinyurl.com/SOKGuide),S3 A Math,Open - Running,[S3 A Math] Kovan | 13 Jun (Sat) | 11:15AM - 01:15PM,S3 A Math - Kovan - 13 Jun Sat 11:15AM,[S3 A Math] Kovan | 13 Jun (Sat) | 11:15AM - 01:15PM,0,,2,2,2 / 21,,2 |  | 21,0.00%,S3,Sec,SMath(AM),SMath(AM),SMath,Kovan,Gin,FALSE
Sec JunCC<>S2 2026<>Sec - LS Math<>Gin<>Sunday<>Kovan<>KO-2<>21<>14 Jun<>9:00 am<>,Sec JunCC,S2 2026,Sec - LS Math,Gin,Sunday,Kovan,KO-2,21,14 Jun (Sun),9:00:00 AM,S2 Math,"Pythagoras' Theorem, Basic Trigonometry",6/14/2026,09:00AM - 11:00AM,https://tinyurl.com/SOKGuide,988 Upper Serangoon Rd #01-16 (Stars of Kovan) S534733,988 Upper Serangoon Rd #01-16 (Stars of Kovan) S534733  (Video Guide: https://tinyurl.com/SOKGuide),S2 Math,Open - Running,[S2 Math] Kovan | 14 Jun (Sun) | 09:00AM - 11:00AM,S2 Math - Kovan - 14 Jun Sun 09:00AM,[S2 Math] Kovan | 14 Jun (Sun) | 09:00AM - 11:00AM,0,,1,1,1 / 21,,1 |  | 21,0.00%,S2,Sec,LSMath,LSMath,SMath,Kovan,Gin,FALSE
Sec JunCC<>S4 2026<>Sec - AM<>Gin<>Sunday<>Kovan<>KO-2<>21<>14 Jun<>2:00 pm<>,Sec JunCC,S4 2026,Sec - AM,Gin,Sunday,Kovan,KO-2,21,14 Jun (Sun),2:00:00 PM,S4/5 A Math,Kinematics,6/14/2026,02:00PM - 04:00PM,https://tinyurl.com/SOKGuide,988 Upper Serangoon Rd #01-16 (Stars of Kovan) S534733,988 Upper Serangoon Rd #01-16 (Stars of Kovan) S534733  (Video Guide: https://tinyurl.com/SOKGuide),S4/5 A Math,Open - Running,[S4/5 A Math] Kovan | 14 Jun (Sun) | 02:00PM - 04:00PM,S4/5 A Math - Kovan - 14 Jun Sun 02:00PM,[S4/5 A Math] Kovan | 14 Jun (Sun) | 02:00PM - 04:00PM,0,,1,1,1 / 21,,1 |  | 21,0.00%,S4,Sec,SMath(AM),SMath(AM),SMath,Kovan,Gin,FALSE
Sec JunCC<>S3 2026<>Sec - AM<>Gin<>Sunday<>Kovan<>KO-2<>21<>14 Jun<>4:00 pm<>,Sec JunCC,S3 2026,Sec - AM,Gin,Sunday,Kovan,KO-2,21,14 Jun (Sun),4:00:00 PM,S3 A Math,Exponential & Logarithm Functions,6/14/2026,04:15PM - 06:15PM,https://tinyurl.com/SOKGuide,988 Upper Serangoon Rd #01-16 (Stars of Kovan) S534733,988 Upper Serangoon Rd #01-16 (Stars of Kovan) S534733  (Video Guide: https://tinyurl.com/SOKGuide),S3 A Math,Open - Running,[S3 A Math] Kovan | 14 Jun (Sun) | 04:15PM - 06:15PM,S3 A Math - Kovan - 14 Jun Sun 04:15PM,[S3 A Math] Kovan | 14 Jun (Sun) | 04:15PM - 06:15PM,0,,1,1,1 / 21,,1 |  | 21,0.00%,S3,Sec,SMath(AM),SMath(AM),SMath,Kovan,Gin,FALSE
Sec JunCC<>S1 2026<>Sec - Eng<>Adam<>Tuesday<>Kovan<>KO-4<>24<>9 Jun<>10:00 am<>,Sec JunCC,S1 2026,Sec - Eng,Adam,Tuesday,Kovan,KO-4,24,09 Jun (Tue),10:00:00 AM,S1 English,Narrative Comprehension,6/9/2026,10:00AM - 12:00PM,https://tinyurl.com/SOKGuide,988 Upper Serangoon Rd #01-16 (Stars of Kovan) S534733,988 Upper Serangoon Rd #01-16 (Stars of Kovan) S534733  (Video Guide: https://tinyurl.com/SOKGuide),S1 English,Open - Running,[S1 English] Kovan | 09 Jun (Tue) | 10:00AM - 12:00PM,S1 English - Kovan - 09 Jun Tue 10:00AM,[S1 English] Kovan | 09 Jun (Tue) | 10:00AM - 12:00PM,0,,7,7,7 / 24,,7 |  | 24,0.00%,S1,Sec,LSEng,LSEng,SEng,Kovan,Adam,FALSE
Sec JunCC<>S4 2026<>Sec - Eng<>Adam<>Wednesday<>Kovan<>KO-4<>24<>10 Jun<>10:00 am<>,Sec JunCC,S4 2026,Sec - Eng,Adam,Wednesday,Kovan,KO-4,24,10 Jun (Wed),10:00:00 AM,S4/5 English,Narrative Comprehension,6/10/2026,10:00AM - 12:00PM,https://tinyurl.com/SOKGuide,988 Upper Serangoon Rd #01-16 (Stars of Kovan) S534733,988 Upper Serangoon Rd #01-16 (Stars of Kovan) S534733  (Video Guide: https://tinyurl.com/SOKGuide),S4/5 English,Closed - Running,,S4/5 English - Kovan - 10 Jun Wed 10:00AM,[S4/5 English] Kovan | 10 Jun (Wed) | 10:00AM - 12:00PM,0,,29,29,29 / 24,,29 |  | 24,0.00%,S4,Sec,SEng,SEng,SEng,Kovan,Adam,TRUE
Sec JunCC<>S2 2026<>Sec - Eng<>Adam<>Wednesday<>Kovan<>KO-4<>24<>10 Jun<>1:00 pm<>,Sec JunCC,S2 2026,Sec - Eng,Adam,Wednesday,Kovan,KO-4,24,10 Jun (Wed),1:00:00 PM,S2 English,Narrative Comprehension,6/10/2026,01:00PM - 03:00PM,https://tinyurl.com/SOKGuide,988 Upper Serangoon Rd #01-16 (Stars of Kovan) S534733,988 Upper Serangoon Rd #01-16 (Stars of Kovan) S534733  (Video Guide: https://tinyurl.com/SOKGuide),S2 English,Open - Running,[S2 English] Kovan | 10 Jun (Wed) | 01:00PM - 03:00PM,S2 English - Kovan - 10 Jun Wed 01:00PM,[S2 English] Kovan | 10 Jun (Wed) | 01:00PM - 03:00PM,0,,7,7,7 / 24,,7 |  | 24,0.00%,S2,Sec,LSEng,LSEng,SEng,Kovan,Adam,FALSE
Sec JunCC<>S1 2026<>Sec - LS Science<>Vivien<>Wednesday<>King Albert Park<>KAP-1<>15<>10 Jun<>1:00 pm<>,Sec JunCC,S1 2026,Sec - LS Science,Vivien,Wednesday,King Albert Park,KAP-1,15,10 Jun (Wed),1:00:00 PM,S1 Science,Ray Model of Light,6/10/2026,01:00PM - 03:00PM,https://tinyurl.com/zenithKAP,896 Dunearn Road Dunearn Village #04-16 S589472,896 Dunearn Road Dunearn Village #04-16 S589472  (Video Guide: https://tinyurl.com/zenithKAP),S1 Science,Open - Running,[S1 Science] King Albert Park | 10 Jun (Wed) | 01:00PM - 03:00PM,S1 Science - King Albert Park - 10 Jun Wed 01:00PM,[S1 Science] King Albert Park | 10 Jun (Wed) | 01:00PM - 03:00PM,0,,4,4,4 / 15,,4 |  | 15,0.00%,S1,Sec,LSScience,LSScience,LSScience,King Albert Park,Vivien,FALSE
Sec JunCC<>S1 2026<>Sec - LS Science<>Chen Hong<>Tuesday<>King Albert Park<>KAP-3<>15<>9 Jun<>5:00 pm<>,Sec JunCC,S1 2026,Sec - LS Science,Chen Hong,Tuesday,King Albert Park,KAP-3,15,09 Jun (Tue),5:00:00 PM,S1 Science,Ray Model of Light,6/9/2026,05:00PM - 07:00PM,https://tinyurl.com/zenithKAP,896 Dunearn Road Dunearn Village #04-16 S589472,896 Dunearn Road Dunearn Village #04-16 S589472  (Video Guide: https://tinyurl.com/zenithKAP),S1 Science,Open - Running,[S1 Science] King Albert Park | 09 Jun (Tue) | 05:00PM - 07:00PM,S1 Science - King Albert Park - 09 Jun Tue 05:00PM,[S1 Science] King Albert Park | 09 Jun (Tue) | 05:00PM - 07:00PM,0,,1,1,1 / 15,,1 |  | 15,0.00%,S1,Sec,LSScience,LSScience,LSScience,King Albert Park,Chen Hong,FALSE
Sec JunCC<>S3 2026<>Sec - P Chem<>Crystal<>Monday<>King Albert Park<>KAP-4<>18<>8 Jun<>1:00 pm<>,Sec JunCC,S3 2026,Sec - P Chem,Crystal,Monday,King Albert Park,KAP-4,18,08 Jun (Mon),1:00:00 PM,S3 Pure Chemistry,Mole Concept & Stoichiometry,6/8/2026,01:00PM - 03:00PM,https://tinyurl.com/zenithKAP,896 Dunearn Road Dunearn Village #04-16 S589472,896 Dunearn Road Dunearn Village #04-16 S589472  (Video Guide: https://tinyurl.com/zenithKAP),S3 Chemistry,Open - Running,[S3 Pure Chemistry] King Albert Park | 08 Jun (Mon) | 01:00PM - 03:00PM,S3 Pure Chemistry - King Albert Park - 08 Jun Mon 01:00PM,[S3 Pure Chemistry] King Albert Park | 08 Jun (Mon) | 01:00PM - 03:00PM,0,,1,1,1 / 18,,1 |  | 18,0.00%,S3,Sec,SChem(Pure),SChem,SChem,King Albert Park,Crystal,FALSE
Sec JunCC<>S2 2026<>Sec - IP Math<>Bryant<>Tuesday<>King Albert Park<>KAP-5<>24<>9 Jun<>7:00 pm<>,Sec JunCC,S2 2026,Sec - IP Math,Bryant,Tuesday,King Albert Park,KAP-5,24,09 Jun (Tue),7:00:00 PM,S2 IP Math,Congruency and Similarity,6/9/2026,07:15PM - 09:15PM,https://tinyurl.com/zenithKAP,896 Dunearn Road Dunearn Village #04-16 S589472,896 Dunearn Road Dunearn Village #04-16 S589472  (Video Guide: https://tinyurl.com/zenithKAP),S2 Math (IP),Open - Running,[S2 IP Math] King Albert Park | 09 Jun (Tue) | 07:15PM - 09:15PM,S2 IP Math - King Albert Park - 09 Jun Tue 07:15PM,[S2 IP Math] King Albert Park | 09 Jun (Tue) | 07:15PM - 09:15PM,0,,0,0,0 / 24,,0 |  | 24,0.00%,S2,Sec,LSMath(IP),LSMath(IP),SMath,King Albert Park,Bryant,FALSE
Sec JunCC<>S1 2026<>Sec - IP Math<>Bryant<>Friday<>King Albert Park<>KAP-5<>24<>12 Jun<>7:00 pm<>,Sec JunCC,S1 2026,Sec - IP Math,Bryant,Friday,King Albert Park,KAP-5,24,12 Jun (Fri),7:00:00 PM,S1 IP Math,Linear functions and graphs,6/12/2026,07:15PM - 09:15PM,https://tinyurl.com/zenithKAP,896 Dunearn Road Dunearn Village #04-16 S589472,896 Dunearn Road Dunearn Village #04-16 S589472  (Video Guide: https://tinyurl.com/zenithKAP),S1 Math (IP),Open - Running,[S1 IP Math] King Albert Park | 12 Jun (Fri) | 07:15PM - 09:15PM,S1 IP Math - King Albert Park - 12 Jun Fri 07:15PM,[S1 IP Math] King Albert Park | 12 Jun (Fri) | 07:15PM - 09:15PM,0,,4,4,4 / 24,,4 |  | 24,0.00%,S1,Sec,LSMath(IP),LSMath(IP),SMath,King Albert Park,Bryant,FALSE
Sec JunCC<>S3 2026<>Sec - SS<>Lynn Seah<>Monday<>Serangoon<>BHC-2<>23<>8 Jun<>10:00 am<>,Sec JunCC,S3 2026,Sec - SS,Lynn Seah,Monday,Serangoon,BHC-2,23,08 Jun (Mon),10:00:00 AM,S3 Social Studies,"SBQ skills (source analysis; comparison, reliability & usefulness)",6/8/2026,10:00AM - 12:00PM,https://tinyurl.com/zenithSERANGOON,50 Serangoon Avenue 2 #03-01 S556129,50 Serangoon Avenue 2 #03-01 S556129  (Video Guide: https://tinyurl.com/zenithSERANGOON),S3 Social Studies,Open - Running,[S3 Social Studies] Serangoon | 08 Jun (Mon) | 10:00AM - 12:00PM,S3 Social Studies - Serangoon - 08 Jun Mon 10:00AM,[S3 Social Studies] Serangoon | 08 Jun (Mon) | 10:00AM - 12:00PM,0,,7,7,7 / 23,,7 |  | 23,0.00%,S3,Sec,SSoc,SSoc,SSoc,Braddell Heights,Lynn Seah,FALSE
Sec JunCC<>S2 2026<>Sec - LS Math<>Andrik<>Monday<>Serangoon<>BHC-2<>23<>8 Jun<>3:00 pm<>,Sec JunCC,S2 2026,Sec - LS Math,Andrik,Monday,Serangoon,BHC-2,23,08 Jun (Mon),3:00:00 PM,S2 Math,"Pythagoras' Theorem, Basic Trigonometry",6/8/2026,03:00PM - 05:00PM,https://tinyurl.com/zenithSERANGOON,50 Serangoon Avenue 2 #03-01 S556129,50 Serangoon Avenue 2 #03-01 S556129  (Video Guide: https://tinyurl.com/zenithSERANGOON),S2 Math,Open - Running,[S2 Math] Serangoon | 08 Jun (Mon) | 03:00PM - 05:00PM,S2 Math - Serangoon - 08 Jun Mon 03:00PM,[S2 Math] Serangoon | 08 Jun (Mon) | 03:00PM - 05:00PM,0,,4,4,4 / 23,,4 |  | 23,0.00%,S2,Sec,LSMath,LSMath,SMath,Braddell Heights,Andrik,FALSE
Sec JunCC<>S2 2026<>Sec - LS Science<>Firhad<>Monday<>Serangoon<>BHC-3<>21<>8 Jun<>4:00 pm<>,Sec JunCC,S2 2026,Sec - LS Science,Firhad,Monday,Serangoon,BHC-3,21,08 Jun (Mon),4:00:00 PM,S2 Science,Electrical Systems,6/8/2026,04:15PM - 06:15PM,https://tinyurl.com/zenithSERANGOON,50 Serangoon Avenue 2 #03-01 S556129,50 Serangoon Avenue 2 #03-01 S556129  (Video Guide: https://tinyurl.com/zenithSERANGOON),S2 Science,Open - Running,[S2 Science] Serangoon | 08 Jun (Mon) | 04:15PM - 06:15PM,S2 Science - Serangoon - 08 Jun Mon 04:15PM,[S2 Science] Serangoon | 08 Jun (Mon) | 04:15PM - 06:15PM,0,,19,19,19 / 21,,19 |  | 21,0.00%,S2,Sec,LSScience,LSScience,LSScience,Braddell Heights,Firhad,FALSE
Sec JunCC<>S3 2026<>Sec - SS<>Lynn Seah<>Wednesday<>Serangoon<>BHC-2<>23<>10 Jun<>10:00 am<>,Sec JunCC,S3 2026,Sec - SS,Lynn Seah,Wednesday,Serangoon,BHC-2,23,10 Jun (Wed),10:00:00 AM,S3 Social Studies,"SBQ skills (source analysis; comparison, reliability & usefulness)",6/10/2026,10:00AM - 12:00PM,https://tinyurl.com/zenithSERANGOON,50 Serangoon Avenue 2 #03-01 S556129,50 Serangoon Avenue 2 #03-01 S556129  (Video Guide: https://tinyurl.com/zenithSERANGOON),S3 Social Studies,Open - Running,[S3 Social Studies] Serangoon | 10 Jun (Wed) | 10:00AM - 12:00PM,S3 Social Studies - Serangoon - 10 Jun Wed 10:00AM,[S3 Social Studies] Serangoon | 10 Jun (Wed) | 10:00AM - 12:00PM,0,,11,11,11 / 23,,11 |  | 23,0.00%,S3,Sec,SSoc,SSoc,SSoc,Braddell Heights,Lynn Seah,FALSE
Sec JunCC<>S3 2026<>Sec - SS<>Lynn Seah<>Friday<>Serangoon<>BHC-2<>23<>12 Jun<>10:00 am<>,Sec JunCC,S3 2026,Sec - SS,Lynn Seah,Friday,Serangoon,BHC-2,23,12 Jun (Fri),10:00:00 AM,S3 Social Studies,"SBQ skills (source analysis; comparison, reliability & usefulness)",6/12/2026,10:00AM - 12:00PM,https://tinyurl.com/zenithSERANGOON,50 Serangoon Avenue 2 #03-01 S556129,50 Serangoon Avenue 2 #03-01 S556129  (Video Guide: https://tinyurl.com/zenithSERANGOON),S3 Social Studies,Open - Running,[S3 Social Studies] Serangoon | 12 Jun (Fri) | 10:00AM - 12:00PM,S3 Social Studies - Serangoon - 12 Jun Fri 10:00AM,[S3 Social Studies] Serangoon | 12 Jun (Fri) | 10:00AM - 12:00PM,0,,4,4,4 / 23,,4 |  | 23,0.00%,S3,Sec,SSoc,SSoc,SSoc,Braddell Heights,Lynn Seah,FALSE
Sec JunCC<>S4 2026<>Sec - SS<>Lynn Seah<>Saturday<>Serangoon<>BHC-2<>23<>13 Jun<>9:00 am<>,Sec JunCC,S4 2026,Sec - SS,Lynn Seah,Saturday,Serangoon,BHC-2,23,13 Jun (Sat),9:00:00 AM,S4 Social Studies,SBQ skills (source analysis; surprise/hybrid/assertion),6/13/2026,09:00AM - 11:00AM,https://tinyurl.com/zenithSERANGOON,50 Serangoon Avenue 2 #03-01 S556129,50 Serangoon Avenue 2 #03-01 S556129  (Video Guide: https://tinyurl.com/zenithSERANGOON),S4 Social Studies,Open - Running,[S4 Social Studies] Serangoon | 13 Jun (Sat) | 09:00AM - 11:00AM,S4 Social Studies - Serangoon - 13 Jun Sat 09:00AM,[S4 Social Studies] Serangoon | 13 Jun (Sat) | 09:00AM - 11:00AM,0,,15,15,15 / 23,,15 |  | 23,0.00%,S4,Sec,SSoc,SSoc,SSoc,Braddell Heights,Lynn Seah,FALSE
Sec JunCC<>S3 2026<>Sec - SS<>Lynn Seah<>Saturday<>Serangoon<>BHC-2<>23<>13 Jun<>11:00 am<>,Sec JunCC,S3 2026,Sec - SS,Lynn Seah,Saturday,Serangoon,BHC-2,23,13 Jun (Sat),11:00:00 AM,S3 Social Studies,"SBQ skills (source analysis; comparison, reliability & usefulness)",6/13/2026,11:15AM - 01:15PM,https://tinyurl.com/zenithSERANGOON,50 Serangoon Avenue 2 #03-01 S556129,50 Serangoon Avenue 2 #03-01 S556129  (Video Guide: https://tinyurl.com/zenithSERANGOON),S3 Social Studies,Open - Running,[S3 Social Studies] Serangoon | 13 Jun (Sat) | 11:15AM - 01:15PM,S3 Social Studies - Serangoon - 13 Jun Sat 11:15AM,[S3 Social Studies] Serangoon | 13 Jun (Sat) | 11:15AM - 01:15PM,0,,4,4,4 / 23,,4 |  | 23,0.00%,S3,Sec,SSoc,SSoc,SSoc,Braddell Heights,Lynn Seah,FALSE
Sec JunCC<>S4 2026<>Sec - SS<>Lynn Seah<>Saturday<>Serangoon<>BHC-5<>30<>13 Jun<>2:00 pm<>,Sec JunCC,S4 2026,Sec - SS,Lynn Seah,Saturday,Serangoon,BHC-5,30,13 Jun (Sat),2:00:00 PM,S4 Social Studies,SBQ skills (source analysis; surprise/hybrid/assertion),6/13/2026,02:00PM - 04:00PM,https://tinyurl.com/zenithSERANGOON,50 Serangoon Avenue 2 #03-01 S556129,50 Serangoon Avenue 2 #03-01 S556129  (Video Guide: https://tinyurl.com/zenithSERANGOON),S4 Social Studies,Open - Running,[S4 Social Studies] Serangoon | 13 Jun (Sat) | 02:00PM - 04:00PM,S4 Social Studies - Serangoon - 13 Jun Sat 02:00PM,[S4 Social Studies] Serangoon | 13 Jun (Sat) | 02:00PM - 04:00PM,0,,25,25,25 / 30,,25 |  | 30,0.00%,S4,Sec,SSoc,SSoc,SSoc,Braddell Heights,Lynn Seah,TRUE
Sec JunCC<>S2 2026<>Sec - LS Math<>Gwen<>Thursday<>Serangoon<>BHC-3<>21<>11 Jun<>5:00 pm<>,Sec JunCC,S2 2026,Sec - LS Math,Gwen,Thursday,Serangoon,BHC-3,21,11 Jun (Thu),5:00:00 PM,S2 Math,"Pythagoras' Theorem, Basic Trigonometry",6/11/2026,05:00PM - 07:00PM,https://tinyurl.com/zenithSERANGOON,50 Serangoon Avenue 2 #03-01 S556129,50 Serangoon Avenue 2 #03-01 S556129  (Video Guide: https://tinyurl.com/zenithSERANGOON),S2 Math,Open - Running,[S2 Math] Serangoon | 11 Jun (Thu) | 05:00PM - 07:00PM,S2 Math - Serangoon - 11 Jun Thu 05:00PM,[S2 Math] Serangoon | 11 Jun (Thu) | 05:00PM - 07:00PM,0,,4,4,4 / 21,,4 |  | 21,0.00%,S2,Sec,LSMath,LSMath,SMath,Braddell Heights,Gwen,FALSE
Sec JunCC<>S3 2026<>Sec - AM<>Gwen<>Thursday<>Serangoon<>BHC-3<>21<>11 Jun<>7:00 pm<>,Sec JunCC,S3 2026,Sec - AM,Gwen,Thursday,Serangoon,BHC-3,21,11 Jun (Thu),7:00:00 PM,S3 A Math,Exponential & Logarithm Functions,6/11/2026,07:15PM - 09:15PM,https://tinyurl.com/zenithSERANGOON,50 Serangoon Avenue 2 #03-01 S556129,50 Serangoon Avenue 2 #03-01 S556129  (Video Guide: https://tinyurl.com/zenithSERANGOON),S3 A Math,Open - Running,[S3 A Math] Serangoon | 11 Jun (Thu) | 07:15PM - 09:15PM,S3 A Math - Serangoon - 11 Jun Thu 07:15PM,[S3 A Math] Serangoon | 11 Jun (Thu) | 07:15PM - 09:15PM,0,,0,0,0 / 21,,0 |  | 21,0.00%,S3,Sec,SMath(AM),SMath(AM),SMath,Braddell Heights,Gwen,FALSE
Sec JunCC<>S3 2026<>SS - C Lit<>Adri<>Saturday<>Serangoon<>BHC-3<>21<>13 Jun<>9:00 am<>,Sec JunCC,S3 2026,SS - C Lit,Adri,Saturday,Serangoon,BHC-3,21,13 Jun (Sat),9:00:00 AM,S3 Combined Literature,Unseen Poetry (Building Insight through Language/Context Clues),6/13/2026,09:00AM - 11:00AM,https://tinyurl.com/zenithSERANGOON,50 Serangoon Avenue 2 #03-01 S556129,50 Serangoon Avenue 2 #03-01 S556129  (Video Guide: https://tinyurl.com/zenithSERANGOON),S3 Literature,Open - Running,[S3 Combined Literature] Serangoon | 13 Jun (Sat) | 09:00AM - 11:00AM,S3 Combined Literature - Serangoon - 13 Jun Sat 09:00AM,[S3 Combined Literature] Serangoon | 13 Jun (Sat) | 09:00AM - 11:00AM,0,,1,1,1 / 21,,1 |  | 21,0.00%,S3,Sec,SLit(Comb),SLit,SLit,Braddell Heights,Adri,FALSE
Sec JunCC<>S4 2026<>SS - C Lit<>Adri<>Saturday<>Serangoon<>BHC-3<>21<>13 Jun<>11:00 am<>,Sec JunCC,S4 2026,SS - C Lit,Adri,Saturday,Serangoon,BHC-3,21,13 Jun (Sat),11:00:00 AM,S4 Combined Literature,Unseen Poetry (Building Insight through Language/Context Clues),6/13/2026,11:15AM - 01:15PM,https://tinyurl.com/zenithSERANGOON,50 Serangoon Avenue 2 #03-01 S556129,50 Serangoon Avenue 2 #03-01 S556129  (Video Guide: https://tinyurl.com/zenithSERANGOON),S4 Literature,Open - Running,[S4 Combined Literature] Serangoon | 13 Jun (Sat) | 11:15AM - 01:15PM,S4 Combined Literature - Serangoon - 13 Jun Sat 11:15AM,[S4 Combined Literature] Serangoon | 13 Jun (Sat) | 11:15AM - 01:15PM,0,,0,2,2 / 21,,2 |  | 21,0.00%,S4,Sec,SLit(Comb),SLit,SLit,Braddell Heights,Adri,FALSE
Sec JunCC<>S4 2026<>SS - P Lit<>Adri<>Saturday<>Serangoon<>BHC-3<>21<>13 Jun<>2:00 pm<>,Sec JunCC,S4 2026,SS - P Lit,Adri,Saturday,Serangoon,BHC-3,21,13 Jun (Sat),2:00:00 PM,S4 Pure Literature,Unseen Poetry (Building Insight through Language/Context Clues),6/13/2026,02:00PM - 04:00PM,https://tinyurl.com/zenithSERANGOON,50 Serangoon Avenue 2 #03-01 S556129,50 Serangoon Avenue 2 #03-01 S556129  (Video Guide: https://tinyurl.com/zenithSERANGOON),S4 Literature,Open - Running,[S4 Pure Literature] Serangoon | 13 Jun (Sat) | 02:00PM - 04:00PM,S4 Pure Literature - Serangoon - 13 Jun Sat 02:00PM,[S4 Pure Literature] Serangoon | 13 Jun (Sat) | 02:00PM - 04:00PM,0,,2,3,3 / 21,,3 |  | 21,0.00%,S4,Sec,SLit(Pure),SLit,SLit,Braddell Heights,Adri,FALSE
Sec JunCC<>S3 2026<>Sec - EM<>Vegas<>Wednesday<>Buona Vista<>BV-4 (L2)<>22<>17 Jun<>10:00 am<>,Sec JunCC,S3 2026,Sec - EM,Vegas,Wednesday,Buona Vista,BV-4 (L2),22,17 Jun (Wed),10:00:00 AM,S3 E Math,Properties of Circles,6/17/2026,10:00AM - 12:00PM,bit.ly/zenithBV,35 Rochester Dr #02-23 (Rochester Mall) S138639,35 Rochester Dr #02-23 (Rochester Mall) S138639  (Video Guide: bit.ly/zenithBV),S3 E Math,Open - Running,[S3 E Math] Buona Vista | 17 Jun (Wed) | 10:00AM - 12:00PM,S3 E Math - Buona Vista - 17 Jun Wed 10:00AM,[S3 E Math] Buona Vista | 17 Jun (Wed) | 10:00AM - 12:00PM,0,,7,7,7 / 22,,7 |  | 22,0.00%,S3,Sec,SMath(EM),SMath(EM),SMath,Buona Vista,Vegas,FALSE
Sec JunCC<>S3 2026<>Sec - AM<>Vegas<>Wednesday<>Buona Vista<>BV-4 (L2)<>22<>17 Jun<>1:00 pm<>,Sec JunCC,S3 2026,Sec - AM,Vegas,Wednesday,Buona Vista,BV-4 (L2),22,17 Jun (Wed),1:00:00 PM,S3 A Math,Exponential & Logarithm Functions,6/17/2026,01:00PM - 03:00PM,bit.ly/zenithBV,35 Rochester Dr #02-23 (Rochester Mall) S138639,35 Rochester Dr #02-23 (Rochester Mall) S138639  (Video Guide: bit.ly/zenithBV),S3 A Math,Open - Running,[S3 A Math] Buona Vista | 17 Jun (Wed) | 01:00PM - 03:00PM,S3 A Math - Buona Vista - 17 Jun Wed 01:00PM,[S3 A Math] Buona Vista | 17 Jun (Wed) | 01:00PM - 03:00PM,0,,5,5,5 / 22,,5 |  | 22,0.00%,S3,Sec,SMath(AM),SMath(AM),SMath,Buona Vista,Vegas,FALSE
Sec JunCC<>S3 2026<>Sec - P Chem<>Melissa<>Thursday<>Buona Vista<>BV-4 (L2)<>22<>18 Jun<>1:00 pm<>,Sec JunCC,S3 2026,Sec - P Chem,Melissa,Thursday,Buona Vista,BV-4 (L2),22,18 Jun (Thu),1:00:00 PM,S3 Pure Chemistry,Mole Concept & Stoichiometry,6/18/2026,01:00PM - 03:00PM,bit.ly/zenithBV,35 Rochester Dr #02-23 (Rochester Mall) S138639,35 Rochester Dr #02-23 (Rochester Mall) S138639  (Video Guide: bit.ly/zenithBV),S3 Chemistry,Open - Running,[S3 Pure Chemistry] Buona Vista | 18 Jun (Thu) | 01:00PM - 03:00PM,S3 Pure Chemistry - Buona Vista - 18 Jun Thu 01:00PM,[S3 Pure Chemistry] Buona Vista | 18 Jun (Thu) | 01:00PM - 03:00PM,0,,3,3,3 / 22,,3 |  | 22,0.00%,S3,Sec,SChem(Pure),SChem,SChem,Buona Vista,Melissa,FALSE
Sec JunCC<>S4 2026<>Sec - P Phy<>Jerlyn<>Wednesday<>Buona Vista<>BV-3 (L2)<>28<>17 Jun<>10:00 am<>,Sec JunCC,S4 2026,Sec - P Phy,Jerlyn,Wednesday,Buona Vista,BV-3 (L2),28,17 Jun (Wed),10:00:00 AM,S4/5 Pure Physics,Electromagnetism,6/17/2026,10:00AM - 12:00PM,bit.ly/zenithBV,35 Rochester Dr #02-23 (Rochester Mall) S138639,35 Rochester Dr #02-23 (Rochester Mall) S138639  (Video Guide: bit.ly/zenithBV),S4/5 Physics,Open - Running,[S4/5 Pure Physics] Buona Vista | 17 Jun (Wed) | 10:00AM - 12:00PM,S4/5 Pure Physics - Buona Vista - 17 Jun Wed 10:00AM,[S4/5 Pure Physics] Buona Vista | 17 Jun (Wed) | 10:00AM - 12:00PM,0,,18,18,18 / 28,,18 |  | 28,0.00%,S4,Sec,SPhy(Pure),SPhy,SPhy,Buona Vista,Jerlyn,FALSE
Sec JunCC<>S3 2026<>Sec - P Phy<>Jerlyn<>Wednesday<>Buona Vista<>BV-6 (L2)<>15<>17 Jun<>1:00 pm<>,Sec JunCC,S3 2026,Sec - P Phy,Jerlyn,Wednesday,Buona Vista,BV-6 (L2),15,17 Jun (Wed),1:00:00 PM,S3 Pure Physics,Energy,6/17/2026,01:00PM - 03:00PM,bit.ly/zenithBV,35 Rochester Dr #02-23 (Rochester Mall) S138639,35 Rochester Dr #02-23 (Rochester Mall) S138639  (Video Guide: bit.ly/zenithBV),S3 Physics,Open - Running,[S3 Pure Physics] Buona Vista | 17 Jun (Wed) | 01:00PM - 03:00PM,S3 Pure Physics - Buona Vista - 17 Jun Wed 01:00PM,[S3 Pure Physics] Buona Vista | 17 Jun (Wed) | 01:00PM - 03:00PM,0,,4,4,4 / 15,,4 |  | 15,0.00%,S3,Sec,SPhy(Pure),SPhy,SPhy,Buona Vista,Jerlyn,FALSE
Sec JunCC<>S3 2026<>Sec - Eng<>Jo-Anne<>Friday<>Buona Vista<>BV-6 (L2)<>15<>19 Jun<>1:00 pm<>,Sec JunCC,S3 2026,Sec - Eng,Jo-Anne,Friday,Buona Vista,BV-6 (L2),15,19 Jun (Fri),1:00:00 PM,S3 English,Narrative Comprehension,6/19/2026,01:00PM - 03:00PM,bit.ly/zenithBV,35 Rochester Dr #02-23 (Rochester Mall) S138639,35 Rochester Dr #02-23 (Rochester Mall) S138639  (Video Guide: bit.ly/zenithBV),S3 English,Open - Running,[S3 English] Buona Vista | 19 Jun (Fri) | 01:00PM - 03:00PM,S3 English - Buona Vista - 19 Jun Fri 01:00PM,[S3 English] Buona Vista | 19 Jun (Fri) | 01:00PM - 03:00PM,0,,9,9,9 / 15,,9 |  | 15,0.00%,S3,Sec,SEng,SEng,SEng,Buona Vista,Jo-Anne,FALSE
Sec JunCC<>S3 2026<>Sec - EM<>Lisa<>Monday<>Tan Kah Kee<>TKK-1<>14<>15 Jun<>1:00 pm<>,Sec JunCC,S3 2026,Sec - EM,Lisa,Monday,Tan Kah Kee,TKK-1,14,15 Jun (Mon),1:00:00 PM,S3 E Math,Properties of Circles,6/15/2026,01:00PM - 03:00PM,bit.ly/TKK607,607 Bukit Timah Road #02-01 S269708,607 Bukit Timah Road #02-01 S269708  (Video Guide: bit.ly/TKK607),S3 E Math,Open - Running,[S3 E Math] Tan Kah Kee | 15 Jun (Mon) | 01:00PM - 03:00PM,S3 E Math - Tan Kah Kee - 15 Jun Mon 01:00PM,[S3 E Math] Tan Kah Kee | 15 Jun (Mon) | 01:00PM - 03:00PM,0,,3,3,3 / 14,,3 |  | 14,0.00%,S3,Sec,SMath(EM),SMath(EM),SMath,Coro + TKK,Lisa,FALSE
Sec JunCC<>S4 2026<>Sec - EM<>Lisa<>Tuesday<>Tan Kah Kee<>TKK-2<>30<>16 Jun<>2:00 pm<>,Sec JunCC,S4 2026,Sec - EM,Lisa,Tuesday,Tan Kah Kee,TKK-2,30,16 Jun (Tue),2:00:00 PM,S4/5 E Math,Vectors,6/16/2026,02:00PM - 04:00PM,bit.ly/TKK607,607 Bukit Timah Road #02-01 S269708,607 Bukit Timah Road #02-01 S269708  (Video Guide: bit.ly/TKK607),S4/5 E Math,Open - Running,[S4/5 E Math] Tan Kah Kee | 16 Jun (Tue) | 02:00PM - 04:00PM,S4/5 E Math - Tan Kah Kee - 16 Jun Tue 02:00PM,[S4/5 E Math] Tan Kah Kee | 16 Jun (Tue) | 02:00PM - 04:00PM,0,,17,17,17 / 30,,17 |  | 30,0.00%,S4,Sec,SMath(EM),SMath(EM),SMath,Coro + TKK,Lisa,FALSE
Sec JunCC<>S2 2026<>Sec - LS Math<>Lisa<>Thursday<>Tan Kah Kee<>TKK-1<>14<>18 Jun<>2:00 pm<>,Sec JunCC,S2 2026,Sec - LS Math,Lisa,Thursday,Tan Kah Kee,TKK-1,14,18 Jun (Thu),2:00:00 PM,S2 Math,"Pythagoras' Theorem, Basic Trigonometry",6/18/2026,02:00PM - 04:00PM,bit.ly/TKK607,607 Bukit Timah Road #02-01 S269708,607 Bukit Timah Road #02-01 S269708  (Video Guide: bit.ly/TKK607),S2 Math,Open - Running,[S2 Math] Tan Kah Kee | 18 Jun (Thu) | 02:00PM - 04:00PM,S2 Math - Tan Kah Kee - 18 Jun Thu 02:00PM,[S2 Math] Tan Kah Kee | 18 Jun (Thu) | 02:00PM - 04:00PM,0,,7,7,7 / 14,,7 |  | 14,0.00%,S2,Sec,LSMath,LSMath,SMath,Coro + TKK,Lisa,FALSE
Sec JunCC<>S4 2026<>Sec - P Phy<>Nicholas<>Thursday<>Tan Kah Kee<>CORO-3<>15<>18 Jun<>7:00 pm<>,Sec JunCC,S4 2026,Sec - P Phy,Nicholas,Thursday,Tan Kah Kee,CORO-3,15,18 Jun (Thu),7:00:00 PM,S4/5 Pure Physics,Electromagnetism,6/18/2026,07:15PM - 09:15PM,bit.ly/zenithCORO,"587 Bukit Timah Rd, #01-05 Coronation Plaza (Beside KFC) S269707","587 Bukit Timah Rd, #01-05 Coronation Plaza (Beside KFC) S269707  (Video Guide: bit.ly/zenithCORO)",S4/5 Physics,Open - Running,[S4/5 Pure Physics] Tan Kah Kee | 18 Jun (Thu) | 07:15PM - 09:15PM,S4/5 Pure Physics - Tan Kah Kee - 18 Jun Thu 07:15PM,[S4/5 Pure Physics] Tan Kah Kee | 18 Jun (Thu) | 07:15PM - 09:15PM,0,,2,2,2 / 15,,2 |  | 15,0.00%,S4,Sec,SPhy(Pure),SPhy,SPhy,Coro + TKK,Nicholas,FALSE
Sec JunCC<>S3 2026<>Sec - P Chem<>Nicholas<>Saturday<>Tan Kah Kee<>TKK-1<>14<>20 Jun<>2:00 pm<>,Sec JunCC,S3 2026,Sec - P Chem,Nicholas,Saturday,Tan Kah Kee,TKK-1,14,20 Jun (Sat),2:00:00 PM,S3 Pure Chemistry,Mole Concept & Stoichiometry,6/20/2026,02:00PM - 04:00PM,bit.ly/TKK607,607 Bukit Timah Road #02-01 S269708,607 Bukit Timah Road #02-01 S269708  (Video Guide: bit.ly/TKK607),S3 Chemistry,Open - Running,[S3 Pure Chemistry] Tan Kah Kee | 20 Jun (Sat) | 02:00PM - 04:00PM,S3 Pure Chemistry - Tan Kah Kee - 20 Jun Sat 02:00PM,[S3 Pure Chemistry] Tan Kah Kee | 20 Jun (Sat) | 02:00PM - 04:00PM,0,,1,1,1 / 14,,1 |  | 14,0.00%,S3,Sec,SChem(Pure),SChem,SChem,Coro + TKK,Nicholas,FALSE
Sec JunCC<>S3 2026<>Sec - IP Math<>E-Lin<>Friday<>Tan Kah Kee<>TKK-2<>30<>19 Jun<>11:00 am<>,Sec JunCC,S3 2026,Sec - IP Math,E-Lin,Friday,Tan Kah Kee,TKK-2,30,19 Jun (Fri),11:00:00 AM,S3 IP Math,Logarithms,6/19/2026,11:15AM - 01:15PM,bit.ly/TKK607,607 Bukit Timah Road #02-01 S269708,607 Bukit Timah Road #02-01 S269708  (Video Guide: bit.ly/TKK607),S3 Math (IP),Open - Running,[S3 IP Math] Tan Kah Kee | 19 Jun (Fri) | 11:15AM - 01:15PM,S3 IP Math - Tan Kah Kee - 19 Jun Fri 11:15AM,[S3 IP Math] Tan Kah Kee | 19 Jun (Fri) | 11:15AM - 01:15PM,0,,5,5,5 / 30,,5 |  | 30,0.00%,S3,Sec,SMath(IP),SMath(IP),SMath,Coro + TKK,E-Lin,FALSE
Sec JunCC<>S2 2026<>Sec - IP Math<>E-Lin<>Friday<>Tan Kah Kee<>TKK-2<>30<>19 Jun<>2:00 pm<>,Sec JunCC,S2 2026,Sec - IP Math,E-Lin,Friday,Tan Kah Kee,TKK-2,30,19 Jun (Fri),2:00:00 PM,S2 IP Math,Congruency and Similarity,6/19/2026,02:00PM - 04:00PM,bit.ly/TKK607,607 Bukit Timah Road #02-01 S269708,607 Bukit Timah Road #02-01 S269708  (Video Guide: bit.ly/TKK607),S2 Math (IP),Open - Running,[S2 IP Math] Tan Kah Kee | 19 Jun (Fri) | 02:00PM - 04:00PM,S2 IP Math - Tan Kah Kee - 19 Jun Fri 02:00PM,[S2 IP Math] Tan Kah Kee | 19 Jun (Fri) | 02:00PM - 04:00PM,0,,6,6,6 / 30,,6 |  | 30,0.00%,S2,Sec,LSMath(IP),LSMath(IP),SMath,Coro + TKK,E-Lin,FALSE
Sec JunCC<>S3 2026<>Sec - AM<>Alicia<>Monday<>Potong Pasir<>PP-2 (L1)<>21<>15 Jun<>10:00 am<>,Sec JunCC,S3 2026,Sec - AM,Alicia,Monday,Potong Pasir,PP-2 (L1),21,15 Jun (Mon),10:00:00 AM,S3 A Math,Exponential & Logarithm Functions,6/15/2026,10:00AM - 12:00PM,bit.ly/zenithPP,25 Tai Thong Crescent (Beside 7-11) S347856,25 Tai Thong Crescent (Beside 7-11) S347856  (Video Guide: bit.ly/zenithPP),S3 A Math,Open - Running,[S3 A Math] Potong Pasir | 15 Jun (Mon) | 10:00AM - 12:00PM,S3 A Math - Potong Pasir - 15 Jun Mon 10:00AM,[S3 A Math] Potong Pasir | 15 Jun (Mon) | 10:00AM - 12:00PM,0,,3,3,3 / 21,,3 |  | 21,0.00%,S3,Sec,SMath(AM),SMath(AM),SMath,Potong Pasir,Alicia,FALSE
Sec JunCC<>S4 2026<>Sec - AM<>Alicia<>Monday<>Potong Pasir<>PP-2 (L1)<>21<>15 Jun<>1:00 pm<>,Sec JunCC,S4 2026,Sec - AM,Alicia,Monday,Potong Pasir,PP-2 (L1),21,15 Jun (Mon),1:00:00 PM,S4/5 A Math,Kinematics,6/15/2026,01:00PM - 03:00PM,bit.ly/zenithPP,25 Tai Thong Crescent (Beside 7-11) S347856,25 Tai Thong Crescent (Beside 7-11) S347856  (Video Guide: bit.ly/zenithPP),S4/5 A Math,Open - Running,[S4/5 A Math] Potong Pasir | 15 Jun (Mon) | 01:00PM - 03:00PM,S4/5 A Math - Potong Pasir - 15 Jun Mon 01:00PM,[S4/5 A Math] Potong Pasir | 15 Jun (Mon) | 01:00PM - 03:00PM,0,,1,1,1 / 21,,1 |  | 21,0.00%,S4,Sec,SMath(AM),SMath(AM),SMath,Potong Pasir,Alicia,FALSE
Sec JunCC<>S3 2026<>Sec - EM<>Alicia<>Wednesday<>Potong Pasir<>PP-2 (L1)<>21<>17 Jun<>10:00 am<>,Sec JunCC,S3 2026,Sec - EM,Alicia,Wednesday,Potong Pasir,PP-2 (L1),21,17 Jun (Wed),10:00:00 AM,S3 E Math,Properties of Circles,6/17/2026,10:00AM - 12:00PM,bit.ly/zenithPP,25 Tai Thong Crescent (Beside 7-11) S347856,25 Tai Thong Crescent (Beside 7-11) S347856  (Video Guide: bit.ly/zenithPP),S3 E Math,Open - Running,[S3 E Math] Potong Pasir | 17 Jun (Wed) | 10:00AM - 12:00PM,S3 E Math - Potong Pasir - 17 Jun Wed 10:00AM,[S3 E Math] Potong Pasir | 17 Jun (Wed) | 10:00AM - 12:00PM,0,,7,7,7 / 21,,7 |  | 21,0.00%,S3,Sec,SMath(EM),SMath(EM),SMath,Potong Pasir,Alicia,FALSE
Sec JunCC<>S4 2026<>Sec - EM<>Alicia<>Wednesday<>Potong Pasir<>PP-2 (L1)<>21<>17 Jun<>1:00 pm<>,Sec JunCC,S4 2026,Sec - EM,Alicia,Wednesday,Potong Pasir,PP-2 (L1),21,17 Jun (Wed),1:00:00 PM,S4/5 E Math,Vectors,6/17/2026,01:00PM - 03:00PM,bit.ly/zenithPP,25 Tai Thong Crescent (Beside 7-11) S347856,25 Tai Thong Crescent (Beside 7-11) S347856  (Video Guide: bit.ly/zenithPP),S4/5 E Math,Open - Running,[S4/5 E Math] Potong Pasir | 17 Jun (Wed) | 01:00PM - 03:00PM,S4/5 E Math - Potong Pasir - 17 Jun Wed 01:00PM,[S4/5 E Math] Potong Pasir | 17 Jun (Wed) | 01:00PM - 03:00PM,0,,5,5,5 / 21,,5 |  | 21,0.00%,S4,Sec,SMath(EM),SMath(EM),SMath,Potong Pasir,Alicia,FALSE
Sec JunCC<>S1 2026<>Sec - Eng<>Natalie<>Thursday<>Potong Pasir<>PP-2 (L1)<>21<>18 Jun<>10:00 am<>,Sec JunCC,S1 2026,Sec - Eng,Natalie,Thursday,Potong Pasir,PP-2 (L1),21,18 Jun (Thu),10:00:00 AM,S1 English,Narrative Comprehension,6/18/2026,10:00AM - 12:00PM,bit.ly/zenithPP,25 Tai Thong Crescent (Beside 7-11) S347856,25 Tai Thong Crescent (Beside 7-11) S347856  (Video Guide: bit.ly/zenithPP),S1 English,Open - Running,[S1 English] Potong Pasir | 18 Jun (Thu) | 10:00AM - 12:00PM,S1 English - Potong Pasir - 18 Jun Thu 10:00AM,[S1 English] Potong Pasir | 18 Jun (Thu) | 10:00AM - 12:00PM,0,,4,4,4 / 21,,4 |  | 21,0.00%,S1,Sec,LSEng,LSEng,SEng,Potong Pasir,Natalie,FALSE
Sec JunCC<>S3 2026<>Sec - Eng<>Natalie<>Monday<>Potong Pasir<>PP-1 (L1)<>18<>15 Jun<>1:00 pm<>,Sec JunCC,S3 2026,Sec - Eng,Natalie,Monday,Potong Pasir,PP-1 (L1),18,15 Jun (Mon),1:00:00 PM,S3 English,Narrative Comprehension,6/15/2026,01:00PM - 03:00PM,bit.ly/zenithPP,25 Tai Thong Crescent (Beside 7-11) S347856,25 Tai Thong Crescent (Beside 7-11) S347856  (Video Guide: bit.ly/zenithPP),S3 English,Open - Running,[S3 English] Potong Pasir | 15 Jun (Mon) | 01:00PM - 03:00PM,S3 English - Potong Pasir - 15 Jun Mon 01:00PM,[S3 English] Potong Pasir | 15 Jun (Mon) | 01:00PM - 03:00PM,0,,8,8,8 / 18,,8 |  | 18,0.00%,S3,Sec,SEng,SEng,SEng,Potong Pasir,Natalie,FALSE
Sec JunCC<>S3 2026<>SS - P Hist<>Evan<>Wednesday<>Potong Pasir<>PP-1 (L1)<>18<>17 Jun<>10:00 am<>,Sec JunCC,S3 2026,SS - P Hist,Evan,Wednesday,Potong Pasir,PP-1 (L1),18,17 Jun (Wed),10:00:00 AM,S3 Pure History,The Rise of Dictatorship: Germany,6/17/2026,10:00AM - 12:00PM,bit.ly/zenithPP,25 Tai Thong Crescent (Beside 7-11) S347856,25 Tai Thong Crescent (Beside 7-11) S347856  (Video Guide: bit.ly/zenithPP),S3 History,Open - Running,[S3 Pure History] Potong Pasir | 17 Jun (Wed) | 10:00AM - 12:00PM,S3 Pure History - Potong Pasir - 17 Jun Wed 10:00AM,[S3 Pure History] Potong Pasir | 17 Jun (Wed) | 10:00AM - 12:00PM,0,,0,0,0 / 18,,0 |  | 18,0.00%,S3,Sec,SHis(Pure),SHis,SHis,Potong Pasir,Evan,FALSE
Sec JunCC<>S4 2026<>SS - P Hist<>Evan<>Wednesday<>Potong Pasir<>PP-1 (L1)<>18<>17 Jun<>1:00 pm<>,Sec JunCC,S4 2026,SS - P Hist,Evan,Wednesday,Potong Pasir,PP-1 (L1),18,17 Jun (Wed),1:00:00 PM,S4 Pure History,The Rise of Militarist Japan,6/17/2026,01:00PM - 03:00PM,bit.ly/zenithPP,25 Tai Thong Crescent (Beside 7-11) S347856,25 Tai Thong Crescent (Beside 7-11) S347856  (Video Guide: bit.ly/zenithPP),S4 History,Open - Running,[S4 Pure History] Potong Pasir | 17 Jun (Wed) | 01:00PM - 03:00PM,S4 Pure History - Potong Pasir - 17 Jun Wed 01:00PM,[S4 Pure History] Potong Pasir | 17 Jun (Wed) | 01:00PM - 03:00PM,0,,4,4,4 / 18,,4 |  | 18,0.00%,S4,Sec,SHis(Pure),SHis,SHis,Potong Pasir,Evan,FALSE
Sec JunCC<>S4 2026<>SS - P Hist<>Evan<>Saturday<>Potong Pasir<>PP-5<>12<>20 Jun<>9:00 am<>,Sec JunCC,S4 2026,SS - P Hist,Evan,Saturday,Potong Pasir,PP-5,12,20 Jun (Sat),9:00:00 AM,S4 Pure History,The Rise of Militarist Japan,6/20/2026,09:00AM - 11:00AM,bit.ly/zenithPP,25 Tai Thong Crescent (Beside 7-11) S347856,25 Tai Thong Crescent (Beside 7-11) S347856  (Video Guide: bit.ly/zenithPP),S4 History,Open - Running,[S4 Pure History] Potong Pasir | 20 Jun (Sat) | 09:00AM - 11:00AM,S4 Pure History - Potong Pasir - 20 Jun Sat 09:00AM,[S4 Pure History] Potong Pasir | 20 Jun (Sat) | 09:00AM - 11:00AM,0,,0,0,0 / 12,,0 |  | 12,0.00%,S4,Sec,SHis(Pure),SHis,SHis,Potong Pasir,Evan,FALSE
Sec JunCC<>S4 2026<>SS - C Hist<>Evan<>Saturday<>Potong Pasir<>PP-5<>12<>20 Jun<>11:00 am<>,Sec JunCC,S4 2026,SS - C Hist,Evan,Saturday,Potong Pasir,PP-5,12,20 Jun (Sat),11:00:00 AM,S4 Combined History,The Rise of Militarist Japan,6/20/2026,11:15AM - 01:15PM,bit.ly/zenithPP,25 Tai Thong Crescent (Beside 7-11) S347856,25 Tai Thong Crescent (Beside 7-11) S347856  (Video Guide: bit.ly/zenithPP),S4 History,Open - Running,[S4 Combined History] Potong Pasir | 20 Jun (Sat) | 11:15AM - 01:15PM,S4 Combined History - Potong Pasir - 20 Jun Sat 11:15AM,[S4 Combined History] Potong Pasir | 20 Jun (Sat) | 11:15AM - 01:15PM,0,,2,2,2 / 12,,2 |  | 12,0.00%,S4,Sec,SHis(Comb),SHis,SHis,Potong Pasir,Evan,FALSE
Sec JunCC<>S3 2026<>SS - P Hist<>Evan<>Saturday<>Potong Pasir<>PP-5<>12<>20 Jun<>2:00 pm<>,Sec JunCC,S3 2026,SS - P Hist,Evan,Saturday,Potong Pasir,PP-5,12,20 Jun (Sat),2:00:00 PM,S3 Pure History,The Rise of Dictatorship: Germany,6/20/2026,02:00PM - 04:00PM,bit.ly/zenithPP,25 Tai Thong Crescent (Beside 7-11) S347856,25 Tai Thong Crescent (Beside 7-11) S347856  (Video Guide: bit.ly/zenithPP),S3 History,Open - Running,[S3 Pure History] Potong Pasir | 20 Jun (Sat) | 02:00PM - 04:00PM,S3 Pure History - Potong Pasir - 20 Jun Sat 02:00PM,[S3 Pure History] Potong Pasir | 20 Jun (Sat) | 02:00PM - 04:00PM,0,,0,0,0 / 12,,0 |  | 12,0.00%,S3,Sec,SHis(Pure),SHis,SHis,Potong Pasir,Evan,FALSE
Sec JunCC<>S4 2026<>SS - C Hist<>Evan<>Wednesday<>Potong Pasir<>PP-7<>16<>17 Jun<>5:00 pm<>,Sec JunCC,S4 2026,SS - C Hist,Evan,Wednesday,Potong Pasir,PP-7,16,17 Jun (Wed),5:00:00 PM,S4 Combined History,The Rise of Militarist Japan,6/17/2026,05:00PM - 07:00PM,bit.ly/zenithPP,25 Tai Thong Crescent (Beside 7-11) S347856,25 Tai Thong Crescent (Beside 7-11) S347856  (Video Guide: bit.ly/zenithPP),S4 History,Open - Running,[S4 Combined History] Potong Pasir | 17 Jun (Wed) | 05:00PM - 07:00PM,S4 Combined History - Potong Pasir - 17 Jun Wed 05:00PM,[S4 Combined History] Potong Pasir | 17 Jun (Wed) | 05:00PM - 07:00PM,0,,2,2,2 / 16,,2 |  | 16,0.00%,S4,Sec,SHis(Comb),SHis,SHis,Potong Pasir,Evan,FALSE
Sec JunCC<>S3 2026<>SS - P Hist<>Evan<>Wednesday<>Potong Pasir<>PP-7<>16<>17 Jun<>7:00 pm<>,Sec JunCC,S3 2026,SS - P Hist,Evan,Wednesday,Potong Pasir,PP-7,16,17 Jun (Wed),7:00:00 PM,S3 Pure History,The Rise of Dictatorship: Germany,6/17/2026,07:15PM - 09:15PM,bit.ly/zenithPP,25 Tai Thong Crescent (Beside 7-11) S347856,25 Tai Thong Crescent (Beside 7-11) S347856  (Video Guide: bit.ly/zenithPP),S3 History,Open - Running,[S3 Pure History] Potong Pasir | 17 Jun (Wed) | 07:15PM - 09:15PM,S3 Pure History - Potong Pasir - 17 Jun Wed 07:15PM,[S3 Pure History] Potong Pasir | 17 Jun (Wed) | 07:15PM - 09:15PM,0,,0,0,0 / 16,,0 |  | 16,0.00%,S3,Sec,SHis(Pure),SHis,SHis,Potong Pasir,Evan,FALSE
Sec JunCC<>S4 2026<>Sec - P Phy<>Nick<>Tuesday<>Paya Lebar<>KINEX-4<>30<>16 Jun<>10:00 am<>,Sec JunCC,S4 2026,Sec - P Phy,Nick,Tuesday,Paya Lebar,KINEX-4,30,16 Jun (Tue),10:00:00 AM,S4/5 Pure Physics,Electromagnetism,6/16/2026,10:00AM - 12:00PM,bit.ly/zenithKINEX,11 Tanjong Katong Rd #02-09 (KINEX Mall) S437157,11 Tanjong Katong Rd #02-09 (KINEX Mall) S437157  (Video Guide: bit.ly/zenithKINEX),S4/5 Physics,Closed - Running,,S4/5 Pure Physics - Paya Lebar - 16 Jun Tue 10:00AM,[S4/5 Pure Physics] Paya Lebar | 16 Jun (Tue) | 10:00AM - 12:00PM,0,,33,33,33 / 30,,33 |  | 30,0.00%,S4,Sec,SPhy(Pure),SPhy,SPhy,Kinex,Nick,TRUE
Sec JunCC<>S3 2026<>Sec - P Phy<>Nick<>Tuesday<>Paya Lebar<>KINEX-1<>24<>16 Jun<>1:00 pm<>,Sec JunCC,S3 2026,Sec - P Phy,Nick,Tuesday,Paya Lebar,KINEX-1,24,16 Jun (Tue),1:00:00 PM,S3 Pure Physics,Energy,6/16/2026,01:00PM - 03:00PM,bit.ly/zenithKINEX,11 Tanjong Katong Rd #02-09 (KINEX Mall) S437157,11 Tanjong Katong Rd #02-09 (KINEX Mall) S437157  (Video Guide: bit.ly/zenithKINEX),S3 Physics,Open - Running,[S3 Pure Physics] Paya Lebar | 16 Jun (Tue) | 01:00PM - 03:00PM,S3 Pure Physics - Paya Lebar - 16 Jun Tue 01:00PM,[S3 Pure Physics] Paya Lebar | 16 Jun (Tue) | 01:00PM - 03:00PM,0,,0,0,0 / 24,,0 |  | 24,0.00%,S3,Sec,SPhy(Pure),SPhy,SPhy,Kinex,Nick,FALSE
Sec JunCC<>S4 2026<>Sec - AM<>Keith<>Wednesday<>Paya Lebar<>KINEX-5<>22<>17 Jun<>3:00 pm<>,Sec JunCC,S4 2026,Sec - AM,Keith,Wednesday,Paya Lebar,KINEX-5,22,17 Jun (Wed),3:00:00 PM,S4/5 A Math,Kinematics,6/17/2026,03:00PM - 05:00PM,bit.ly/zenithKINEX,11 Tanjong Katong Rd #02-09 (KINEX Mall) S437157,11 Tanjong Katong Rd #02-09 (KINEX Mall) S437157  (Video Guide: bit.ly/zenithKINEX),S4/5 A Math,Open - Running,[S4/5 A Math] Paya Lebar | 17 Jun (Wed) | 03:00PM - 05:00PM,S4/5 A Math - Paya Lebar - 17 Jun Wed 03:00PM,[S4/5 A Math] Paya Lebar | 17 Jun (Wed) | 03:00PM - 05:00PM,0,,4,4,4 / 22,,4 |  | 22,0.00%,S4,Sec,SMath(AM),SMath(AM),SMath,Kinex,Keith,FALSE
Sec JunCC<>S3 2026<>SS - P Hist<>Evan<>Friday<>Tampines<>TP-1 (main)<>28<>19 Jun<>5:00 pm<>,Sec JunCC,S3 2026,SS - P Hist,Evan,Friday,Tampines,TP-1 (main),28,19 Jun (Fri),5:00:00 PM,S3 Pure History,The Rise of Dictatorship: Germany,6/19/2026,05:00PM - 07:00PM,bit.ly/zenithTP,1 Tampines Central #08-10 (CPF Building) SS529508,1 Tampines Central #08-10 (CPF Building) SS529508  (Video Guide: bit.ly/zenithTP),S3 History,Open - Running,[S3 Pure History] Tampines | 19 Jun (Fri) | 05:00PM - 07:00PM,S3 Pure History - Tampines - 19 Jun Fri 05:00PM,[S3 Pure History] Tampines | 19 Jun (Fri) | 05:00PM - 07:00PM,0,,2,2,2 / 28,,2 |  | 28,0.00%,S3,Sec,SHis(Pure),SHis,SHis,Tampines,Evan,FALSE
Sec JunCC<>S4 2026<>SS - C Hist<>Evan<>Friday<>Tampines<>TP-1 (main)<>28<>19 Jun<>7:00 pm<>,Sec JunCC,S4 2026,SS - C Hist,Evan,Friday,Tampines,TP-1 (main),28,19 Jun (Fri),7:00:00 PM,S4 Combined History,The Rise of Militarist Japan,6/19/2026,07:15PM - 09:15PM,bit.ly/zenithTP,1 Tampines Central #08-10 (CPF Building) SS529508,1 Tampines Central #08-10 (CPF Building) SS529508  (Video Guide: bit.ly/zenithTP),S4 History,Open - Running,[S4 Combined History] Tampines | 19 Jun (Fri) | 07:15PM - 09:15PM,S4 Combined History - Tampines - 19 Jun Fri 07:15PM,[S4 Combined History] Tampines | 19 Jun (Fri) | 07:15PM - 09:15PM,0,,16,16,16 / 28,,16 |  | 28,0.00%,S4,Sec,SHis(Comb),SHis,SHis,Tampines,Evan,FALSE
Sec JunCC<>S2 2026<>Sec - LS Math<>Kason<>Wednesday<>Tampines<>TP-3 (main)<>20<>17 Jun<>9:00 am<>,Sec JunCC,S2 2026,Sec - LS Math,Kason,Wednesday,Tampines,TP-3 (main),20,17 Jun (Wed),9:00:00 AM,S2 Math,"Pythagoras' Theorem, Basic Trigonometry",6/17/2026,09:00AM - 11:00AM,bit.ly/zenithTP,1 Tampines Central #08-10 (CPF Building) SS529508,1 Tampines Central #08-10 (CPF Building) SS529508  (Video Guide: bit.ly/zenithTP),S2 Math,Closed - Running,,S2 Math - Tampines - 17 Jun Wed 09:00AM,[S2 Math] Tampines | 17 Jun (Wed) | 09:00AM - 11:00AM,0,,2,2,2 / 20,,2 |  | 20,0.00%,S2,Sec,LSMath,LSMath,SMath,Tampines,Kason,FALSE
Sec JunCC<>S1 2026<>Sec - Eng<>Natalie<>Friday<>Tampines<>TP-3 (main)<>20<>19 Jun<>1:00 pm<>,Sec JunCC,S1 2026,Sec - Eng,Natalie,Friday,Tampines,TP-3 (main),20,19 Jun (Fri),1:00:00 PM,S1 English,Narrative Comprehension,6/19/2026,01:00PM - 03:00PM,bit.ly/zenithTP,1 Tampines Central #08-10 (CPF Building) SS529508,1 Tampines Central #08-10 (CPF Building) SS529508  (Video Guide: bit.ly/zenithTP),S1 English,Open - Running,[S1 English] Tampines | 19 Jun (Fri) | 01:00PM - 03:00PM,S1 English - Tampines - 19 Jun Fri 01:00PM,[S1 English] Tampines | 19 Jun (Fri) | 01:00PM - 03:00PM,0,,9,9,9 / 20,,9 |  | 20,0.00%,S1,Sec,LSEng,LSEng,SEng,Tampines,Natalie,FALSE
Sec JunCC<>S3 2026<>Sec - Eng<>Natalie<>Tuesday<>Tampines<>TP-4 (ext)<>35<>16 Jun<>10:00 am<>,Sec JunCC,S3 2026,Sec - Eng,Natalie,Tuesday,Tampines,TP-4 (ext),35,16 Jun (Tue),10:00:00 AM,S3 English,Narrative Comprehension,6/16/2026,10:00AM - 12:00PM,bit.ly/zenithTP,1 Tampines Central #08-10 (CPF Building) SS529508,1 Tampines Central #08-10 (CPF Building) SS529508  (Video Guide: bit.ly/zenithTP),S3 English,Open - Running,[S3 English] Tampines | 16 Jun (Tue) | 10:00AM - 12:00PM,S3 English - Tampines - 16 Jun Tue 10:00AM,[S3 English] Tampines | 16 Jun (Tue) | 10:00AM - 12:00PM,0,,18,18,18 / 35,,18 |  | 35,0.00%,S3,Sec,SEng,SEng,SEng,Tampines,Natalie,FALSE
Sec JunCC<>S4 2026<>Sec - AM<>Kason<>Tuesday<>Tampines<>TP-5 (LT) (ext)<>50<>16 Jun<>3:00 pm<>,Sec JunCC,S4 2026,Sec - AM,Kason,Tuesday,Tampines,TP-5 (LT) (ext),50,16 Jun (Tue),3:00:00 PM,S4/5 A Math,Kinematics,6/16/2026,03:00PM - 05:00PM,bit.ly/zenithTP,1 Tampines Central #08-10 (CPF Building) SS529508,1 Tampines Central #08-10 (CPF Building) SS529508  (Video Guide: bit.ly/zenithTP),S4/5 A Math,Open - Running,[S4/5 A Math] Tampines | 16 Jun (Tue) | 03:00PM - 05:00PM,S4/5 A Math - Tampines - 16 Jun Tue 03:00PM,[S4/5 A Math] Tampines | 16 Jun (Tue) | 03:00PM - 05:00PM,0,,7,7,7 / 50,,7 |  | 50,0.00%,S4,Sec,SMath(AM),SMath(AM),SMath,Tampines,Kason,FALSE
Sec JunCC<>S3 2026<>Sec - AM<>Andrik<>Tuesday<>Tampines<>TP-6 (ext)<>25<>16 Jun<>3:00 pm<>,Sec JunCC,S3 2026,Sec - AM,Andrik,Tuesday,Tampines,TP-6 (ext),25,16 Jun (Tue),3:00:00 PM,S3 A Math,Exponential & Logarithm Functions,6/16/2026,03:00PM - 05:00PM,bit.ly/zenithTP,1 Tampines Central #08-10 (CPF Building) SS529508,1 Tampines Central #08-10 (CPF Building) SS529508  (Video Guide: bit.ly/zenithTP),S3 A Math,Open - Running,[S3 A Math] Tampines | 16 Jun (Tue) | 03:00PM - 05:00PM,S3 A Math - Tampines - 16 Jun Tue 03:00PM,[S3 A Math] Tampines | 16 Jun (Tue) | 03:00PM - 05:00PM,0,,9,9,9 / 25,,9 |  | 25,0.00%,S3,Sec,SMath(AM),SMath(AM),SMath,Tampines,Andrik,FALSE
Sec JunCC<>S2 2026<>Sec - LS Math<>Andrik<>Wednesday<>Tampines<>TP-6 (ext)<>25<>17 Jun<>10:00 am<>,Sec JunCC,S2 2026,Sec - LS Math,Andrik,Wednesday,Tampines,TP-6 (ext),25,17 Jun (Wed),10:00:00 AM,S2 Math,"Pythagoras' Theorem, Basic Trigonometry",6/17/2026,10:00AM - 12:00PM,bit.ly/zenithTP,1 Tampines Central #08-10 (CPF Building) SS529508,1 Tampines Central #08-10 (CPF Building) SS529508  (Video Guide: bit.ly/zenithTP),S2 Math,Open - Running,[S2 Math] Tampines | 17 Jun (Wed) | 10:00AM - 12:00PM,S2 Math - Tampines - 17 Jun Wed 10:00AM,[S2 Math] Tampines | 17 Jun (Wed) | 10:00AM - 12:00PM,0,,5,5,5 / 25,,5 |  | 25,0.00%,S2,Sec,LSMath,LSMath,SMath,Tampines,Andrik,FALSE
Sec JunCC<>S1 2026<>Sec - LS Math<>Andrik<>Wednesday<>Tampines<>TP-6 (ext)<>25<>17 Jun<>1:00 pm<>,Sec JunCC,S1 2026,Sec - LS Math,Andrik,Wednesday,Tampines,TP-6 (ext),25,17 Jun (Wed),1:00:00 PM,S1 Math,"Percentage & Ratio, Algebra Revision",6/17/2026,01:00PM - 03:00PM,bit.ly/zenithTP,1 Tampines Central #08-10 (CPF Building) SS529508,1 Tampines Central #08-10 (CPF Building) SS529508  (Video Guide: bit.ly/zenithTP),S1 Math,Open - Running,[S1 Math] Tampines | 17 Jun (Wed) | 01:00PM - 03:00PM,S1 Math - Tampines - 17 Jun Wed 01:00PM,[S1 Math] Tampines | 17 Jun (Wed) | 01:00PM - 03:00PM,0,,11,11,11 / 25,,11 |  | 25,0.00%,S1,Sec,LSMath,LSMath,SMath,Tampines,Andrik,FALSE
Sec JunCC<>S3 2026<>Sec - EM<>Kason<>Tuesday<>Tampines<>TP-7 (main)<>10<>16 Jun<>5:00 pm<>,Sec JunCC,S3 2026,Sec - EM,Kason,Tuesday,Tampines,TP-7 (main),10,16 Jun (Tue),5:00:00 PM,S3 E Math,Properties of Circles,6/16/2026,05:00PM - 07:00PM,bit.ly/zenithTP,1 Tampines Central #08-10 (CPF Building) SS529508,1 Tampines Central #08-10 (CPF Building) SS529508  (Video Guide: bit.ly/zenithTP),S3 E Math,Closed - Running,,S3 E Math - Tampines - 16 Jun Tue 05:00PM,[S3 E Math] Tampines | 16 Jun (Tue) | 05:00PM - 07:00PM,0,,13,13,13 / 10,,13 |  | 10,0.00%,S3,Sec,SMath(EM),SMath(EM),SMath,Tampines,Kason,TRUE
Sec JunCC<>S1 2026<>Sec - LS Science<>Beckham<>Wednesday<>Tampines<>TP-2 (main)<>22<>17 Jun<>10:00 am<>,Sec JunCC,S1 2026,Sec - LS Science,Beckham,Wednesday,Tampines,TP-2 (main),22,17 Jun (Wed),10:00:00 AM,S1 Science,Ray Model of Light,6/17/2026,10:00AM - 12:00PM,bit.ly/zenithTP,1 Tampines Central #08-10 (CPF Building) SS529508,1 Tampines Central #08-10 (CPF Building) SS529508  (Video Guide: bit.ly/zenithTP),S1 Science,Open - Running,[S1 Science] Tampines | 17 Jun (Wed) | 10:00AM - 12:00PM,S1 Science - Tampines - 17 Jun Wed 10:00AM,[S1 Science] Tampines | 17 Jun (Wed) | 10:00AM - 12:00PM,0,,15,15,15 / 22,,15 |  | 22,0.00%,S1,Sec,LSScience,LSScience,LSScience,Tampines,Beckham,FALSE
Sec JunCC<>S2 2026<>Sec - LS Science<>Beckham<>Wednesday<>Tampines<>TP-1 (main)<>28<>17 Jun<>1:00 pm<>,Sec JunCC,S2 2026,Sec - LS Science,Beckham,Wednesday,Tampines,TP-1 (main),28,17 Jun (Wed),1:00:00 PM,S2 Science,Electrical Systems,6/17/2026,01:00PM - 03:00PM,bit.ly/zenithTP,1 Tampines Central #08-10 (CPF Building) SS529508,1 Tampines Central #08-10 (CPF Building) SS529508  (Video Guide: bit.ly/zenithTP),S2 Science,Open - Running,[S2 Science] Tampines | 17 Jun (Wed) | 01:00PM - 03:00PM,S2 Science - Tampines - 17 Jun Wed 01:00PM,[S2 Science] Tampines | 17 Jun (Wed) | 01:00PM - 03:00PM,0,,23,23,23 / 28,,23 |  | 28,0.00%,S2,Sec,LSScience,LSScience,LSScience,Tampines,Beckham,FALSE
Sec JunCC<>S3 2026<>Sec - P Chem<>Jia Yi<>Monday<>Bishan<>BS-1<>24<>15 Jun<>10:00 am<>,Sec JunCC,S3 2026,Sec - P Chem,Jia Yi,Monday,Bishan,BS-1,24,15 Jun (Mon),10:00:00 AM,S3 Pure Chemistry,Mole Concept & Stoichiometry,6/15/2026,10:00AM - 12:00PM,bit.ly/zenithBISHAN,51 Bishan Street 13 #03-01 (Bishan CC) S579799,51 Bishan Street 13 #03-01 (Bishan CC) S579799  (Video Guide: bit.ly/zenithBISHAN),S3 Chemistry,Open - Running,[S3 Pure Chemistry] Bishan | 15 Jun (Mon) | 10:00AM - 12:00PM,S3 Pure Chemistry - Bishan - 15 Jun Mon 10:00AM,[S3 Pure Chemistry] Bishan | 15 Jun (Mon) | 10:00AM - 12:00PM,0,,0,0,0 / 24,,0 |  | 24,0.00%,S3,Sec,SChem(Pure),SChem,SChem,Bishan CC,Jia Yi,FALSE
Sec JunCC<>S4 2026<>Sec - P Chem<>Jia Yi<>Monday<>Bishan<>BS-2<>31<>15 Jun<>1:00 pm<>,Sec JunCC,S4 2026,Sec - P Chem,Jia Yi,Monday,Bishan,BS-2,31,15 Jun (Mon),1:00:00 PM,S4/5 Pure Chemistry,Electrochemistry,6/15/2026,01:00PM - 03:00PM,bit.ly/zenithBISHAN,51 Bishan Street 13 #03-01 (Bishan CC) S579799,51 Bishan Street 13 #03-01 (Bishan CC) S579799  (Video Guide: bit.ly/zenithBISHAN),S4/5 Chemistry,Closed - Running,,S4/5 Pure Chemistry - Bishan - 15 Jun Mon 01:00PM,[S4/5 Pure Chemistry] Bishan | 15 Jun (Mon) | 01:00PM - 03:00PM,0,,36,36,36 / 31,,36 |  | 31,0.00%,S4,Sec,SChem(Pure),SChem,SChem,Bishan CC,Jia Yi,FALSE
Sec JunCC<>S4 2026<>Sec - IP Eng<>Antonia<>Friday<>Bishan<>BS-1<>24<>19 Jun<>1:00 pm<>,Sec JunCC,S4 2026,Sec - IP Eng,Antonia,Friday,Bishan,BS-1,24,19 Jun (Fri),1:00:00 PM,S4 IP English,Argumentative Essay,6/19/2026,01:00PM - 03:00PM,bit.ly/zenithBISHAN,51 Bishan Street 13 #03-01 (Bishan CC) S579799,51 Bishan Street 13 #03-01 (Bishan CC) S579799  (Video Guide: bit.ly/zenithBISHAN),S4 English (IP),Open - Running,[S4 IP English] Bishan | 19 Jun (Fri) | 01:00PM - 03:00PM,S4 IP English - Bishan - 19 Jun Fri 01:00PM,[S4 IP English] Bishan | 19 Jun (Fri) | 01:00PM - 03:00PM,0,,2,2,2 / 24,,2 |  | 24,0.00%,S4,Sec,SEng(IP),SEng(IP),SEng,Bishan CC,Antonia,FALSE
Sec JunCC<>S3 2026<>SS - C Hist<>Evan<>Monday<>Bishan<>BS-2<>31<>15 Jun<>10:00 am<>,Sec JunCC,S3 2026,SS - C Hist,Evan,Monday,Bishan,BS-2,31,15 Jun (Mon),10:00:00 AM,S3 Combined History,The Rise of Dictatorship: Germany,6/15/2026,10:00AM - 12:00PM,bit.ly/zenithBISHAN,51 Bishan Street 13 #03-01 (Bishan CC) S579799,51 Bishan Street 13 #03-01 (Bishan CC) S579799  (Video Guide: bit.ly/zenithBISHAN),S3 History,Open - Running,[S3 Combined History] Bishan | 15 Jun (Mon) | 10:00AM - 12:00PM,S3 Combined History - Bishan - 15 Jun Mon 10:00AM,[S3 Combined History] Bishan | 15 Jun (Mon) | 10:00AM - 12:00PM,0,,1,1,1 / 31,,1 |  | 31,0.00%,S3,Sec,SHis(Comb),SHis,SHis,Bishan CC,Evan,FALSE
Sec JunCC<>S4 2026<>SS - C Hist<>Evan<>Monday<>Bishan<>BS-1<>24<>15 Jun<>1:00 pm<>,Sec JunCC,S4 2026,SS - C Hist,Evan,Monday,Bishan,BS-1,24,15 Jun (Mon),1:00:00 PM,S4 Combined History,The Rise of Militarist Japan,6/15/2026,01:00PM - 03:00PM,bit.ly/zenithBISHAN,51 Bishan Street 13 #03-01 (Bishan CC) S579799,51 Bishan Street 13 #03-01 (Bishan CC) S579799  (Video Guide: bit.ly/zenithBISHAN),S4 History,Open - Running,[S4 Combined History] Bishan | 15 Jun (Mon) | 01:00PM - 03:00PM,S4 Combined History - Bishan - 15 Jun Mon 01:00PM,[S4 Combined History] Bishan | 15 Jun (Mon) | 01:00PM - 03:00PM,0,,15,15,15 / 24,,15 |  | 24,0.00%,S4,Sec,SHis(Comb),SHis,SHis,Bishan CC,Evan,FALSE
Sec JunCC<>S3 2026<>SS - C Hist<>Evan<>Monday<>Bishan<>BS-2<>31<>15 Jun<>5:00 pm<>,Sec JunCC,S3 2026,SS - C Hist,Evan,Monday,Bishan,BS-2,31,15 Jun (Mon),5:00:00 PM,S3 Combined History,The Rise of Dictatorship: Germany,6/15/2026,05:00PM - 07:00PM,bit.ly/zenithBISHAN,51 Bishan Street 13 #03-01 (Bishan CC) S579799,51 Bishan Street 13 #03-01 (Bishan CC) S579799  (Video Guide: bit.ly/zenithBISHAN),S3 History,Open - Running,[S3 Combined History] Bishan | 15 Jun (Mon) | 05:00PM - 07:00PM,S3 Combined History - Bishan - 15 Jun Mon 05:00PM,[S3 Combined History] Bishan | 15 Jun (Mon) | 05:00PM - 07:00PM,0,,3,3,3 / 31,,3 |  | 31,0.00%,S3,Sec,SHis(Comb),SHis,SHis,Bishan CC,Evan,FALSE
Sec JunCC<>S4 2026<>SS - C Hist<>Evan<>Monday<>Bishan<>BS-2<>31<>15 Jun<>7:00 pm<>,Sec JunCC,S4 2026,SS - C Hist,Evan,Monday,Bishan,BS-2,31,15 Jun (Mon),7:00:00 PM,S4 Combined History,The Rise of Militarist Japan,6/15/2026,07:15PM - 09:15PM,bit.ly/zenithBISHAN,51 Bishan Street 13 #03-01 (Bishan CC) S579799,51 Bishan Street 13 #03-01 (Bishan CC) S579799  (Video Guide: bit.ly/zenithBISHAN),S4 History,Open - Running,[S4 Combined History] Bishan | 15 Jun (Mon) | 07:15PM - 09:15PM,S4 Combined History - Bishan - 15 Jun Mon 07:15PM,[S4 Combined History] Bishan | 15 Jun (Mon) | 07:15PM - 09:15PM,0,,3,3,3 / 31,,3 |  | 31,0.00%,S4,Sec,SHis(Comb),SHis,SHis,Bishan CC,Evan,FALSE
Sec JunCC<>S3 2026<>Sec - IP Eng<>Antonia<>Saturday<>Bishan<>BS-3<>15<>20 Jun<>2:00 pm<>,Sec JunCC,S3 2026,Sec - IP Eng,Antonia,Saturday,Bishan,BS-3,15,20 Jun (Sat),2:00:00 PM,S3 IP English,Expository Comprehension,6/20/2026,02:00PM - 04:00PM,bit.ly/zenithBISHAN,51 Bishan Street 13 #03-01 (Bishan CC) S579799,51 Bishan Street 13 #03-01 (Bishan CC) S579799  (Video Guide: bit.ly/zenithBISHAN),S3 English (IP),Open - Running,[S3 IP English] Bishan | 20 Jun (Sat) | 02:00PM - 04:00PM,S3 IP English - Bishan - 20 Jun Sat 02:00PM,[S3 IP English] Bishan | 20 Jun (Sat) | 02:00PM - 04:00PM,0,,1,1,1 / 15,,1 |  | 15,0.00%,S3,Sec,SEng(IP),SEng(IP),SEng,Bishan CC,Antonia,FALSE
Sec JunCC<>S3 2026<>Sec - P Phy<>Jael<>Tuesday<>Bishan<>BS-4<>15<>16 Jun<>1:00 pm<>,Sec JunCC,S3 2026,Sec - P Phy,Jael,Tuesday,Bishan,BS-4,15,16 Jun (Tue),1:00:00 PM,S3 Pure Physics,Energy,6/16/2026,01:00PM - 03:00PM,bit.ly/zenithBISHAN,51 Bishan Street 13 #03-01 (Bishan CC) S579799,51 Bishan Street 13 #03-01 (Bishan CC) S579799  (Video Guide: bit.ly/zenithBISHAN),S3 Physics,Open - Running,[S3 Pure Physics] Bishan | 16 Jun (Tue) | 01:00PM - 03:00PM,S3 Pure Physics - Bishan - 16 Jun Tue 01:00PM,[S3 Pure Physics] Bishan | 16 Jun (Tue) | 01:00PM - 03:00PM,0,,1,1,1 / 15,,1 |  | 15,0.00%,S3,Sec,SPhy(Pure),SPhy,SPhy,Bishan CC,Jael,FALSE
Sec JunCC<>S1 2026<>Sec - IP Eng<>Antonia<>Saturday<>Bishan<>BS-4<>15<>20 Jun<>9:00 am<>,Sec JunCC,S1 2026,Sec - IP Eng,Antonia,Saturday,Bishan,BS-4,15,20 Jun (Sat),9:00:00 AM,S1 IP English,Introduction to Literature,6/20/2026,09:00AM - 11:00AM,bit.ly/zenithBISHAN,51 Bishan Street 13 #03-01 (Bishan CC) S579799,51 Bishan Street 13 #03-01 (Bishan CC) S579799  (Video Guide: bit.ly/zenithBISHAN),S1 English (IP),Closed - Not running,,S1 IP English - Bishan - 20 Jun Sat 09:00AM,[S1 IP English] Bishan | 20 Jun (Sat) | 09:00AM - 11:00AM,0,,0,0,0 / 15,,0 |  | 15,0.00%,S1,Sec,LSEng(IP),LSEng(IP),SEng,Bishan CC,Antonia,FALSE
Sec JunCC<>S2 2026<>Sec - IP Eng<>Antonia<>Saturday<>Bishan<>BS-4<>15<>20 Jun<>11:00 am<>,Sec JunCC,S2 2026,Sec - IP Eng,Antonia,Saturday,Bishan,BS-4,15,20 Jun (Sat),11:00:00 AM,S2 IP English,Summary Writing,6/20/2026,11:15AM - 01:15PM,bit.ly/zenithBISHAN,51 Bishan Street 13 #03-01 (Bishan CC) S579799,51 Bishan Street 13 #03-01 (Bishan CC) S579799  (Video Guide: bit.ly/zenithBISHAN),S2 English (IP),Closed - Not running,,S2 IP English - Bishan - 20 Jun Sat 11:15AM,[S2 IP English] Bishan | 20 Jun (Sat) | 11:15AM - 01:15PM,0,,0,0,0 / 15,,0 |  | 15,0.00%,S2,Sec,LSEng(IP),LSEng(IP),SEng,Bishan CC,Antonia,FALSE
Sec JunCC<>S4 2026<>Sec - C Chem<>Shandace<>Friday<>Bishan<>BS-6<>18<>19 Jun<>7:00 pm<>,Sec JunCC,S4 2026,Sec - C Chem,Shandace,Friday,Bishan,BS-6,18,19 Jun (Fri),7:00:00 PM,S4/5 Combined Chemistry,Mole Concept & Stoichiometry,6/19/2026,07:15PM - 09:15PM,bit.ly/zenithBISHAN,51 Bishan Street 13 #03-01 (Bishan CC) S579799,51 Bishan Street 13 #03-01 (Bishan CC) S579799  (Video Guide: bit.ly/zenithBISHAN),S4/5 Chemistry,Open - Running,[S4/5 Combined Chemistry] Bishan | 19 Jun (Fri) | 07:15PM - 09:15PM,S4/5 Combined Chemistry - Bishan - 19 Jun Fri 07:15PM,[S4/5 Combined Chemistry] Bishan | 19 Jun (Fri) | 07:15PM - 09:15PM,0,,3,3,3 / 18,,3 |  | 18,0.00%,S4,Sec,SChem(Comb),SChem,SChem,Bishan CC,Shandace,FALSE
Sec JunCC<>S3 2026<>Sec - EM<>Xav<>Saturday<>Bishan<>BS-7<>9<>20 Jun<>7:00 pm<>,Sec JunCC,S3 2026,Sec - EM,Xav,Saturday,Bishan,BS-7,9,20 Jun (Sat),7:00:00 PM,S3 E Math,Properties of Circles,6/20/2026,07:15PM - 09:15PM,bit.ly/zenithBISHAN,51 Bishan Street 13 #03-01 (Bishan CC) S579799,51 Bishan Street 13 #03-01 (Bishan CC) S579799  (Video Guide: bit.ly/zenithBISHAN),S3 E Math,Open - Running,[S3 E Math] Bishan | 20 Jun (Sat) | 07:15PM - 09:15PM,S3 E Math - Bishan - 20 Jun Sat 07:15PM,[S3 E Math] Bishan | 20 Jun (Sat) | 07:15PM - 09:15PM,0,,3,3,3 / 9,,3 |  | 9,0.00%,S3,Sec,SMath(EM),SMath(EM),SMath,Bishan CC,Xav,FALSE
Sec JunCC<>S4 2026<>Sec - AM<>Keith<>Tuesday<>Bukit Panjang<>BP-2<>12<>16 Jun<>3:00 pm<>,Sec JunCC,S4 2026,Sec - AM,Keith,Tuesday,Bukit Panjang,BP-2,12,16 Jun (Tue),3:00:00 PM,S4/5 A Math,Kinematics,6/16/2026,03:00PM - 05:00PM,bit.ly/zenithBP,1 Woodlands Road #01-10 (Junction10) S677899,1 Woodlands Road #01-10 (Junction10) S677899  (Video Guide: bit.ly/zenithBP),S4/5 A Math,Open - Running,[S4/5 A Math] Bukit Panjang | 16 Jun (Tue) | 03:00PM - 05:00PM,S4/5 A Math - Bukit Panjang - 16 Jun Tue 03:00PM,[S4/5 A Math] Bukit Panjang | 16 Jun (Tue) | 03:00PM - 05:00PM,0,,3,3,3 / 12,,3 |  | 12,0.00%,S4,Sec,SMath(AM),SMath(AM),SMath,Bukit Panjang,Keith,FALSE
Sec JunCC<>S2 2026<>Sec - LS Science<>Chen Hong<>Wednesday<>Bukit Panjang<>BP-2<>12<>17 Jun<>1:00 pm<>,Sec JunCC,S2 2026,Sec - LS Science,Chen Hong,Wednesday,Bukit Panjang,BP-2,12,17 Jun (Wed),1:00:00 PM,S2 Science,Electrical Systems,6/17/2026,01:00PM - 03:00PM,bit.ly/zenithBP,1 Woodlands Road #01-10 (Junction10) S677899,1 Woodlands Road #01-10 (Junction10) S677899  (Video Guide: bit.ly/zenithBP),S2 Science,Open - Running,[S2 Science] Bukit Panjang | 17 Jun (Wed) | 01:00PM - 03:00PM,S2 Science - Bukit Panjang - 17 Jun Wed 01:00PM,[S2 Science] Bukit Panjang | 17 Jun (Wed) | 01:00PM - 03:00PM,0,,9,9,9 / 12,,9 |  | 12,0.00%,S2,Sec,LSScience,LSScience,LSScience,Bukit Panjang,Chen Hong,FALSE
Sec JunCC<>S3 2026<>Sec - P Phy<>JM<>Friday<>Bukit Panjang<>BP-2<>12<>19 Jun<>1:00 pm<>,Sec JunCC,S3 2026,Sec - P Phy,JM,Friday,Bukit Panjang,BP-2,12,19 Jun (Fri),1:00:00 PM,S3 Pure Physics,Energy,6/19/2026,01:00PM - 03:00PM,bit.ly/zenithBP,1 Woodlands Road #01-10 (Junction10) S677899,1 Woodlands Road #01-10 (Junction10) S677899  (Video Guide: bit.ly/zenithBP),S3 Physics,Open - Running,[S3 Pure Physics] Bukit Panjang | 19 Jun (Fri) | 01:00PM - 03:00PM,S3 Pure Physics - Bukit Panjang - 19 Jun Fri 01:00PM,[S3 Pure Physics] Bukit Panjang | 19 Jun (Fri) | 01:00PM - 03:00PM,0,,1,1,1 / 12,,1 |  | 12,0.00%,S3,Sec,SPhy(Pure),SPhy,SPhy,Bukit Panjang,JM,FALSE
Sec JunCC<>S3 2026<>Sec - EM<>Xav<>Sunday<>Bukit Panjang<>BP-2<>12<>21 Jun<>2:00 pm<>,Sec JunCC,S3 2026,Sec - EM,Xav,Sunday,Bukit Panjang,BP-2,12,21 Jun (Sun),2:00:00 PM,S3 E Math,Properties of Circles,6/21/2026,02:00PM - 04:00PM,bit.ly/zenithBP,1 Woodlands Road #01-10 (Junction10) S677899,1 Woodlands Road #01-10 (Junction10) S677899  (Video Guide: bit.ly/zenithBP),S3 E Math,Open - Running,[S3 E Math] Bukit Panjang | 21 Jun (Sun) | 02:00PM - 04:00PM,S3 E Math - Bukit Panjang - 21 Jun Sun 02:00PM,[S3 E Math] Bukit Panjang | 21 Jun (Sun) | 02:00PM - 04:00PM,0,,4,4,4 / 12,,4 |  | 12,0.00%,S3,Sec,SMath(EM),SMath(EM),SMath,Bukit Panjang,Xav,FALSE
Sec JunCC<>S4 2026<>Sec - P Phy<>Jerlyn<>Tuesday<>Jurong East<>JE-4<>25<>16 Jun<>10:00 am<>,Sec JunCC,S4 2026,Sec - P Phy,Jerlyn,Tuesday,Jurong East,JE-4,25,16 Jun (Tue),10:00:00 AM,S4/5 Pure Physics,Electromagnetism,6/16/2026,10:00AM - 12:00PM,https://tinyurl.com/4cnf5kwu,21 Jurong Gateway Rd #02-01 (CPF Jurong Building) S608546,21 Jurong Gateway Rd #02-01 (CPF Jurong Building) S608546  (Video Guide: https://tinyurl.com/4cnf5kwu),S4/5 Physics,Open - Running,[S4/5 Pure Physics] Jurong East | 16 Jun (Tue) | 10:00AM - 12:00PM,S4/5 Pure Physics - Jurong East - 16 Jun Tue 10:00AM,[S4/5 Pure Physics] Jurong East | 16 Jun (Tue) | 10:00AM - 12:00PM,0,,5,5,5 / 25,,5 |  | 25,0.00%,S4,Sec,SPhy(Pure),SPhy,SPhy,Jurong East,Jerlyn,FALSE
Sec JunCC<>S3 2026<>Sec - P Phy<>Jerlyn<>Tuesday<>Jurong East<>JE-4<>25<>16 Jun<>1:00 pm<>,Sec JunCC,S3 2026,Sec - P Phy,Jerlyn,Tuesday,Jurong East,JE-4,25,16 Jun (Tue),1:00:00 PM,S3 Pure Physics,Energy,6/16/2026,01:00PM - 03:00PM,https://tinyurl.com/4cnf5kwu,21 Jurong Gateway Rd #02-01 (CPF Jurong Building) S608546,21 Jurong Gateway Rd #02-01 (CPF Jurong Building) S608546  (Video Guide: https://tinyurl.com/4cnf5kwu),S3 Physics,Open - Running,[S3 Pure Physics] Jurong East | 16 Jun (Tue) | 01:00PM - 03:00PM,S3 Pure Physics - Jurong East - 16 Jun Tue 01:00PM,[S3 Pure Physics] Jurong East | 16 Jun (Tue) | 01:00PM - 03:00PM,0,,1,1,1 / 25,,1 |  | 25,0.00%,S3,Sec,SPhy(Pure),SPhy,SPhy,Jurong East,Jerlyn,FALSE
Sec JunCC<>S4 2026<>Sec - AM<>Gin<>Saturday<>Kovan<>KO-2<>21<>20 Jun<>9:00 am<>,Sec JunCC,S4 2026,Sec - AM,Gin,Saturday,Kovan,KO-2,21,20 Jun (Sat),9:00:00 AM,S4/5 A Math,Kinematics,6/20/2026,09:00AM - 11:00AM,https://tinyurl.com/SOKGuide,988 Upper Serangoon Rd #01-16 (Stars of Kovan) S534733,988 Upper Serangoon Rd #01-16 (Stars of Kovan) S534733  (Video Guide: https://tinyurl.com/SOKGuide),S4/5 A Math,Open - Running,[S4/5 A Math] Kovan | 20 Jun (Sat) | 09:00AM - 11:00AM,S4/5 A Math - Kovan - 20 Jun Sat 09:00AM,[S4/5 A Math] Kovan | 20 Jun (Sat) | 09:00AM - 11:00AM,0,,2,2,2 / 21,,2 |  | 21,0.00%,S4,Sec,SMath(AM),SMath(AM),SMath,Kovan,Gin,FALSE
Sec JunCC<>S3 2026<>Sec - AM<>Gin<>Saturday<>Kovan<>KO-2<>21<>20 Jun<>11:00 am<>,Sec JunCC,S3 2026,Sec - AM,Gin,Saturday,Kovan,KO-2,21,20 Jun (Sat),11:00:00 AM,S3 A Math,Exponential & Logarithm Functions,6/20/2026,11:15AM - 01:15PM,https://tinyurl.com/SOKGuide,988 Upper Serangoon Rd #01-16 (Stars of Kovan) S534733,988 Upper Serangoon Rd #01-16 (Stars of Kovan) S534733  (Video Guide: https://tinyurl.com/SOKGuide),S3 A Math,Open - Running,[S3 A Math] Kovan | 20 Jun (Sat) | 11:15AM - 01:15PM,S3 A Math - Kovan - 20 Jun Sat 11:15AM,[S3 A Math] Kovan | 20 Jun (Sat) | 11:15AM - 01:15PM,0,,0,0,0 / 21,,0 |  | 21,0.00%,S3,Sec,SMath(AM),SMath(AM),SMath,Kovan,Gin,FALSE
Sec JunCC<>S2 2026<>Sec - LS Math<>Gin<>Sunday<>Kovan<>KO-2<>21<>21 Jun<>9:00 am<>,Sec JunCC,S2 2026,Sec - LS Math,Gin,Sunday,Kovan,KO-2,21,21 Jun (Sun),9:00:00 AM,S2 Math,"Pythagoras' Theorem, Basic Trigonometry",6/21/2026,09:00AM - 11:00AM,https://tinyurl.com/SOKGuide,988 Upper Serangoon Rd #01-16 (Stars of Kovan) S534733,988 Upper Serangoon Rd #01-16 (Stars of Kovan) S534733  (Video Guide: https://tinyurl.com/SOKGuide),S2 Math,Open - Running,[S2 Math] Kovan | 21 Jun (Sun) | 09:00AM - 11:00AM,S2 Math - Kovan - 21 Jun Sun 09:00AM,[S2 Math] Kovan | 21 Jun (Sun) | 09:00AM - 11:00AM,0,,1,1,1 / 21,,1 |  | 21,0.00%,S2,Sec,LSMath,LSMath,SMath,Kovan,Gin,FALSE
Sec JunCC<>S4 2026<>Sec - AM<>Gin<>Sunday<>Kovan<>KO-2<>21<>21 Jun<>2:00 pm<>,Sec JunCC,S4 2026,Sec - AM,Gin,Sunday,Kovan,KO-2,21,21 Jun (Sun),2:00:00 PM,S4/5 A Math,Kinematics,6/21/2026,02:00PM - 04:00PM,https://tinyurl.com/SOKGuide,988 Upper Serangoon Rd #01-16 (Stars of Kovan) S534733,988 Upper Serangoon Rd #01-16 (Stars of Kovan) S534733  (Video Guide: https://tinyurl.com/SOKGuide),S4/5 A Math,Open - Running,[S4/5 A Math] Kovan | 21 Jun (Sun) | 02:00PM - 04:00PM,S4/5 A Math - Kovan - 21 Jun Sun 02:00PM,[S4/5 A Math] Kovan | 21 Jun (Sun) | 02:00PM - 04:00PM,0,,1,1,1 / 21,,1 |  | 21,0.00%,S4,Sec,SMath(AM),SMath(AM),SMath,Kovan,Gin,FALSE
Sec JunCC<>S3 2026<>Sec - AM<>Gin<>Sunday<>Kovan<>KO-2<>21<>21 Jun<>4:00 pm<>,Sec JunCC,S3 2026,Sec - AM,Gin,Sunday,Kovan,KO-2,21,21 Jun (Sun),4:00:00 PM,S3 A Math,Exponential & Logarithm Functions,6/21/2026,04:15PM - 06:15PM,https://tinyurl.com/SOKGuide,988 Upper Serangoon Rd #01-16 (Stars of Kovan) S534733,988 Upper Serangoon Rd #01-16 (Stars of Kovan) S534733  (Video Guide: https://tinyurl.com/SOKGuide),S3 A Math,Open - Running,[S3 A Math] Kovan | 21 Jun (Sun) | 04:15PM - 06:15PM,S3 A Math - Kovan - 21 Jun Sun 04:15PM,[S3 A Math] Kovan | 21 Jun (Sun) | 04:15PM - 06:15PM,0,,1,1,1 / 21,,1 |  | 21,0.00%,S3,Sec,SMath(AM),SMath(AM),SMath,Kovan,Gin,FALSE
Sec JunCC<>S3 2026<>Sec - P Chem<>Shandace<>Wednesday<>Kovan<>KO-3<>23<>17 Jun<>10:00 am<>,Sec JunCC,S3 2026,Sec - P Chem,Shandace,Wednesday,Kovan,KO-3,23,17 Jun (Wed),10:00:00 AM,S3 Pure Chemistry,Mole Concept & Stoichiometry,6/17/2026,10:00AM - 12:00PM,https://tinyurl.com/SOKGuide,988 Upper Serangoon Rd #01-16 (Stars of Kovan) S534733,988 Upper Serangoon Rd #01-16 (Stars of Kovan) S534733  (Video Guide: https://tinyurl.com/SOKGuide),S3 Chemistry,Open - Running,[S3 Pure Chemistry] Kovan | 17 Jun (Wed) | 10:00AM - 12:00PM,S3 Pure Chemistry - Kovan - 17 Jun Wed 10:00AM,[S3 Pure Chemistry] Kovan | 17 Jun (Wed) | 10:00AM - 12:00PM,0,,13,13,13 / 23,,13 |  | 23,0.00%,S3,Sec,SChem(Pure),SChem,SChem,Kovan,Shandace,FALSE
Sec JunCC<>S4 2026<>Sec - Eng<>Adam<>Wednesday<>Kovan<>KO-4<>24<>17 Jun<>10:00 am<>,Sec JunCC,S4 2026,Sec - Eng,Adam,Wednesday,Kovan,KO-4,24,17 Jun (Wed),10:00:00 AM,S4/5 English,Narrative Comprehension,6/17/2026,10:00AM - 12:00PM,https://tinyurl.com/SOKGuide,988 Upper Serangoon Rd #01-16 (Stars of Kovan) S534733,988 Upper Serangoon Rd #01-16 (Stars of Kovan) S534733  (Video Guide: https://tinyurl.com/SOKGuide),S4/5 English,Closed - Running,,S4/5 English - Kovan - 17 Jun Wed 10:00AM,[S4/5 English] Kovan | 17 Jun (Wed) | 10:00AM - 12:00PM,0,,27,27,27 / 24,,27 |  | 24,0.00%,S4,Sec,SEng,SEng,SEng,Kovan,Adam,TRUE
Sec JunCC<>S2 2026<>Sec - Eng<>Adam<>Wednesday<>Kovan<>KO-4<>24<>17 Jun<>1:00 pm<>,Sec JunCC,S2 2026,Sec - Eng,Adam,Wednesday,Kovan,KO-4,24,17 Jun (Wed),1:00:00 PM,S2 English,Narrative Comprehension,6/17/2026,01:00PM - 03:00PM,https://tinyurl.com/SOKGuide,988 Upper Serangoon Rd #01-16 (Stars of Kovan) S534733,988 Upper Serangoon Rd #01-16 (Stars of Kovan) S534733  (Video Guide: https://tinyurl.com/SOKGuide),S2 English,Open - Running,[S2 English] Kovan | 17 Jun (Wed) | 01:00PM - 03:00PM,S2 English - Kovan - 17 Jun Wed 01:00PM,[S2 English] Kovan | 17 Jun (Wed) | 01:00PM - 03:00PM,0,,3,3,3 / 24,,3 |  | 24,0.00%,S2,Sec,LSEng,LSEng,SEng,Kovan,Adam,FALSE
Sec JunCC<>S3 2026<>Sec - Eng<>Adam<>Thursday<>Kovan<>KO-4<>24<>18 Jun<>1:00 pm<>,Sec JunCC,S3 2026,Sec - Eng,Adam,Thursday,Kovan,KO-4,24,18 Jun (Thu),1:00:00 PM,S3 English,Narrative Comprehension,6/18/2026,01:00PM - 03:00PM,https://tinyurl.com/SOKGuide,988 Upper Serangoon Rd #01-16 (Stars of Kovan) S534733,988 Upper Serangoon Rd #01-16 (Stars of Kovan) S534733  (Video Guide: https://tinyurl.com/SOKGuide),S3 English,Open - Running,[S3 English] Kovan | 18 Jun (Thu) | 01:00PM - 03:00PM,S3 English - Kovan - 18 Jun Thu 01:00PM,[S3 English] Kovan | 18 Jun (Thu) | 01:00PM - 03:00PM,0,,2,2,2 / 24,,2 |  | 24,0.00%,S3,Sec,SEng,SEng,SEng,Kovan,Adam,FALSE
Sec JunCC<>S1 2026<>Sec - LS Science<>Vivien<>Wednesday<>King Albert Park<>KAP-1<>15<>17 Jun<>1:00 pm<>,Sec JunCC,S1 2026,Sec - LS Science,Vivien,Wednesday,King Albert Park,KAP-1,15,17 Jun (Wed),1:00:00 PM,S1 Science,Ray Model of Light,6/17/2026,01:00PM - 03:00PM,https://tinyurl.com/zenithKAP,896 Dunearn Road Dunearn Village #04-16 S589472,896 Dunearn Road Dunearn Village #04-16 S589472  (Video Guide: https://tinyurl.com/zenithKAP),S1 Science,Open - Running,[S1 Science] King Albert Park | 17 Jun (Wed) | 01:00PM - 03:00PM,S1 Science - King Albert Park - 17 Jun Wed 01:00PM,[S1 Science] King Albert Park | 17 Jun (Wed) | 01:00PM - 03:00PM,0,,6,6,6 / 15,,6 |  | 15,0.00%,S1,Sec,LSScience,LSScience,LSScience,King Albert Park,Vivien,FALSE
Sec JunCC<>S1 2026<>Sec - LS Science<>Chen Hong<>Tuesday<>King Albert Park<>KAP-3<>15<>16 Jun<>5:00 pm<>,Sec JunCC,S1 2026,Sec - LS Science,Chen Hong,Tuesday,King Albert Park,KAP-3,15,16 Jun (Tue),5:00:00 PM,S1 Science,Ray Model of Light,6/16/2026,05:00PM - 07:00PM,https://tinyurl.com/zenithKAP,896 Dunearn Road Dunearn Village #04-16 S589472,896 Dunearn Road Dunearn Village #04-16 S589472  (Video Guide: https://tinyurl.com/zenithKAP),S1 Science,Open - Running,[S1 Science] King Albert Park | 16 Jun (Tue) | 05:00PM - 07:00PM,S1 Science - King Albert Park - 16 Jun Tue 05:00PM,[S1 Science] King Albert Park | 16 Jun (Tue) | 05:00PM - 07:00PM,0,,3,3,3 / 15,,3 |  | 15,0.00%,S1,Sec,LSScience,LSScience,LSScience,King Albert Park,Chen Hong,FALSE
Sec JunCC<>S2 2026<>Sec - LS Science<>Chen Hong<>Monday<>King Albert Park<>KAP-6<>20<>15 Jun<>1:00 pm<>,Sec JunCC,S2 2026,Sec - LS Science,Chen Hong,Monday,King Albert Park,KAP-6,20,15 Jun (Mon),1:00:00 PM,S2 Science,Electrical Systems,6/15/2026,01:00PM - 03:00PM,https://tinyurl.com/zenithKAP,896 Dunearn Road Dunearn Village #04-16 S589472,896 Dunearn Road Dunearn Village #04-16 S589472  (Video Guide: https://tinyurl.com/zenithKAP),S2 Science,Open - Running,[S2 Science] King Albert Park | 15 Jun (Mon) | 01:00PM - 03:00PM,S2 Science - King Albert Park - 15 Jun Mon 01:00PM,[S2 Science] King Albert Park | 15 Jun (Mon) | 01:00PM - 03:00PM,0,,20,20,20 / 20,,20 |  | 20,0.00%,S2,Sec,LSScience,LSScience,LSScience,King Albert Park,Chen Hong,FALSE
Sec JunCC<>S3 2026<>Sec - AM<>Andrik<>Monday<>Serangoon<>BHC-2<>23<>15 Jun<>3:00 pm<>,Sec JunCC,S3 2026,Sec - AM,Andrik,Monday,Serangoon,BHC-2,23,15 Jun (Mon),3:00:00 PM,S3 A Math,Exponential & Logarithm Functions,6/15/2026,03:00PM - 05:00PM,https://tinyurl.com/zenithSERANGOON,50 Serangoon Avenue 2 #03-01 S556129,50 Serangoon Avenue 2 #03-01 S556129  (Video Guide: https://tinyurl.com/zenithSERANGOON),S3 A Math,Open - Running,[S3 A Math] Serangoon | 15 Jun (Mon) | 03:00PM - 05:00PM,S3 A Math - Serangoon - 15 Jun Mon 03:00PM,[S3 A Math] Serangoon | 15 Jun (Mon) | 03:00PM - 05:00PM,0,,4,4,4 / 23,,4 |  | 23,0.00%,S3,Sec,SMath(AM),SMath(AM),SMath,Braddell Heights,Andrik,FALSE
Sec JunCC<>S4 2026<>Sec - SS<>Lynn Seah<>Saturday<>Serangoon<>BHC-2<>23<>20 Jun<>9:00 am<>,Sec JunCC,S4 2026,Sec - SS,Lynn Seah,Saturday,Serangoon,BHC-2,23,20 Jun (Sat),9:00:00 AM,S4 Social Studies,SBQ skills (source analysis; surprise/hybrid/assertion),6/20/2026,09:00AM - 11:00AM,https://tinyurl.com/zenithSERANGOON,50 Serangoon Avenue 2 #03-01 S556129,50 Serangoon Avenue 2 #03-01 S556129  (Video Guide: https://tinyurl.com/zenithSERANGOON),S4 Social Studies,Open - Running,[S4 Social Studies] Serangoon | 20 Jun (Sat) | 09:00AM - 11:00AM,S4 Social Studies - Serangoon - 20 Jun Sat 09:00AM,[S4 Social Studies] Serangoon | 20 Jun (Sat) | 09:00AM - 11:00AM,0,,7,7,7 / 23,,7 |  | 23,0.00%,S4,Sec,SSoc,SSoc,SSoc,Braddell Heights,Lynn Seah,FALSE
Sec JunCC<>S3 2026<>Sec - SS<>Lynn Seah<>Saturday<>Serangoon<>BHC-2<>23<>20 Jun<>11:00 am<>,Sec JunCC,S3 2026,Sec - SS,Lynn Seah,Saturday,Serangoon,BHC-2,23,20 Jun (Sat),11:00:00 AM,S3 Social Studies,"SBQ skills (source analysis; comparison, reliability & usefulness)",6/20/2026,11:15AM - 01:15PM,https://tinyurl.com/zenithSERANGOON,50 Serangoon Avenue 2 #03-01 S556129,50 Serangoon Avenue 2 #03-01 S556129  (Video Guide: https://tinyurl.com/zenithSERANGOON),S3 Social Studies,Open - Running,[S3 Social Studies] Serangoon | 20 Jun (Sat) | 11:15AM - 01:15PM,S3 Social Studies - Serangoon - 20 Jun Sat 11:15AM,[S3 Social Studies] Serangoon | 20 Jun (Sat) | 11:15AM - 01:15PM,0,,6,6,6 / 23,,6 |  | 23,0.00%,S3,Sec,SSoc,SSoc,SSoc,Braddell Heights,Lynn Seah,FALSE
Sec JunCC<>S4 2026<>Sec - SS<>Lynn Seah<>Saturday<>Serangoon<>BHC-2<>23<>20 Jun<>2:00 pm<>,Sec JunCC,S4 2026,Sec - SS,Lynn Seah,Saturday,Serangoon,BHC-2,23,20 Jun (Sat),2:00:00 PM,S4 Social Studies,SBQ skills (source analysis; surprise/hybrid/assertion),6/20/2026,02:00PM - 04:00PM,https://tinyurl.com/zenithSERANGOON,50 Serangoon Avenue 2 #03-01 S556129,50 Serangoon Avenue 2 #03-01 S556129  (Video Guide: https://tinyurl.com/zenithSERANGOON),S4 Social Studies,Open - Running,[S4 Social Studies] Serangoon | 20 Jun (Sat) | 02:00PM - 04:00PM,S4 Social Studies - Serangoon - 20 Jun Sat 02:00PM,[S4 Social Studies] Serangoon | 20 Jun (Sat) | 02:00PM - 04:00PM,0,,22,22,22 / 23,,22 |  | 23,0.00%,S4,Sec,SSoc,SSoc,SSoc,Braddell Heights,Lynn Seah,FALSE
Sec JunCC<>S4 2026<>Sec - SS<>Lynn Seah<>Monday<>Serangoon<>BHC-1<>41<>15 Jun<>10:00 am<>,Sec JunCC,S4 2026,Sec - SS,Lynn Seah,Monday,Serangoon,BHC-1,41,15 Jun (Mon),10:00:00 AM,S4 Social Studies,SBQ skills (source analysis; surprise/hybrid/assertion),6/15/2026,10:00AM - 12:00PM,https://tinyurl.com/zenithSERANGOON,50 Serangoon Avenue 2 #03-01 S556129,50 Serangoon Avenue 2 #03-01 S556129  (Video Guide: https://tinyurl.com/zenithSERANGOON),S4 Social Studies,Closed - Running,,S4 Social Studies - Serangoon - 15 Jun Mon 10:00AM,[S4 Social Studies] Serangoon | 15 Jun (Mon) | 10:00AM - 12:00PM,0,,46,46,46 / 41,,46 |  | 41,0.00%,S4,Sec,SSoc,SSoc,SSoc,Braddell Heights,Lynn Seah,TRUE
Sec JunCC<>S4 2026<>Sec - SS<>Lynn Seah<>Wednesday<>Serangoon<>BHC-1<>41<>17 Jun<>10:00 am<>,Sec JunCC,S4 2026,Sec - SS,Lynn Seah,Wednesday,Serangoon,BHC-1,41,17 Jun (Wed),10:00:00 AM,S4 Social Studies,SBQ skills (source analysis; surprise/hybrid/assertion),6/17/2026,10:00AM - 12:00PM,https://tinyurl.com/zenithSERANGOON,50 Serangoon Avenue 2 #03-01 S556129,50 Serangoon Avenue 2 #03-01 S556129  (Video Guide: https://tinyurl.com/zenithSERANGOON),S4 Social Studies,Closed - Running,,S4 Social Studies - Serangoon - 17 Jun Wed 10:00AM,[S4 Social Studies] Serangoon | 17 Jun (Wed) | 10:00AM - 12:00PM,0,,45,45,45 / 41,,45 |  | 41,0.00%,S4,Sec,SSoc,SSoc,SSoc,Braddell Heights,Lynn Seah,TRUE
Sec JunCC<>S4 2026<>Sec - SS<>Lynn Seah<>Friday<>Serangoon<>BHC-1<>41<>19 Jun<>10:00 am<>,Sec JunCC,S4 2026,Sec - SS,Lynn Seah,Friday,Serangoon,BHC-1,41,19 Jun (Fri),10:00:00 AM,S4 Social Studies,SBQ skills (source analysis; surprise/hybrid/assertion),6/19/2026,10:00AM - 12:00PM,https://tinyurl.com/zenithSERANGOON,50 Serangoon Avenue 2 #03-01 S556129,50 Serangoon Avenue 2 #03-01 S556129  (Video Guide: https://tinyurl.com/zenithSERANGOON),S4 Social Studies,Closed - Running,,S4 Social Studies - Serangoon - 19 Jun Fri 10:00AM,[S4 Social Studies] Serangoon | 19 Jun (Fri) | 10:00AM - 12:00PM,0,,49,49,49 / 41,,49 |  | 41,0.00%,S4,Sec,SSoc,SSoc,SSoc,Braddell Heights,Lynn Seah,FALSE
Sec JunCC<>S3 2026<>SS - C Lit<>Adri<>Saturday<>Serangoon<>BHC-3<>21<>20 Jun<>9:00 am<>,Sec JunCC,S3 2026,SS - C Lit,Adri,Saturday,Serangoon,BHC-3,21,20 Jun (Sat),9:00:00 AM,S3 Combined Literature,Unseen Poetry (Building Insight through Language/Context Clues),6/20/2026,09:00AM - 11:00AM,https://tinyurl.com/zenithSERANGOON,50 Serangoon Avenue 2 #03-01 S556129,50 Serangoon Avenue 2 #03-01 S556129  (Video Guide: https://tinyurl.com/zenithSERANGOON),S3 Literature,Open - Running,[S3 Combined Literature] Serangoon | 20 Jun (Sat) | 09:00AM - 11:00AM,S3 Combined Literature - Serangoon - 20 Jun Sat 09:00AM,[S3 Combined Literature] Serangoon | 20 Jun (Sat) | 09:00AM - 11:00AM,0,,1,1,1 / 21,,1 |  | 21,0.00%,S3,Sec,SLit(Comb),SLit,SLit,Braddell Heights,Adri,FALSE
Sec JunCC<>S4 2026<>SS - C Lit<>Adri<>Saturday<>Serangoon<>BHC-3<>21<>20 Jun<>11:00 am<>,Sec JunCC,S4 2026,SS - C Lit,Adri,Saturday,Serangoon,BHC-3,21,20 Jun (Sat),11:00:00 AM,S4 Combined Literature,Unseen Poetry (Building Insight through Language/Context Clues),6/20/2026,11:15AM - 01:15PM,https://tinyurl.com/zenithSERANGOON,50 Serangoon Avenue 2 #03-01 S556129,50 Serangoon Avenue 2 #03-01 S556129  (Video Guide: https://tinyurl.com/zenithSERANGOON),S4 Literature,Open - Running,[S4 Combined Literature] Serangoon | 20 Jun (Sat) | 11:15AM - 01:15PM,S4 Combined Literature - Serangoon - 20 Jun Sat 11:15AM,[S4 Combined Literature] Serangoon | 20 Jun (Sat) | 11:15AM - 01:15PM,0,,3,3,3 / 21,,3 |  | 21,0.00%,S4,Sec,SLit(Comb),SLit,SLit,Braddell Heights,Adri,FALSE
Sec JunCC<>S4 2026<>SS - P Lit<>Adri<>Saturday<>Serangoon<>BHC-3<>21<>20 Jun<>2:00 pm<>,Sec JunCC,S4 2026,SS - P Lit,Adri,Saturday,Serangoon,BHC-3,21,20 Jun (Sat),2:00:00 PM,S4 Pure Literature,Unseen Poetry (Building Insight through Language/Context Clues),6/20/2026,02:00PM - 04:00PM,https://tinyurl.com/zenithSERANGOON,50 Serangoon Avenue 2 #03-01 S556129,50 Serangoon Avenue 2 #03-01 S556129  (Video Guide: https://tinyurl.com/zenithSERANGOON),S4 Literature,Open - Running,[S4 Pure Literature] Serangoon | 20 Jun (Sat) | 02:00PM - 04:00PM,S4 Pure Literature - Serangoon - 20 Jun Sat 02:00PM,[S4 Pure Literature] Serangoon | 20 Jun (Sat) | 02:00PM - 04:00PM,0,,1,3,3 / 21,,3 |  | 21,0.00%,S4,Sec,SLit(Pure),SLit,SLit,Braddell Heights,Adri,FALSE
Sec JunCC<>S3 2026<>SS - C Lit<>Adri<>Tuesday<>Serangoon<>BHC-4<>21<>16 Jun<>10:00 am<>,Sec JunCC,S3 2026,SS - C Lit,Adri,Tuesday,Serangoon,BHC-4,21,16 Jun (Tue),10:00:00 AM,S3 Combined Literature,Unseen Poetry (Building Insight through Language/Context Clues),6/16/2026,10:00AM - 12:00PM,https://tinyurl.com/zenithSERANGOON,50 Serangoon Avenue 2 #03-01 S556129,50 Serangoon Avenue 2 #03-01 S556129  (Video Guide: https://tinyurl.com/zenithSERANGOON),S3 Literature,Open - Running,[S3 Combined Literature] Serangoon | 16 Jun (Tue) | 10:00AM - 12:00PM,S3 Combined Literature - Serangoon - 16 Jun Tue 10:00AM,[S3 Combined Literature] Serangoon | 16 Jun (Tue) | 10:00AM - 12:00PM,0,,6,12,12 / 21,,12 |  | 21,0.00%,S3,Sec,SLit(Comb),SLit,SLit,Braddell Heights,Adri,FALSE
Sec JunCC<>S4 2026<>SS - C Lit<>Adri<>Tuesday<>Serangoon<>BHC-1<>41<>16 Jun<>1:00 pm<>,Sec JunCC,S4 2026,SS - C Lit,Adri,Tuesday,Serangoon,BHC-1,41,16 Jun (Tue),1:00:00 PM,S4 Combined Literature,Unseen Poetry (Building Insight through Language/Context Clues),6/16/2026,01:00PM - 03:00PM,https://tinyurl.com/zenithSERANGOON,50 Serangoon Avenue 2 #03-01 S556129,50 Serangoon Avenue 2 #03-01 S556129  (Video Guide: https://tinyurl.com/zenithSERANGOON),S4 Literature,Open - Running,[S4 Combined Literature] Serangoon | 16 Jun (Tue) | 01:00PM - 03:00PM,S4 Combined Literature - Serangoon - 16 Jun Tue 01:00PM,[S4 Combined Literature] Serangoon | 16 Jun (Tue) | 01:00PM - 03:00PM,0,,17,34,34 / 41,,34 |  | 41,0.00%,S4,Sec,SLit(Comb),SLit,SLit,Braddell Heights,Adri,FALSE
Sec JunCC<>S4 2026<>Sec - EM<>Vegas<>Tuesday<>Buona Vista<>BV-4 (L2)<>22<>23 Jun<>10:00 am<>,Sec JunCC,S4 2026,Sec - EM,Vegas,Tuesday,Buona Vista,BV-4 (L2),22,23 Jun (Tue),10:00:00 AM,S4/5 E Math,Vectors,6/23/2026,10:00AM - 12:00PM,bit.ly/zenithBV,35 Rochester Dr #02-23 (Rochester Mall) S138639,35 Rochester Dr #02-23 (Rochester Mall) S138639  (Video Guide: bit.ly/zenithBV),S4/5 E Math,Closed - Running,,S4/5 E Math - Buona Vista - 23 Jun Tue 10:00AM,[S4/5 E Math] Buona Vista | 23 Jun (Tue) | 10:00AM - 12:00PM,0,,26,26,26 / 22,,26 |  | 22,0.00%,S4,Sec,SMath(EM),SMath(EM),SMath,Buona Vista,Vegas,FALSE
Sec JunCC<>S4 2026<>Sec - AM<>Vegas<>Tuesday<>Buona Vista<>BV-4 (L2)<>22<>23 Jun<>1:00 pm<>,Sec JunCC,S4 2026,Sec - AM,Vegas,Tuesday,Buona Vista,BV-4 (L2),22,23 Jun (Tue),1:00:00 PM,S4/5 A Math,Kinematics,6/23/2026,01:00PM - 03:00PM,bit.ly/zenithBV,35 Rochester Dr #02-23 (Rochester Mall) S138639,35 Rochester Dr #02-23 (Rochester Mall) S138639  (Video Guide: bit.ly/zenithBV),S4/5 A Math,Closed - Running,,S4/5 A Math - Buona Vista - 23 Jun Tue 01:00PM,[S4/5 A Math] Buona Vista | 23 Jun (Tue) | 01:00PM - 03:00PM,0,,25,25,25 / 22,,25 |  | 22,0.00%,S4,Sec,SMath(AM),SMath(AM),SMath,Buona Vista,Vegas,FALSE
Sec JunCC<>S2 2026<>Sec - LS Math<>Lisa<>Monday<>Tan Kah Kee<>TKK-1<>14<>22 Jun<>2:00 pm<>,Sec JunCC,S2 2026,Sec - LS Math,Lisa,Monday,Tan Kah Kee,TKK-1,14,22 Jun (Mon),2:00:00 PM,S2 Math,"Pythagoras' Theorem, Basic Trigonometry",6/22/2026,02:00PM - 04:00PM,bit.ly/TKK607,607 Bukit Timah Road #02-01 S269708,607 Bukit Timah Road #02-01 S269708  (Video Guide: bit.ly/TKK607),S2 Math,Open - Running,[S2 Math] Tan Kah Kee | 22 Jun (Mon) | 02:00PM - 04:00PM,S2 Math - Tan Kah Kee - 22 Jun Mon 02:00PM,[S2 Math] Tan Kah Kee | 22 Jun (Mon) | 02:00PM - 04:00PM,0,,6,6,6 / 14,,6 |  | 14,0.00%,S2,Sec,LSMath,LSMath,SMath,Coro + TKK,Lisa,FALSE
Sec JunCC<>S4 2026<>Sec - AM<>Lisa<>Tuesday<>Tan Kah Kee<>TKK-1<>14<>23 Jun<>2:00 pm<>,Sec JunCC,S4 2026,Sec - AM,Lisa,Tuesday,Tan Kah Kee,TKK-1,14,23 Jun (Tue),2:00:00 PM,S4/5 A Math,Kinematics,6/23/2026,02:00PM - 04:00PM,bit.ly/TKK607,607 Bukit Timah Road #02-01 S269708,607 Bukit Timah Road #02-01 S269708  (Video Guide: bit.ly/TKK607),S4/5 A Math,Open - Running,[S4/5 A Math] Tan Kah Kee | 23 Jun (Tue) | 02:00PM - 04:00PM,S4/5 A Math - Tan Kah Kee - 23 Jun Tue 02:00PM,[S4/5 A Math] Tan Kah Kee | 23 Jun (Tue) | 02:00PM - 04:00PM,0,,1,1,1 / 14,,1 |  | 14,0.00%,S4,Sec,SMath(AM),SMath(AM),SMath,Coro + TKK,Lisa,FALSE
Sec JunCC<>S3 2026<>Sec - AM<>Lisa<>Thursday<>Tan Kah Kee<>CORO-3<>15<>25 Jun<>2:00 pm<>,Sec JunCC,S3 2026,Sec - AM,Lisa,Thursday,Tan Kah Kee,CORO-3,15,25 Jun (Thu),2:00:00 PM,S3 A Math,Exponential & Logarithm Functions,6/25/2026,02:00PM - 04:00PM,bit.ly/zenithCORO,"587 Bukit Timah Rd, #01-05 Coronation Plaza (Beside KFC) S269707","587 Bukit Timah Rd, #01-05 Coronation Plaza (Beside KFC) S269707  (Video Guide: bit.ly/zenithCORO)",S3 A Math,Open - Running,[S3 A Math] Tan Kah Kee | 25 Jun (Thu) | 02:00PM - 04:00PM,S3 A Math - Tan Kah Kee - 25 Jun Thu 02:00PM,[S3 A Math] Tan Kah Kee | 25 Jun (Thu) | 02:00PM - 04:00PM,0,,3,3,3 / 15,,3 |  | 15,0.00%,S3,Sec,SMath(AM),SMath(AM),SMath,Coro + TKK,Lisa,FALSE
Sec JunCC<>S2 2026<>Sec - Eng<>Natalie<>Monday<>Potong Pasir<>PP-3 (L2)<>25<>22 Jun<>1:00 pm<>,Sec JunCC,S2 2026,Sec - Eng,Natalie,Monday,Potong Pasir,PP-3 (L2),25,22 Jun (Mon),1:00:00 PM,S2 English,Narrative Comprehension,6/22/2026,01:00PM - 03:00PM,bit.ly/zenithPP,25 Tai Thong Crescent (Beside 7-11) S347856,25 Tai Thong Crescent (Beside 7-11) S347856  (Video Guide: bit.ly/zenithPP),S2 English,Open - Running,[S2 English] Potong Pasir | 22 Jun (Mon) | 01:00PM - 03:00PM,S2 English - Potong Pasir - 22 Jun Mon 01:00PM,[S2 English] Potong Pasir | 22 Jun (Mon) | 01:00PM - 03:00PM,0,,9,9,9 / 25,,9 |  | 25,0.00%,S2,Sec,LSEng,LSEng,SEng,Potong Pasir,Natalie,FALSE
Sec JunCC<>S3 2026<>Sec - AM<>Alicia<>Monday<>Potong Pasir<>PP-1 (L1)<>18<>22 Jun<>10:00 am<>,Sec JunCC,S3 2026,Sec - AM,Alicia,Monday,Potong Pasir,PP-1 (L1),18,22 Jun (Mon),10:00:00 AM,S3 A Math,Exponential & Logarithm Functions,6/22/2026,10:00AM - 12:00PM,bit.ly/zenithPP,25 Tai Thong Crescent (Beside 7-11) S347856,25 Tai Thong Crescent (Beside 7-11) S347856  (Video Guide: bit.ly/zenithPP),S3 A Math,Open - Running,[S3 A Math] Potong Pasir | 22 Jun (Mon) | 10:00AM - 12:00PM,S3 A Math - Potong Pasir - 22 Jun Mon 10:00AM,[S3 A Math] Potong Pasir | 22 Jun (Mon) | 10:00AM - 12:00PM,0,,0,0,0 / 18,,0 |  | 18,0.00%,S3,Sec,SMath(AM),SMath(AM),SMath,Potong Pasir,Alicia,FALSE
Sec JunCC<>S4 2026<>Sec - AM<>Alicia<>Monday<>Potong Pasir<>PP-1 (L1)<>18<>22 Jun<>1:00 pm<>,Sec JunCC,S4 2026,Sec - AM,Alicia,Monday,Potong Pasir,PP-1 (L1),18,22 Jun (Mon),1:00:00 PM,S4/5 A Math,Kinematics,6/22/2026,01:00PM - 03:00PM,bit.ly/zenithPP,25 Tai Thong Crescent (Beside 7-11) S347856,25 Tai Thong Crescent (Beside 7-11) S347856  (Video Guide: bit.ly/zenithPP),S4/5 A Math,Open - Running,[S4/5 A Math] Potong Pasir | 22 Jun (Mon) | 01:00PM - 03:00PM,S4/5 A Math - Potong Pasir - 22 Jun Mon 01:00PM,[S4/5 A Math] Potong Pasir | 22 Jun (Mon) | 01:00PM - 03:00PM,0,,11,11,11 / 18,,11 |  | 18,0.00%,S4,Sec,SMath(AM),SMath(AM),SMath,Potong Pasir,Alicia,FALSE
Sec JunCC<>S3 2026<>Sec - EM<>Alicia<>Wednesday<>Potong Pasir<>PP-1 (L1)<>18<>24 Jun<>10:00 am<>,Sec JunCC,S3 2026,Sec - EM,Alicia,Wednesday,Potong Pasir,PP-1 (L1),18,24 Jun (Wed),10:00:00 AM,S3 E Math,Properties of Circles,6/24/2026,10:00AM - 12:00PM,bit.ly/zenithPP,25 Tai Thong Crescent (Beside 7-11) S347856,25 Tai Thong Crescent (Beside 7-11) S347856  (Video Guide: bit.ly/zenithPP),S3 E Math,Open - Running,[S3 E Math] Potong Pasir | 24 Jun (Wed) | 10:00AM - 12:00PM,S3 E Math - Potong Pasir - 24 Jun Wed 10:00AM,[S3 E Math] Potong Pasir | 24 Jun (Wed) | 10:00AM - 12:00PM,0,,0,0,0 / 18,,0 |  | 18,0.00%,S3,Sec,SMath(EM),SMath(EM),SMath,Potong Pasir,Alicia,FALSE
Sec JunCC<>S4 2026<>Sec - EM<>Alicia<>Wednesday<>Potong Pasir<>PP-1 (L1)<>18<>24 Jun<>1:00 pm<>,Sec JunCC,S4 2026,Sec - EM,Alicia,Wednesday,Potong Pasir,PP-1 (L1),18,24 Jun (Wed),1:00:00 PM,S4/5 E Math,Vectors,6/24/2026,01:00PM - 03:00PM,bit.ly/zenithPP,25 Tai Thong Crescent (Beside 7-11) S347856,25 Tai Thong Crescent (Beside 7-11) S347856  (Video Guide: bit.ly/zenithPP),S4/5 E Math,Open - Running,[S4/5 E Math] Potong Pasir | 24 Jun (Wed) | 01:00PM - 03:00PM,S4/5 E Math - Potong Pasir - 24 Jun Wed 01:00PM,[S4/5 E Math] Potong Pasir | 24 Jun (Wed) | 01:00PM - 03:00PM,0,,5,5,5 / 18,,5 |  | 18,0.00%,S4,Sec,SMath(EM),SMath(EM),SMath,Potong Pasir,Alicia,FALSE
Sec JunCC<>S3 2026<>SS - P Hist<>Evan<>Wednesday<>Potong Pasir<>PP-5<>12<>24 Jun<>10:00 am<>,Sec JunCC,S3 2026,SS - P Hist,Evan,Wednesday,Potong Pasir,PP-5,12,24 Jun (Wed),10:00:00 AM,S3 Pure History,The Rise of Dictatorship: Germany,6/24/2026,10:00AM - 12:00PM,bit.ly/zenithPP,25 Tai Thong Crescent (Beside 7-11) S347856,25 Tai Thong Crescent (Beside 7-11) S347856  (Video Guide: bit.ly/zenithPP),S3 History,Open - Running,[S3 Pure History] Potong Pasir | 24 Jun (Wed) | 10:00AM - 12:00PM,S3 Pure History - Potong Pasir - 24 Jun Wed 10:00AM,[S3 Pure History] Potong Pasir | 24 Jun (Wed) | 10:00AM - 12:00PM,0,,2,2,2 / 12,,2 |  | 12,0.00%,S3,Sec,SHis(Pure),SHis,SHis,Potong Pasir,Evan,FALSE
Sec JunCC<>S4 2026<>SS - P Hist<>Evan<>Wednesday<>Potong Pasir<>PP-5<>12<>24 Jun<>1:00 pm<>,Sec JunCC,S4 2026,SS - P Hist,Evan,Wednesday,Potong Pasir,PP-5,12,24 Jun (Wed),1:00:00 PM,S4 Pure History,The Rise of Militarist Japan,6/24/2026,01:00PM - 03:00PM,bit.ly/zenithPP,25 Tai Thong Crescent (Beside 7-11) S347856,25 Tai Thong Crescent (Beside 7-11) S347856  (Video Guide: bit.ly/zenithPP),S4 History,Open - Running,[S4 Pure History] Potong Pasir | 24 Jun (Wed) | 01:00PM - 03:00PM,S4 Pure History - Potong Pasir - 24 Jun Wed 01:00PM,[S4 Pure History] Potong Pasir | 24 Jun (Wed) | 01:00PM - 03:00PM,0,,3,3,3 / 12,,3 |  | 12,0.00%,S4,Sec,SHis(Pure),SHis,SHis,Potong Pasir,Evan,FALSE
Sec JunCC<>S4 2026<>SS - P Hist<>Evan<>Saturday<>Potong Pasir<>PP-5<>12<>27 Jun<>9:00 am<>,Sec JunCC,S4 2026,SS - P Hist,Evan,Saturday,Potong Pasir,PP-5,12,27 Jun (Sat),9:00:00 AM,S4 Pure History,The Rise of Militarist Japan,6/27/2026,09:00AM - 11:00AM,bit.ly/zenithPP,25 Tai Thong Crescent (Beside 7-11) S347856,25 Tai Thong Crescent (Beside 7-11) S347856  (Video Guide: bit.ly/zenithPP),S4 History,Open - Running,[S4 Pure History] Potong Pasir | 27 Jun (Sat) | 09:00AM - 11:00AM,S4 Pure History - Potong Pasir - 27 Jun Sat 09:00AM,[S4 Pure History] Potong Pasir | 27 Jun (Sat) | 09:00AM - 11:00AM,0,,2,2,2 / 12,,2 |  | 12,0.00%,S4,Sec,SHis(Pure),SHis,SHis,Potong Pasir,Evan,FALSE
Sec JunCC<>S4 2026<>SS - C Hist<>Evan<>Saturday<>Potong Pasir<>PP-5<>12<>27 Jun<>11:00 am<>,Sec JunCC,S4 2026,SS - C Hist,Evan,Saturday,Potong Pasir,PP-5,12,27 Jun (Sat),11:00:00 AM,S4 Combined History,The Rise of Militarist Japan,6/27/2026,11:15AM - 01:15PM,bit.ly/zenithPP,25 Tai Thong Crescent (Beside 7-11) S347856,25 Tai Thong Crescent (Beside 7-11) S347856  (Video Guide: bit.ly/zenithPP),S4 History,Open - Running,[S4 Combined History] Potong Pasir | 27 Jun (Sat) | 11:15AM - 01:15PM,S4 Combined History - Potong Pasir - 27 Jun Sat 11:15AM,[S4 Combined History] Potong Pasir | 27 Jun (Sat) | 11:15AM - 01:15PM,0,,2,2,2 / 12,,2 |  | 12,0.00%,S4,Sec,SHis(Comb),SHis,SHis,Potong Pasir,Evan,FALSE
Sec JunCC<>S3 2026<>SS - P Hist<>Evan<>Saturday<>Potong Pasir<>PP-5<>12<>27 Jun<>2:00 pm<>,Sec JunCC,S3 2026,SS - P Hist,Evan,Saturday,Potong Pasir,PP-5,12,27 Jun (Sat),2:00:00 PM,S3 Pure History,The Rise of Dictatorship: Germany,6/27/2026,02:00PM - 04:00PM,bit.ly/zenithPP,25 Tai Thong Crescent (Beside 7-11) S347856,25 Tai Thong Crescent (Beside 7-11) S347856  (Video Guide: bit.ly/zenithPP),S3 History,Open - Running,[S3 Pure History] Potong Pasir | 27 Jun (Sat) | 02:00PM - 04:00PM,S3 Pure History - Potong Pasir - 27 Jun Sat 02:00PM,[S3 Pure History] Potong Pasir | 27 Jun (Sat) | 02:00PM - 04:00PM,0,,0,0,0 / 12,,0 |  | 12,0.00%,S3,Sec,SHis(Pure),SHis,SHis,Potong Pasir,Evan,FALSE
Sec JunCC<>S4 2026<>SS - C Hist<>Evan<>Wednesday<>Potong Pasir<>PP-7<>16<>24 Jun<>5:00 pm<>,Sec JunCC,S4 2026,SS - C Hist,Evan,Wednesday,Potong Pasir,PP-7,16,24 Jun (Wed),5:00:00 PM,S4 Combined History,The Rise of Militarist Japan,6/24/2026,05:00PM - 07:00PM,bit.ly/zenithPP,25 Tai Thong Crescent (Beside 7-11) S347856,25 Tai Thong Crescent (Beside 7-11) S347856  (Video Guide: bit.ly/zenithPP),S4 History,Open - Running,[S4 Combined History] Potong Pasir | 24 Jun (Wed) | 05:00PM - 07:00PM,S4 Combined History - Potong Pasir - 24 Jun Wed 05:00PM,[S4 Combined History] Potong Pasir | 24 Jun (Wed) | 05:00PM - 07:00PM,0,,0,0,0 / 16,,0 |  | 16,0.00%,S4,Sec,SHis(Comb),SHis,SHis,Potong Pasir,Evan,FALSE
Sec JunCC<>S3 2026<>SS - P Hist<>Evan<>Wednesday<>Potong Pasir<>PP-7<>16<>24 Jun<>7:00 pm<>,Sec JunCC,S3 2026,SS - P Hist,Evan,Wednesday,Potong Pasir,PP-7,16,24 Jun (Wed),7:00:00 PM,S3 Pure History,The Rise of Dictatorship: Germany,6/24/2026,07:15PM - 09:15PM,bit.ly/zenithPP,25 Tai Thong Crescent (Beside 7-11) S347856,25 Tai Thong Crescent (Beside 7-11) S347856  (Video Guide: bit.ly/zenithPP),S3 History,Open - Running,[S3 Pure History] Potong Pasir | 24 Jun (Wed) | 07:15PM - 09:15PM,S3 Pure History - Potong Pasir - 24 Jun Wed 07:15PM,[S3 Pure History] Potong Pasir | 24 Jun (Wed) | 07:15PM - 09:15PM,0,,0,0,0 / 16,,0 |  | 16,0.00%,S3,Sec,SHis(Pure),SHis,SHis,Potong Pasir,Evan,FALSE
Sec JunCC<>S4 2026<>Sec - P Chem<>Nick<>Monday<>Paya Lebar<>KINEX-1<>24<>22 Jun<>10:00 am<>,Sec JunCC,S4 2026,Sec - P Chem,Nick,Monday,Paya Lebar,KINEX-1,24,22 Jun (Mon),10:00:00 AM,S4/5 Pure Chemistry,Electrochemistry,6/22/2026,10:00AM - 12:00PM,bit.ly/zenithKINEX,11 Tanjong Katong Rd #02-09 (KINEX Mall) S437157,11 Tanjong Katong Rd #02-09 (KINEX Mall) S437157  (Video Guide: bit.ly/zenithKINEX),S4/5 Chemistry,Open - Running,[S4/5 Pure Chemistry] Paya Lebar | 22 Jun (Mon) | 10:00AM - 12:00PM,S4/5 Pure Chemistry - Paya Lebar - 22 Jun Mon 10:00AM,[S4/5 Pure Chemistry] Paya Lebar | 22 Jun (Mon) | 10:00AM - 12:00PM,0,,13,13,13 / 24,,13 |  | 24,0.00%,S4,Sec,SChem(Pure),SChem,SChem,Kinex,Nick,FALSE
Sec JunCC<>S3 2026<>Sec - P Chem<>Nick<>Monday<>Paya Lebar<>KINEX-1<>24<>22 Jun<>1:00 pm<>,Sec JunCC,S3 2026,Sec - P Chem,Nick,Monday,Paya Lebar,KINEX-1,24,22 Jun (Mon),1:00:00 PM,S3 Pure Chemistry,Mole Concept & Stoichiometry,6/22/2026,01:00PM - 03:00PM,bit.ly/zenithKINEX,11 Tanjong Katong Rd #02-09 (KINEX Mall) S437157,11 Tanjong Katong Rd #02-09 (KINEX Mall) S437157  (Video Guide: bit.ly/zenithKINEX),S3 Chemistry,Open - Running,[S3 Pure Chemistry] Paya Lebar | 22 Jun (Mon) | 01:00PM - 03:00PM,S3 Pure Chemistry - Paya Lebar - 22 Jun Mon 01:00PM,[S3 Pure Chemistry] Paya Lebar | 22 Jun (Mon) | 01:00PM - 03:00PM,0,,1,1,1 / 24,,1 |  | 24,0.00%,S3,Sec,SChem(Pure),SChem,SChem,Kinex,Nick,FALSE
Sec JunCC<>S4 2026<>Sec - P Phy<>Nick<>Tuesday<>Paya Lebar<>KINEX-5<>22<>23 Jun<>10:00 am<>,Sec JunCC,S4 2026,Sec - P Phy,Nick,Tuesday,Paya Lebar,KINEX-5,22,23 Jun (Tue),10:00:00 AM,S4/5 Pure Physics,Electromagnetism,6/23/2026,10:00AM - 12:00PM,bit.ly/zenithKINEX,11 Tanjong Katong Rd #02-09 (KINEX Mall) S437157,11 Tanjong Katong Rd #02-09 (KINEX Mall) S437157  (Video Guide: bit.ly/zenithKINEX),S4/5 Physics,Open - Running,[S4/5 Pure Physics] Paya Lebar | 23 Jun (Tue) | 10:00AM - 12:00PM,S4/5 Pure Physics - Paya Lebar - 23 Jun Tue 10:00AM,[S4/5 Pure Physics] Paya Lebar | 23 Jun (Tue) | 10:00AM - 12:00PM,0,,6,6,6 / 22,,6 |  | 22,0.00%,S4,Sec,SPhy(Pure),SPhy,SPhy,Kinex,Nick,FALSE
Sec JunCC<>S3 2026<>Sec - P Phy<>Nick<>Tuesday<>Paya Lebar<>KINEX-5<>22<>23 Jun<>1:00 pm<>,Sec JunCC,S3 2026,Sec - P Phy,Nick,Tuesday,Paya Lebar,KINEX-5,22,23 Jun (Tue),1:00:00 PM,S3 Pure Physics,Energy,6/23/2026,01:00PM - 03:00PM,bit.ly/zenithKINEX,11 Tanjong Katong Rd #02-09 (KINEX Mall) S437157,11 Tanjong Katong Rd #02-09 (KINEX Mall) S437157  (Video Guide: bit.ly/zenithKINEX),S3 Physics,Open - Running,[S3 Pure Physics] Paya Lebar | 23 Jun (Tue) | 01:00PM - 03:00PM,S3 Pure Physics - Paya Lebar - 23 Jun Tue 01:00PM,[S3 Pure Physics] Paya Lebar | 23 Jun (Tue) | 01:00PM - 03:00PM,0,,4,4,4 / 22,,4 |  | 22,0.00%,S3,Sec,SPhy(Pure),SPhy,SPhy,Kinex,Nick,FALSE
Sec JunCC<>S3 2026<>Sec - AM<>Keith<>Wednesday<>Paya Lebar<>KINEX-5<>22<>24 Jun<>3:00 pm<>,Sec JunCC,S3 2026,Sec - AM,Keith,Wednesday,Paya Lebar,KINEX-5,22,24 Jun (Wed),3:00:00 PM,S3 A Math,Exponential & Logarithm Functions,6/24/2026,03:00PM - 05:00PM,bit.ly/zenithKINEX,11 Tanjong Katong Rd #02-09 (KINEX Mall) S437157,11 Tanjong Katong Rd #02-09 (KINEX Mall) S437157  (Video Guide: bit.ly/zenithKINEX),S3 A Math,Open - Running,[S3 A Math] Paya Lebar | 24 Jun (Wed) | 03:00PM - 05:00PM,S3 A Math - Paya Lebar - 24 Jun Wed 03:00PM,[S3 A Math] Paya Lebar | 24 Jun (Wed) | 03:00PM - 05:00PM,0,,0,0,0 / 22,,0 |  | 22,0.00%,S3,Sec,SMath(AM),SMath(AM),SMath,Kinex,Keith,FALSE
Sec JunCC<>S3 2026<>SS - P Hist<>Evan<>Friday<>Tampines<>TP-1 (main)<>28<>26 Jun<>5:00 pm<>,Sec JunCC,S3 2026,SS - P Hist,Evan,Friday,Tampines,TP-1 (main),28,26 Jun (Fri),5:00:00 PM,S3 Pure History,The Rise of Dictatorship: Germany,6/26/2026,05:00PM - 07:00PM,bit.ly/zenithTP,1 Tampines Central #08-10 (CPF Building) SS529508,1 Tampines Central #08-10 (CPF Building) SS529508  (Video Guide: bit.ly/zenithTP),S3 History,Open - Running,[S3 Pure History] Tampines | 26 Jun (Fri) | 05:00PM - 07:00PM,S3 Pure History - Tampines - 26 Jun Fri 05:00PM,[S3 Pure History] Tampines | 26 Jun (Fri) | 05:00PM - 07:00PM,0,,2,2,2 / 28,,2 |  | 28,0.00%,S3,Sec,SHis(Pure),SHis,SHis,Tampines,Evan,FALSE
Sec JunCC<>S4 2026<>SS - C Hist<>Evan<>Friday<>Tampines<>TP-1 (main)<>28<>26 Jun<>7:00 pm<>,Sec JunCC,S4 2026,SS - C Hist,Evan,Friday,Tampines,TP-1 (main),28,26 Jun (Fri),7:00:00 PM,S4 Combined History,The Rise of Militarist Japan,6/26/2026,07:15PM - 09:15PM,bit.ly/zenithTP,1 Tampines Central #08-10 (CPF Building) SS529508,1 Tampines Central #08-10 (CPF Building) SS529508  (Video Guide: bit.ly/zenithTP),S4 History,Open - Running,[S4 Combined History] Tampines | 26 Jun (Fri) | 07:15PM - 09:15PM,S4 Combined History - Tampines - 26 Jun Fri 07:15PM,[S4 Combined History] Tampines | 26 Jun (Fri) | 07:15PM - 09:15PM,0,,4,4,4 / 28,,4 |  | 28,0.00%,S4,Sec,SHis(Comb),SHis,SHis,Tampines,Evan,FALSE
Sec JunCC<>S4 2026<>Sec - C Phy<>Jael<>Monday<>Tampines<>TP-3 (main)<>20<>22 Jun<>1:00 pm<>,Sec JunCC,S4 2026,Sec - C Phy,Jael,Monday,Tampines,TP-3 (main),20,22 Jun (Mon),1:00:00 PM,S4/5 Combined Physics,Electromagnetism,6/22/2026,01:00PM - 03:00PM,bit.ly/zenithTP,1 Tampines Central #08-10 (CPF Building) SS529508,1 Tampines Central #08-10 (CPF Building) SS529508  (Video Guide: bit.ly/zenithTP),S4/5 Physics,Open - Running,[S4/5 Combined Physics] Tampines | 22 Jun (Mon) | 01:00PM - 03:00PM,S4/5 Combined Physics - Tampines - 22 Jun Mon 01:00PM,[S4/5 Combined Physics] Tampines | 22 Jun (Mon) | 01:00PM - 03:00PM,0,,6,6,6 / 20,,6 |  | 20,0.00%,S4,Sec,SPhy(Comb),SPhy,SPhy,Tampines,Jael,FALSE
Sec JunCC<>S2 2026<>Sec - Eng<>Natalie<>Tuesday<>Tampines<>TP-3 (main)<>20<>23 Jun<>11:00 am<>,Sec JunCC,S2 2026,Sec - Eng,Natalie,Tuesday,Tampines,TP-3 (main),20,23 Jun (Tue),11:00:00 AM,S2 English,Narrative Comprehension,6/23/2026,11:15AM - 01:15PM,bit.ly/zenithTP,1 Tampines Central #08-10 (CPF Building) SS529508,1 Tampines Central #08-10 (CPF Building) SS529508  (Video Guide: bit.ly/zenithTP),S2 English,Open - Running,[S2 English] Tampines | 23 Jun (Tue) | 11:15AM - 01:15PM,S2 English - Tampines - 23 Jun Tue 11:15AM,[S2 English] Tampines | 23 Jun (Tue) | 11:15AM - 01:15PM,0,,10,10,10 / 20,,10 |  | 20,0.00%,S2,Sec,LSEng,LSEng,SEng,Tampines,Natalie,FALSE
Sec JunCC<>S4 2026<>Sec - EM<>Andrik<>Tuesday<>Tampines<>TP-4 (ext)<>35<>23 Jun<>3:00 pm<>,Sec JunCC,S4 2026,Sec - EM,Andrik,Tuesday,Tampines,TP-4 (ext),35,23 Jun (Tue),3:00:00 PM,S4/5 E Math,Vectors,6/23/2026,03:00PM - 05:00PM,bit.ly/zenithTP,1 Tampines Central #08-10 (CPF Building) SS529508,1 Tampines Central #08-10 (CPF Building) SS529508  (Video Guide: bit.ly/zenithTP),S4/5 E Math,Closed - Running,,S4/5 E Math - Tampines - 23 Jun Tue 03:00PM,[S4/5 E Math] Tampines | 23 Jun (Tue) | 03:00PM - 05:00PM,0,,38,38,38 / 35,,38 |  | 35,0.00%,S4,Sec,SMath(EM),SMath(EM),SMath,Tampines,Andrik,TRUE
Sec JunCC<>S3 2026<>Sec - AM<>Andrik<>Wednesday<>Tampines<>TP-6 (ext)<>25<>24 Jun<>3:00 pm<>,Sec JunCC,S3 2026,Sec - AM,Andrik,Wednesday,Tampines,TP-6 (ext),25,24 Jun (Wed),3:00:00 PM,S3 A Math,Exponential & Logarithm Functions,6/24/2026,03:00PM - 05:00PM,bit.ly/zenithTP,1 Tampines Central #08-10 (CPF Building) SS529508,1 Tampines Central #08-10 (CPF Building) SS529508  (Video Guide: bit.ly/zenithTP),S3 A Math,Open - Running,[S3 A Math] Tampines | 24 Jun (Wed) | 03:00PM - 05:00PM,S3 A Math - Tampines - 24 Jun Wed 03:00PM,[S3 A Math] Tampines | 24 Jun (Wed) | 03:00PM - 05:00PM,0,,8,8,8 / 25,,8 |  | 25,0.00%,S3,Sec,SMath(AM),SMath(AM),SMath,Tampines,Andrik,FALSE
Sec JunCC<>S3 2026<>Sec - P Chem<>Jia Yi<>Thursday<>Bishan<>BS-1<>24<>25 Jun<>10:00 am<>,Sec JunCC,S3 2026,Sec - P Chem,Jia Yi,Thursday,Bishan,BS-1,24,25 Jun (Thu),10:00:00 AM,S3 Pure Chemistry,Mole Concept & Stoichiometry,6/25/2026,10:00AM - 12:00PM,bit.ly/zenithBISHAN,51 Bishan Street 13 #03-01 (Bishan CC) S579799,51 Bishan Street 13 #03-01 (Bishan CC) S579799  (Video Guide: bit.ly/zenithBISHAN),S3 Chemistry,Open - Running,[S3 Pure Chemistry] Bishan | 25 Jun (Thu) | 10:00AM - 12:00PM,S3 Pure Chemistry - Bishan - 25 Jun Thu 10:00AM,[S3 Pure Chemistry] Bishan | 25 Jun (Thu) | 10:00AM - 12:00PM,0,,3,3,3 / 24,,3 |  | 24,0.00%,S3,Sec,SChem(Pure),SChem,SChem,Bishan CC,Jia Yi,FALSE
Sec JunCC<>S4 2026<>Sec - C Chem<>Daryl<>Friday<>Bishan<>BS-1<>24<>26 Jun<>1:00 pm<>,Sec JunCC,S4 2026,Sec - C Chem,Daryl,Friday,Bishan,BS-1,24,26 Jun (Fri),1:00:00 PM,S4/5 Combined Chemistry,Mole Concept & Stoichiometry,6/26/2026,01:00PM - 03:00PM,bit.ly/zenithBISHAN,51 Bishan Street 13 #03-01 (Bishan CC) S579799,51 Bishan Street 13 #03-01 (Bishan CC) S579799  (Video Guide: bit.ly/zenithBISHAN),S4/5 Chemistry,Open - Running,[S4/5 Combined Chemistry] Bishan | 26 Jun (Fri) | 01:00PM - 03:00PM,S4/5 Combined Chemistry - Bishan - 26 Jun Fri 01:00PM,[S4/5 Combined Chemistry] Bishan | 26 Jun (Fri) | 01:00PM - 03:00PM,0,,15,15,15 / 24,,15 |  | 24,0.00%,S4,Sec,SChem(Comb),SChem,SChem,Bishan CC,Daryl,FALSE
Sec JunCC<>S3 2026<>SS - C Hist<>Evan<>Monday<>Bishan<>BS-2<>31<>22 Jun<>10:00 am<>,Sec JunCC,S3 2026,SS - C Hist,Evan,Monday,Bishan,BS-2,31,22 Jun (Mon),10:00:00 AM,S3 Combined History,The Rise of Dictatorship: Germany,6/22/2026,10:00AM - 12:00PM,bit.ly/zenithBISHAN,51 Bishan Street 13 #03-01 (Bishan CC) S579799,51 Bishan Street 13 #03-01 (Bishan CC) S579799  (Video Guide: bit.ly/zenithBISHAN),S3 History,Open - Running,[S3 Combined History] Bishan | 22 Jun (Mon) | 10:00AM - 12:00PM,S3 Combined History - Bishan - 22 Jun Mon 10:00AM,[S3 Combined History] Bishan | 22 Jun (Mon) | 10:00AM - 12:00PM,0,,1,1,1 / 31,,1 |  | 31,0.00%,S3,Sec,SHis(Comb),SHis,SHis,Bishan CC,Evan,FALSE
Sec JunCC<>S4 2026<>SS - C Hist<>Evan<>Monday<>Bishan<>BS-2<>31<>22 Jun<>1:00 pm<>,Sec JunCC,S4 2026,SS - C Hist,Evan,Monday,Bishan,BS-2,31,22 Jun (Mon),1:00:00 PM,S4 Combined History,The Rise of Militarist Japan,6/22/2026,01:00PM - 03:00PM,bit.ly/zenithBISHAN,51 Bishan Street 13 #03-01 (Bishan CC) S579799,51 Bishan Street 13 #03-01 (Bishan CC) S579799  (Video Guide: bit.ly/zenithBISHAN),S4 History,Open - Running,[S4 Combined History] Bishan | 22 Jun (Mon) | 01:00PM - 03:00PM,S4 Combined History - Bishan - 22 Jun Mon 01:00PM,[S4 Combined History] Bishan | 22 Jun (Mon) | 01:00PM - 03:00PM,0,,6,6,6 / 31,,6 |  | 31,0.00%,S4,Sec,SHis(Comb),SHis,SHis,Bishan CC,Evan,FALSE
Sec JunCC<>S3 2026<>SS - C Hist<>Evan<>Monday<>Bishan<>BS-2<>31<>22 Jun<>5:00 pm<>,Sec JunCC,S3 2026,SS - C Hist,Evan,Monday,Bishan,BS-2,31,22 Jun (Mon),5:00:00 PM,S3 Combined History,The Rise of Dictatorship: Germany,6/22/2026,05:00PM - 07:00PM,bit.ly/zenithBISHAN,51 Bishan Street 13 #03-01 (Bishan CC) S579799,51 Bishan Street 13 #03-01 (Bishan CC) S579799  (Video Guide: bit.ly/zenithBISHAN),S3 History,Open - Running,[S3 Combined History] Bishan | 22 Jun (Mon) | 05:00PM - 07:00PM,S3 Combined History - Bishan - 22 Jun Mon 05:00PM,[S3 Combined History] Bishan | 22 Jun (Mon) | 05:00PM - 07:00PM,0,,1,1,1 / 31,,1 |  | 31,0.00%,S3,Sec,SHis(Comb),SHis,SHis,Bishan CC,Evan,FALSE
Sec JunCC<>S4 2026<>SS - C Hist<>Evan<>Monday<>Bishan<>BS-2<>31<>22 Jun<>7:00 pm<>,Sec JunCC,S4 2026,SS - C Hist,Evan,Monday,Bishan,BS-2,31,22 Jun (Mon),7:00:00 PM,S4 Combined History,The Rise of Militarist Japan,6/22/2026,07:15PM - 09:15PM,bit.ly/zenithBISHAN,51 Bishan Street 13 #03-01 (Bishan CC) S579799,51 Bishan Street 13 #03-01 (Bishan CC) S579799  (Video Guide: bit.ly/zenithBISHAN),S4 History,Open - Running,[S4 Combined History] Bishan | 22 Jun (Mon) | 07:15PM - 09:15PM,S4 Combined History - Bishan - 22 Jun Mon 07:15PM,[S4 Combined History] Bishan | 22 Jun (Mon) | 07:15PM - 09:15PM,0,,1,1,1 / 31,,1 |  | 31,0.00%,S4,Sec,SHis(Comb),SHis,SHis,Bishan CC,Evan,FALSE
Sec JunCC<>S3 2026<>Sec - IP Eng<>Antonia<>Saturday<>Bishan<>BS-3<>15<>27 Jun<>2:00 pm<>,Sec JunCC,S3 2026,Sec - IP Eng,Antonia,Saturday,Bishan,BS-3,15,27 Jun (Sat),2:00:00 PM,S3 IP English,Expository Comprehension,6/27/2026,02:00PM - 04:00PM,bit.ly/zenithBISHAN,51 Bishan Street 13 #03-01 (Bishan CC) S579799,51 Bishan Street 13 #03-01 (Bishan CC) S579799  (Video Guide: bit.ly/zenithBISHAN),S3 English (IP),Open - Running,[S3 IP English] Bishan | 27 Jun (Sat) | 02:00PM - 04:00PM,S3 IP English - Bishan - 27 Jun Sat 02:00PM,[S3 IP English] Bishan | 27 Jun (Sat) | 02:00PM - 04:00PM,0,,0,0,0 / 15,,0 |  | 15,0.00%,S3,Sec,SEng(IP),SEng(IP),SEng,Bishan CC,Antonia,FALSE
Sec JunCC<>S4 2026<>Sec - C Phy<>Jael<>Thursday<>Bishan<>BS-1<>24<>25 Jun<>1:00 pm<>,Sec JunCC,S4 2026,Sec - C Phy,Jael,Thursday,Bishan,BS-1,24,25 Jun (Thu),1:00:00 PM,S4/5 Combined Physics,Electromagnetism,6/25/2026,01:00PM - 03:00PM,bit.ly/zenithBISHAN,51 Bishan Street 13 #03-01 (Bishan CC) S579799,51 Bishan Street 13 #03-01 (Bishan CC) S579799  (Video Guide: bit.ly/zenithBISHAN),S4/5 Physics,Open - Running,[S4/5 Combined Physics] Bishan | 25 Jun (Thu) | 01:00PM - 03:00PM,S4/5 Combined Physics - Bishan - 25 Jun Thu 01:00PM,[S4/5 Combined Physics] Bishan | 25 Jun (Thu) | 01:00PM - 03:00PM,0,,22,22,22 / 24,,22 |  | 24,0.00%,S4,Sec,SPhy(Comb),SPhy,SPhy,Bishan CC,Jael,FALSE
Sec JunCC<>S1 2026<>Sec - IP Eng<>Antonia<>Saturday<>Bishan<>BS-4<>15<>27 Jun<>9:00 am<>,Sec JunCC,S1 2026,Sec - IP Eng,Antonia,Saturday,Bishan,BS-4,15,27 Jun (Sat),9:00:00 AM,S1 IP English,Introduction to Literature,6/27/2026,09:00AM - 11:00AM,bit.ly/zenithBISHAN,51 Bishan Street 13 #03-01 (Bishan CC) S579799,51 Bishan Street 13 #03-01 (Bishan CC) S579799  (Video Guide: bit.ly/zenithBISHAN),S1 English (IP),Closed - Not running,,S1 IP English - Bishan - 27 Jun Sat 09:00AM,[S1 IP English] Bishan | 27 Jun (Sat) | 09:00AM - 11:00AM,0,,1,1,1 / 15,,1 |  | 15,0.00%,S1,Sec,LSEng(IP),LSEng(IP),SEng,Bishan CC,Antonia,FALSE
Sec JunCC<>S2 2026<>Sec - IP Eng<>Antonia<>Saturday<>Bishan<>BS-4<>15<>27 Jun<>11:00 am<>,Sec JunCC,S2 2026,Sec - IP Eng,Antonia,Saturday,Bishan,BS-4,15,27 Jun (Sat),11:00:00 AM,S2 IP English,Summary Writing,6/27/2026,11:15AM - 01:15PM,bit.ly/zenithBISHAN,51 Bishan Street 13 #03-01 (Bishan CC) S579799,51 Bishan Street 13 #03-01 (Bishan CC) S579799  (Video Guide: bit.ly/zenithBISHAN),S2 English (IP),Closed - Not running,,S2 IP English - Bishan - 27 Jun Sat 11:15AM,[S2 IP English] Bishan | 27 Jun (Sat) | 11:15AM - 01:15PM,0,,0,0,0 / 15,,0 |  | 15,0.00%,S2,Sec,LSEng(IP),LSEng(IP),SEng,Bishan CC,Antonia,FALSE
Sec JunCC<>S4 2026<>Sec - C Chem<>Shandace<>Friday<>Bishan<>BS-6<>18<>26 Jun<>7:00 pm<>,Sec JunCC,S4 2026,Sec - C Chem,Shandace,Friday,Bishan,BS-6,18,26 Jun (Fri),7:00:00 PM,S4/5 Combined Chemistry,Mole Concept & Stoichiometry,6/26/2026,07:15PM - 09:15PM,bit.ly/zenithBISHAN,51 Bishan Street 13 #03-01 (Bishan CC) S579799,51 Bishan Street 13 #03-01 (Bishan CC) S579799  (Video Guide: bit.ly/zenithBISHAN),S4/5 Chemistry,Open - Running,[S4/5 Combined Chemistry] Bishan | 26 Jun (Fri) | 07:15PM - 09:15PM,S4/5 Combined Chemistry - Bishan - 26 Jun Fri 07:15PM,[S4/5 Combined Chemistry] Bishan | 26 Jun (Fri) | 07:15PM - 09:15PM,0,,0,0,0 / 18,,0 |  | 18,0.00%,S4,Sec,SChem(Comb),SChem,SChem,Bishan CC,Shandace,FALSE
Sec JunCC<>S3 2026<>Sec - EM<>Xav<>Saturday<>Bishan<>BS-7<>9<>27 Jun<>7:00 pm<>,Sec JunCC,S3 2026,Sec - EM,Xav,Saturday,Bishan,BS-7,9,27 Jun (Sat),7:00:00 PM,S3 E Math,Properties of Circles,6/27/2026,07:15PM - 09:15PM,bit.ly/zenithBISHAN,51 Bishan Street 13 #03-01 (Bishan CC) S579799,51 Bishan Street 13 #03-01 (Bishan CC) S579799  (Video Guide: bit.ly/zenithBISHAN),S3 E Math,Open - Running,[S3 E Math] Bishan | 27 Jun (Sat) | 07:15PM - 09:15PM,S3 E Math - Bishan - 27 Jun Sat 07:15PM,[S3 E Math] Bishan | 27 Jun (Sat) | 07:15PM - 09:15PM,0,,0,0,0 / 9,,0 |  | 9,0.00%,S3,Sec,SMath(EM),SMath(EM),SMath,Bishan CC,Xav,FALSE
Sec JunCC<>S3 2026<>Sec - AM<>Keith<>Tuesday<>Bukit Panjang<>BP-2<>12<>23 Jun<>3:00 pm<>,Sec JunCC,S3 2026,Sec - AM,Keith,Tuesday,Bukit Panjang,BP-2,12,23 Jun (Tue),3:00:00 PM,S3 A Math,Exponential & Logarithm Functions,6/23/2026,03:00PM - 05:00PM,bit.ly/zenithBP,1 Woodlands Road #01-10 (Junction10) S677899,1 Woodlands Road #01-10 (Junction10) S677899  (Video Guide: bit.ly/zenithBP),S3 A Math,Open - Running,[S3 A Math] Bukit Panjang | 23 Jun (Tue) | 03:00PM - 05:00PM,S3 A Math - Bukit Panjang - 23 Jun Tue 03:00PM,[S3 A Math] Bukit Panjang | 23 Jun (Tue) | 03:00PM - 05:00PM,0,,1,1,1 / 12,,1 |  | 12,0.00%,S3,Sec,SMath(AM),SMath(AM),SMath,Bukit Panjang,Keith,FALSE
Sec JunCC<>S2 2026<>Sec - LS Science<>Chen Hong<>Wednesday<>Bukit Panjang<>BP-2<>12<>24 Jun<>1:00 pm<>,Sec JunCC,S2 2026,Sec - LS Science,Chen Hong,Wednesday,Bukit Panjang,BP-2,12,24 Jun (Wed),1:00:00 PM,S2 Science,Electrical Systems,6/24/2026,01:00PM - 03:00PM,bit.ly/zenithBP,1 Woodlands Road #01-10 (Junction10) S677899,1 Woodlands Road #01-10 (Junction10) S677899  (Video Guide: bit.ly/zenithBP),S2 Science,Open - Running,[S2 Science] Bukit Panjang | 24 Jun (Wed) | 01:00PM - 03:00PM,S2 Science - Bukit Panjang - 24 Jun Wed 01:00PM,[S2 Science] Bukit Panjang | 24 Jun (Wed) | 01:00PM - 03:00PM,0,,8,8,8 / 12,,8 |  | 12,0.00%,S2,Sec,LSScience,LSScience,LSScience,Bukit Panjang,Chen Hong,FALSE
Sec JunCC<>S3 2026<>Sec - EM<>Xav<>Sunday<>Bukit Panjang<>BP-2<>12<>28 Jun<>2:00 pm<>,Sec JunCC,S3 2026,Sec - EM,Xav,Sunday,Bukit Panjang,BP-2,12,28 Jun (Sun),2:00:00 PM,S3 E Math,Properties of Circles,6/28/2026,02:00PM - 04:00PM,bit.ly/zenithBP,1 Woodlands Road #01-10 (Junction10) S677899,1 Woodlands Road #01-10 (Junction10) S677899  (Video Guide: bit.ly/zenithBP),S3 E Math,Open - Running,[S3 E Math] Bukit Panjang | 28 Jun (Sun) | 02:00PM - 04:00PM,S3 E Math - Bukit Panjang - 28 Jun Sun 02:00PM,[S3 E Math] Bukit Panjang | 28 Jun (Sun) | 02:00PM - 04:00PM,0,,2,2,2 / 12,,2 |  | 12,0.00%,S3,Sec,SMath(EM),SMath(EM),SMath,Bukit Panjang,Xav,FALSE
Sec JunCC<>S3 2026<>Sec - P Chem<>Joshua Teo<>Thursday<>Jurong East<>JE-4<>25<>25 Jun<>10:00 am<>,Sec JunCC,S3 2026,Sec - P Chem,Joshua Teo,Thursday,Jurong East,JE-4,25,25 Jun (Thu),10:00:00 AM,S3 Pure Chemistry,Mole Concept & Stoichiometry,6/25/2026,10:00AM - 12:00PM,https://tinyurl.com/4cnf5kwu,21 Jurong Gateway Rd #02-01 (CPF Jurong Building) S608546,21 Jurong Gateway Rd #02-01 (CPF Jurong Building) S608546  (Video Guide: https://tinyurl.com/4cnf5kwu),S3 Chemistry,Open - Running,[S3 Pure Chemistry] Jurong East | 25 Jun (Thu) | 10:00AM - 12:00PM,S3 Pure Chemistry - Jurong East - 25 Jun Thu 10:00AM,[S3 Pure Chemistry] Jurong East | 25 Jun (Thu) | 10:00AM - 12:00PM,0,,9,9,9 / 25,,9 |  | 25,0.00%,S3,Sec,SChem(Pure),SChem,SChem,Jurong East,Joshua Teo,FALSE
Sec JunCC<>S4 2026<>Sec - P Chem<>Joshua Teo<>Thursday<>Jurong East<>JE-1<>30<>25 Jun<>1:00 pm<>,Sec JunCC,S4 2026,Sec - P Chem,Joshua Teo,Thursday,Jurong East,JE-1,30,25 Jun (Thu),1:00:00 PM,S4/5 Pure Chemistry,Electrochemistry,6/25/2026,01:00PM - 03:00PM,https://tinyurl.com/4cnf5kwu,21 Jurong Gateway Rd #02-01 (CPF Jurong Building) S608546,21 Jurong Gateway Rd #02-01 (CPF Jurong Building) S608546  (Video Guide: https://tinyurl.com/4cnf5kwu),S4/5 Chemistry,Open - Running,[S4/5 Pure Chemistry] Jurong East | 25 Jun (Thu) | 01:00PM - 03:00PM,S4/5 Pure Chemistry - Jurong East - 25 Jun Thu 01:00PM,[S4/5 Pure Chemistry] Jurong East | 25 Jun (Thu) | 01:00PM - 03:00PM,0,,28,28,28 / 30,,28 |  | 30,0.00%,S4,Sec,SChem(Pure),SChem,SChem,Jurong East,Joshua Teo,TRUE
Sec JunCC<>S3 2026<>Sec - Eng<>Adam<>Thursday<>Kovan<>KO-2<>21<>25 Jun<>1:00 pm<>,Sec JunCC,S3 2026,Sec - Eng,Adam,Thursday,Kovan,KO-2,21,25 Jun (Thu),1:00:00 PM,S3 English,Narrative Comprehension,6/25/2026,01:00PM - 03:00PM,https://tinyurl.com/SOKGuide,988 Upper Serangoon Rd #01-16 (Stars of Kovan) S534733,988 Upper Serangoon Rd #01-16 (Stars of Kovan) S534733  (Video Guide: https://tinyurl.com/SOKGuide),S3 English,Open - Running,[S3 English] Kovan | 25 Jun (Thu) | 01:00PM - 03:00PM,S3 English - Kovan - 25 Jun Thu 01:00PM,[S3 English] Kovan | 25 Jun (Thu) | 01:00PM - 03:00PM,0,,2,2,2 / 21,,2 |  | 21,0.00%,S3,Sec,SEng,SEng,SEng,Kovan,Adam,FALSE
Sec JunCC<>S4 2026<>Sec - AM<>Gin<>Saturday<>Kovan<>KO-2<>21<>27 Jun<>9:00 am<>,Sec JunCC,S4 2026,Sec - AM,Gin,Saturday,Kovan,KO-2,21,27 Jun (Sat),9:00:00 AM,S4/5 A Math,Kinematics,6/27/2026,09:00AM - 11:00AM,https://tinyurl.com/SOKGuide,988 Upper Serangoon Rd #01-16 (Stars of Kovan) S534733,988 Upper Serangoon Rd #01-16 (Stars of Kovan) S534733  (Video Guide: https://tinyurl.com/SOKGuide),S4/5 A Math,Open - Running,[S4/5 A Math] Kovan | 27 Jun (Sat) | 09:00AM - 11:00AM,S4/5 A Math - Kovan - 27 Jun Sat 09:00AM,[S4/5 A Math] Kovan | 27 Jun (Sat) | 09:00AM - 11:00AM,0,,2,2,2 / 21,,2 |  | 21,0.00%,S4,Sec,SMath(AM),SMath(AM),SMath,Kovan,Gin,FALSE
Sec JunCC<>S3 2026<>Sec - AM<>Gin<>Saturday<>Kovan<>KO-2<>21<>27 Jun<>11:00 am<>,Sec JunCC,S3 2026,Sec - AM,Gin,Saturday,Kovan,KO-2,21,27 Jun (Sat),11:00:00 AM,S3 A Math,Exponential & Logarithm Functions,6/27/2026,11:15AM - 01:15PM,https://tinyurl.com/SOKGuide,988 Upper Serangoon Rd #01-16 (Stars of Kovan) S534733,988 Upper Serangoon Rd #01-16 (Stars of Kovan) S534733  (Video Guide: https://tinyurl.com/SOKGuide),S3 A Math,Open - Running,[S3 A Math] Kovan | 27 Jun (Sat) | 11:15AM - 01:15PM,S3 A Math - Kovan - 27 Jun Sat 11:15AM,[S3 A Math] Kovan | 27 Jun (Sat) | 11:15AM - 01:15PM,0,,3,3,3 / 21,,3 |  | 21,0.00%,S3,Sec,SMath(AM),SMath(AM),SMath,Kovan,Gin,FALSE
Sec JunCC<>S2 2026<>Sec - LS Math<>Gin<>Sunday<>Kovan<>KO-2<>21<>28 Jun<>9:00 am<>,Sec JunCC,S2 2026,Sec - LS Math,Gin,Sunday,Kovan,KO-2,21,28 Jun (Sun),9:00:00 AM,S2 Math,"Pythagoras' Theorem, Basic Trigonometry",6/28/2026,09:00AM - 11:00AM,https://tinyurl.com/SOKGuide,988 Upper Serangoon Rd #01-16 (Stars of Kovan) S534733,988 Upper Serangoon Rd #01-16 (Stars of Kovan) S534733  (Video Guide: https://tinyurl.com/SOKGuide),S2 Math,Open - Running,[S2 Math] Kovan | 28 Jun (Sun) | 09:00AM - 11:00AM,S2 Math - Kovan - 28 Jun Sun 09:00AM,[S2 Math] Kovan | 28 Jun (Sun) | 09:00AM - 11:00AM,0,,0,0,0 / 21,,0 |  | 21,0.00%,S2,Sec,LSMath,LSMath,SMath,Kovan,Gin,FALSE
Sec JunCC<>S4 2026<>Sec - AM<>Gin<>Sunday<>Kovan<>KO-2<>21<>28 Jun<>2:00 pm<>,Sec JunCC,S4 2026,Sec - AM,Gin,Sunday,Kovan,KO-2,21,28 Jun (Sun),2:00:00 PM,S4/5 A Math,Kinematics,6/28/2026,02:00PM - 04:00PM,https://tinyurl.com/SOKGuide,988 Upper Serangoon Rd #01-16 (Stars of Kovan) S534733,988 Upper Serangoon Rd #01-16 (Stars of Kovan) S534733  (Video Guide: https://tinyurl.com/SOKGuide),S4/5 A Math,Open - Running,[S4/5 A Math] Kovan | 28 Jun (Sun) | 02:00PM - 04:00PM,S4/5 A Math - Kovan - 28 Jun Sun 02:00PM,[S4/5 A Math] Kovan | 28 Jun (Sun) | 02:00PM - 04:00PM,0,,0,0,0 / 21,,0 |  | 21,0.00%,S4,Sec,SMath(AM),SMath(AM),SMath,Kovan,Gin,FALSE
Sec JunCC<>S3 2026<>Sec - AM<>Gin<>Sunday<>Kovan<>KO-2<>21<>28 Jun<>4:00 pm<>,Sec JunCC,S3 2026,Sec - AM,Gin,Sunday,Kovan,KO-2,21,28 Jun (Sun),4:00:00 PM,S3 A Math,Exponential & Logarithm Functions,6/28/2026,04:15PM - 06:15PM,https://tinyurl.com/SOKGuide,988 Upper Serangoon Rd #01-16 (Stars of Kovan) S534733,988 Upper Serangoon Rd #01-16 (Stars of Kovan) S534733  (Video Guide: https://tinyurl.com/SOKGuide),S3 A Math,Open - Running,[S3 A Math] Kovan | 28 Jun (Sun) | 04:15PM - 06:15PM,S3 A Math - Kovan - 28 Jun Sun 04:15PM,[S3 A Math] Kovan | 28 Jun (Sun) | 04:15PM - 06:15PM,0,,0,0,0 / 21,,0 |  | 21,0.00%,S3,Sec,SMath(AM),SMath(AM),SMath,Kovan,Gin,FALSE
Sec JunCC<>S3 2026<>Sec - P Chem<>Shandace<>Tuesday<>Kovan<>KO-3<>23<>23 Jun<>10:00 am<>,Sec JunCC,S3 2026,Sec - P Chem,Shandace,Tuesday,Kovan,KO-3,23,23 Jun (Tue),10:00:00 AM,S3 Pure Chemistry,Mole Concept & Stoichiometry,6/23/2026,10:00AM - 12:00PM,https://tinyurl.com/SOKGuide,988 Upper Serangoon Rd #01-16 (Stars of Kovan) S534733,988 Upper Serangoon Rd #01-16 (Stars of Kovan) S534733  (Video Guide: https://tinyurl.com/SOKGuide),S3 Chemistry,Open - Running,[S3 Pure Chemistry] Kovan | 23 Jun (Tue) | 10:00AM - 12:00PM,S3 Pure Chemistry - Kovan - 23 Jun Tue 10:00AM,[S3 Pure Chemistry] Kovan | 23 Jun (Tue) | 10:00AM - 12:00PM,0,,2,2,2 / 23,,2 |  | 23,0.00%,S3,Sec,SChem(Pure),SChem,SChem,Kovan,Shandace,FALSE
Sec JunCC<>S1 2026<>Sec - Eng<>Adam<>Wednesday<>Kovan<>KO-3<>23<>24 Jun<>10:00 am<>,Sec JunCC,S1 2026,Sec - Eng,Adam,Wednesday,Kovan,KO-3,23,24 Jun (Wed),10:00:00 AM,S1 English,Narrative Comprehension,6/24/2026,10:00AM - 12:00PM,https://tinyurl.com/SOKGuide,988 Upper Serangoon Rd #01-16 (Stars of Kovan) S534733,988 Upper Serangoon Rd #01-16 (Stars of Kovan) S534733  (Video Guide: https://tinyurl.com/SOKGuide),S1 English,Open - Running,[S1 English] Kovan | 24 Jun (Wed) | 10:00AM - 12:00PM,S1 English - Kovan - 24 Jun Wed 10:00AM,[S1 English] Kovan | 24 Jun (Wed) | 10:00AM - 12:00PM,0,,3,3,3 / 23,,3 |  | 23,0.00%,S1,Sec,LSEng,LSEng,SEng,Kovan,Adam,FALSE
Sec JunCC<>S2 2026<>Sec - Eng<>Adam<>Wednesday<>Kovan<>KO-3<>23<>24 Jun<>1:00 pm<>,Sec JunCC,S2 2026,Sec - Eng,Adam,Wednesday,Kovan,KO-3,23,24 Jun (Wed),1:00:00 PM,S2 English,Narrative Comprehension,6/24/2026,01:00PM - 03:00PM,https://tinyurl.com/SOKGuide,988 Upper Serangoon Rd #01-16 (Stars of Kovan) S534733,988 Upper Serangoon Rd #01-16 (Stars of Kovan) S534733  (Video Guide: https://tinyurl.com/SOKGuide),S2 English,Open - Running,[S2 English] Kovan | 24 Jun (Wed) | 01:00PM - 03:00PM,S2 English - Kovan - 24 Jun Wed 01:00PM,[S2 English] Kovan | 24 Jun (Wed) | 01:00PM - 03:00PM,0,,4,4,4 / 23,,4 |  | 23,0.00%,S2,Sec,LSEng,LSEng,SEng,Kovan,Adam,FALSE
Sec JunCC<>S4 2026<>Sec - Eng<>Adam<>Tuesday<>Kovan<>KO-4<>24<>23 Jun<>10:00 am<>,Sec JunCC,S4 2026,Sec - Eng,Adam,Tuesday,Kovan,KO-4,24,23 Jun (Tue),10:00:00 AM,S4/5 English,Narrative Comprehension,6/23/2026,10:00AM - 12:00PM,https://tinyurl.com/SOKGuide,988 Upper Serangoon Rd #01-16 (Stars of Kovan) S534733,988 Upper Serangoon Rd #01-16 (Stars of Kovan) S534733  (Video Guide: https://tinyurl.com/SOKGuide),S4/5 English,Closed - Running,,S4/5 English - Kovan - 23 Jun Tue 10:00AM,[S4/5 English] Kovan | 23 Jun (Tue) | 10:00AM - 12:00PM,0,,27,27,27 / 24,,27 |  | 24,0.00%,S4,Sec,SEng,SEng,SEng,Kovan,Adam,FALSE
Sec JunCC<>S1 2026<>Sec - LS Science<>Vivien<>Wednesday<>King Albert Park<>KAP-1<>15<>24 Jun<>1:00 pm<>,Sec JunCC,S1 2026,Sec - LS Science,Vivien,Wednesday,King Albert Park,KAP-1,15,24 Jun (Wed),1:00:00 PM,S1 Science,Ray Model of Light,6/24/2026,01:00PM - 03:00PM,https://tinyurl.com/zenithKAP,896 Dunearn Road Dunearn Village #04-16 S589472,896 Dunearn Road Dunearn Village #04-16 S589472  (Video Guide: https://tinyurl.com/zenithKAP),S1 Science,Open - Running,[S1 Science] King Albert Park | 24 Jun (Wed) | 01:00PM - 03:00PM,S1 Science - King Albert Park - 24 Jun Wed 01:00PM,[S1 Science] King Albert Park | 24 Jun (Wed) | 01:00PM - 03:00PM,0,,5,5,5 / 15,,5 |  | 15,0.00%,S1,Sec,LSScience,LSScience,LSScience,King Albert Park,Vivien,FALSE
Sec JunCC<>S1 2026<>Sec - LS Science<>Chen Hong<>Tuesday<>King Albert Park<>KAP-3<>15<>23 Jun<>5:00 pm<>,Sec JunCC,S1 2026,Sec - LS Science,Chen Hong,Tuesday,King Albert Park,KAP-3,15,23 Jun (Tue),5:00:00 PM,S1 Science,Ray Model of Light,6/23/2026,05:00PM - 07:00PM,https://tinyurl.com/zenithKAP,896 Dunearn Road Dunearn Village #04-16 S589472,896 Dunearn Road Dunearn Village #04-16 S589472  (Video Guide: https://tinyurl.com/zenithKAP),S1 Science,Open - Running,[S1 Science] King Albert Park | 23 Jun (Tue) | 05:00PM - 07:00PM,S1 Science - King Albert Park - 23 Jun Tue 05:00PM,[S1 Science] King Albert Park | 23 Jun (Tue) | 05:00PM - 07:00PM,0,,0,0,0 / 15,,0 |  | 15,0.00%,S1,Sec,LSScience,LSScience,LSScience,King Albert Park,Chen Hong,FALSE
Sec JunCC<>S3 2026<>Sec - IP Chem<>Joshua Teo<>Tuesday<>King Albert Park<>KAP-4<>18<>23 Jun<>10:00 am<>,Sec JunCC,S3 2026,Sec - IP Chem,Joshua Teo,Tuesday,King Albert Park,KAP-4,18,23 Jun (Tue),10:00:00 AM,S3 IP Chemistry,Mole Concept & Stoichiometry,6/23/2026,10:00AM - 12:00PM,https://tinyurl.com/zenithKAP,896 Dunearn Road Dunearn Village #04-16 S589472,896 Dunearn Road Dunearn Village #04-16 S589472  (Video Guide: https://tinyurl.com/zenithKAP),S3 Chemistry (IP),Open - Running,[S3 IP Chemistry] King Albert Park | 23 Jun (Tue) | 10:00AM - 12:00PM,S3 IP Chemistry - King Albert Park - 23 Jun Tue 10:00AM,[S3 IP Chemistry] King Albert Park | 23 Jun (Tue) | 10:00AM - 12:00PM,0,,6,6,6 / 18,,6 |  | 18,0.00%,S3,Sec,SChem(IP),SChem(IP),SChem,King Albert Park,Joshua Teo,FALSE
Sec JunCC<>S4 2026<>Sec - IP Chem<>Joshua Teo<>Tuesday<>King Albert Park<>KAP-4<>18<>23 Jun<>1:00 pm<>,Sec JunCC,S4 2026,Sec - IP Chem,Joshua Teo,Tuesday,King Albert Park,KAP-4,18,23 Jun (Tue),1:00:00 PM,S4 IP Chemistry,Electrochemistry,6/23/2026,01:00PM - 03:00PM,https://tinyurl.com/zenithKAP,896 Dunearn Road Dunearn Village #04-16 S589472,896 Dunearn Road Dunearn Village #04-16 S589472  (Video Guide: https://tinyurl.com/zenithKAP),S4 Chemistry (IP),Open - Running,[S4 IP Chemistry] King Albert Park | 23 Jun (Tue) | 01:00PM - 03:00PM,S4 IP Chemistry - King Albert Park - 23 Jun Tue 01:00PM,[S4 IP Chemistry] King Albert Park | 23 Jun (Tue) | 01:00PM - 03:00PM,0,,11,11,11 / 18,,11 |  | 18,0.00%,S4,Sec,SChem(IP),SChem(IP),SChem,King Albert Park,Joshua Teo,FALSE
Sec JunCC<>S4 2026<>Sec - IP Math<>Bryant<>Tuesday<>King Albert Park<>KAP-5<>24<>23 Jun<>7:00 pm<>,Sec JunCC,S4 2026,Sec - IP Math,Bryant,Tuesday,King Albert Park,KAP-5,24,23 Jun (Tue),7:00:00 PM,S4 IP Math,Techniques of Integration,6/23/2026,07:15PM - 09:15PM,https://tinyurl.com/zenithKAP,896 Dunearn Road Dunearn Village #04-16 S589472,896 Dunearn Road Dunearn Village #04-16 S589472  (Video Guide: https://tinyurl.com/zenithKAP),S4 Math (IP),Closed - Not running,,S4 IP Math - King Albert Park - 23 Jun Tue 07:15PM,[S4 IP Math] King Albert Park | 23 Jun (Tue) | 07:15PM - 09:15PM,0,,6,6,6 / 24,,6 |  | 24,0.00%,S4,Sec,SMath(IP),SMath(IP),SMath,King Albert Park,Bryant,FALSE
Sec JunCC<>S4 2026<>Sec - SS<>Lynn Seah<>Saturday<>Serangoon<>BHC-2<>23<>27 Jun<>9:00 am<>,Sec JunCC,S4 2026,Sec - SS,Lynn Seah,Saturday,Serangoon,BHC-2,23,27 Jun (Sat),9:00:00 AM,S4 Social Studies,SBQ skills (source analysis; surprise/hybrid/assertion),6/27/2026,09:00AM - 11:00AM,https://tinyurl.com/zenithSERANGOON,50 Serangoon Avenue 2 #03-01 S556129,50 Serangoon Avenue 2 #03-01 S556129  (Video Guide: https://tinyurl.com/zenithSERANGOON),S4 Social Studies,Open - Running,[S4 Social Studies] Serangoon | 27 Jun (Sat) | 09:00AM - 11:00AM,S4 Social Studies - Serangoon - 27 Jun Sat 09:00AM,[S4 Social Studies] Serangoon | 27 Jun (Sat) | 09:00AM - 11:00AM,0,,4,4,4 / 23,,4 |  | 23,0.00%,S4,Sec,SSoc,SSoc,SSoc,Braddell Heights,Lynn Seah,FALSE
Sec JunCC<>S3 2026<>Sec - SS<>Lynn Seah<>Saturday<>Serangoon<>BHC-2<>23<>27 Jun<>11:00 am<>,Sec JunCC,S3 2026,Sec - SS,Lynn Seah,Saturday,Serangoon,BHC-2,23,27 Jun (Sat),11:00:00 AM,S3 Social Studies,"SBQ skills (source analysis; comparison, reliability & usefulness)",6/27/2026,11:15AM - 01:15PM,https://tinyurl.com/zenithSERANGOON,50 Serangoon Avenue 2 #03-01 S556129,50 Serangoon Avenue 2 #03-01 S556129  (Video Guide: https://tinyurl.com/zenithSERANGOON),S3 Social Studies,Open - Running,[S3 Social Studies] Serangoon | 27 Jun (Sat) | 11:15AM - 01:15PM,S3 Social Studies - Serangoon - 27 Jun Sat 11:15AM,[S3 Social Studies] Serangoon | 27 Jun (Sat) | 11:15AM - 01:15PM,0,,3,3,3 / 23,,3 |  | 23,0.00%,S3,Sec,SSoc,SSoc,SSoc,Braddell Heights,Lynn Seah,FALSE
Sec JunCC<>S4 2026<>Sec - SS<>Lynn Seah<>Saturday<>Serangoon<>BHC-2<>23<>27 Jun<>2:00 pm<>,Sec JunCC,S4 2026,Sec - SS,Lynn Seah,Saturday,Serangoon,BHC-2,23,27 Jun (Sat),2:00:00 PM,S4 Social Studies,SBQ skills (source analysis; surprise/hybrid/assertion),6/27/2026,02:00PM - 04:00PM,https://tinyurl.com/zenithSERANGOON,50 Serangoon Avenue 2 #03-01 S556129,50 Serangoon Avenue 2 #03-01 S556129  (Video Guide: https://tinyurl.com/zenithSERANGOON),S4 Social Studies,Open - Running,[S4 Social Studies] Serangoon | 27 Jun (Sat) | 02:00PM - 04:00PM,S4 Social Studies - Serangoon - 27 Jun Sat 02:00PM,[S4 Social Studies] Serangoon | 27 Jun (Sat) | 02:00PM - 04:00PM,0,,6,6,6 / 23,,6 |  | 23,0.00%,S4,Sec,SSoc,SSoc,SSoc,Braddell Heights,Lynn Seah,FALSE
Sec JunCC<>S1 2026<>Sec - LS Math<>Gwen<>Tuesday<>Serangoon<>BHC-3<>21<>23 Jun<>5:00 pm<>,Sec JunCC,S1 2026,Sec - LS Math,Gwen,Tuesday,Serangoon,BHC-3,21,23 Jun (Tue),5:00:00 PM,S1 Math,"Percentage & Ratio, Algebra Revision",6/23/2026,05:00PM - 07:00PM,https://tinyurl.com/zenithSERANGOON,50 Serangoon Avenue 2 #03-01 S556129,50 Serangoon Avenue 2 #03-01 S556129  (Video Guide: https://tinyurl.com/zenithSERANGOON),S1 Math,Closed - Not running,,S1 Math - Serangoon - 23 Jun Tue 05:00PM,[S1 Math] Serangoon | 23 Jun (Tue) | 05:00PM - 07:00PM,0,,6,6,6 / 21,,6 |  | 21,0.00%,S1,Sec,LSMath,LSMath,SMath,Braddell Heights,Gwen,FALSE
Sec JunCC<>S2 2026<>Sec - LS Math<>Gwen<>Tuesday<>Serangoon<>BHC-3<>21<>23 Jun<>7:00 pm<>,Sec JunCC,S2 2026,Sec - LS Math,Gwen,Tuesday,Serangoon,BHC-3,21,23 Jun (Tue),7:00:00 PM,S2 Math,"Pythagoras' Theorem, Basic Trigonometry",6/23/2026,07:15PM - 09:15PM,https://tinyurl.com/zenithSERANGOON,50 Serangoon Avenue 2 #03-01 S556129,50 Serangoon Avenue 2 #03-01 S556129  (Video Guide: https://tinyurl.com/zenithSERANGOON),S2 Math,Open - Running,[S2 Math] Serangoon | 23 Jun (Tue) | 07:15PM - 09:15PM,S2 Math - Serangoon - 23 Jun Tue 07:15PM,[S2 Math] Serangoon | 23 Jun (Tue) | 07:15PM - 09:15PM,0,,3,3,3 / 21,,3 |  | 21,0.00%,S2,Sec,LSMath,LSMath,SMath,Braddell Heights,Gwen,FALSE
Sec JunCC<>S3 2026<>SS - C Lit<>Adri<>Saturday<>Serangoon<>BHC-3<>21<>27 Jun<>9:00 am<>,Sec JunCC,S3 2026,SS - C Lit,Adri,Saturday,Serangoon,BHC-3,21,27 Jun (Sat),9:00:00 AM,S3 Combined Literature,Unseen Poetry (Building Insight through Language/Context Clues),6/27/2026,09:00AM - 11:00AM,https://tinyurl.com/zenithSERANGOON,50 Serangoon Avenue 2 #03-01 S556129,50 Serangoon Avenue 2 #03-01 S556129  (Video Guide: https://tinyurl.com/zenithSERANGOON),S3 Literature,Open - Running,[S3 Combined Literature] Serangoon | 27 Jun (Sat) | 09:00AM - 11:00AM,S3 Combined Literature - Serangoon - 27 Jun Sat 09:00AM,[S3 Combined Literature] Serangoon | 27 Jun (Sat) | 09:00AM - 11:00AM,0,,0,0,0 / 21,,0 |  | 21,0.00%,S3,Sec,SLit(Comb),SLit,SLit,Braddell Heights,Adri,FALSE
Sec JunCC<>S4 2026<>SS - C Lit<>Adri<>Saturday<>Serangoon<>BHC-3<>21<>27 Jun<>11:00 am<>,Sec JunCC,S4 2026,SS - C Lit,Adri,Saturday,Serangoon,BHC-3,21,27 Jun (Sat),11:00:00 AM,S4 Combined Literature,Unseen Poetry (Building Insight through Language/Context Clues),6/27/2026,11:15AM - 01:15PM,https://tinyurl.com/zenithSERANGOON,50 Serangoon Avenue 2 #03-01 S556129,50 Serangoon Avenue 2 #03-01 S556129  (Video Guide: https://tinyurl.com/zenithSERANGOON),S4 Literature,Open - Running,[S4 Combined Literature] Serangoon | 27 Jun (Sat) | 11:15AM - 01:15PM,S4 Combined Literature - Serangoon - 27 Jun Sat 11:15AM,[S4 Combined Literature] Serangoon | 27 Jun (Sat) | 11:15AM - 01:15PM,0,,0,0,0 / 21,,0 |  | 21,0.00%,S4,Sec,SLit(Comb),SLit,SLit,Braddell Heights,Adri,FALSE
Sec JunCC<>S4 2026<>SS - P Lit<>Adri<>Saturday<>Serangoon<>BHC-3<>21<>27 Jun<>2:00 pm<>,Sec JunCC,S4 2026,SS - P Lit,Adri,Saturday,Serangoon,BHC-3,21,27 Jun (Sat),2:00:00 PM,S4 Pure Literature,Unseen Poetry (Building Insight through Language/Context Clues),6/27/2026,02:00PM - 04:00PM,https://tinyurl.com/zenithSERANGOON,50 Serangoon Avenue 2 #03-01 S556129,50 Serangoon Avenue 2 #03-01 S556129  (Video Guide: https://tinyurl.com/zenithSERANGOON),S4 Literature,Open - Running,[S4 Pure Literature] Serangoon | 27 Jun (Sat) | 02:00PM - 04:00PM,S4 Pure Literature - Serangoon - 27 Jun Sat 02:00PM,[S4 Pure Literature] Serangoon | 27 Jun (Sat) | 02:00PM - 04:00PM,0,,1,1,1 / 21,,1 |  | 21,0.00%,S4,Sec,SLit(Pure),SLit,SLit,Braddell Heights,Adri,FALSE
Sec JunCC<>S3 2026<>SS - C Lit<>Adri<>Tuesday<>Serangoon<>BHC-4<>21<>23 Jun<>10:00 am<>,Sec JunCC,S3 2026,SS - C Lit,Adri,Tuesday,Serangoon,BHC-4,21,23 Jun (Tue),10:00:00 AM,S3 Combined Literature,Unseen Poetry (Building Insight through Language/Context Clues),6/23/2026,10:00AM - 12:00PM,https://tinyurl.com/zenithSERANGOON,50 Serangoon Avenue 2 #03-01 S556129,50 Serangoon Avenue 2 #03-01 S556129  (Video Guide: https://tinyurl.com/zenithSERANGOON),S3 Literature,Open - Running,[S3 Combined Literature] Serangoon | 23 Jun (Tue) | 10:00AM - 12:00PM,S3 Combined Literature - Serangoon - 23 Jun Tue 10:00AM,[S3 Combined Literature] Serangoon | 23 Jun (Tue) | 10:00AM - 12:00PM,0,,1,3,3 / 21,,3 |  | 21,0.00%,S3,Sec,SLit(Comb),SLit,SLit,Braddell Heights,Adri,FALSE
Sec JunCC<>S4 2026<>SS - C Lit<>Adri<>Tuesday<>Serangoon<>BHC-4<>21<>23 Jun<>1:00 pm<>,Sec JunCC,S4 2026,SS - C Lit,Adri,Tuesday,Serangoon,BHC-4,21,23 Jun (Tue),1:00:00 PM,S4 Combined Literature,Unseen Poetry (Building Insight through Language/Context Clues),6/23/2026,01:00PM - 03:00PM,https://tinyurl.com/zenithSERANGOON,50 Serangoon Avenue 2 #03-01 S556129,50 Serangoon Avenue 2 #03-01 S556129  (Video Guide: https://tinyurl.com/zenithSERANGOON),S4 Literature,Open - Running,[S4 Combined Literature] Serangoon | 23 Jun (Tue) | 01:00PM - 03:00PM,S4 Combined Literature - Serangoon - 23 Jun Tue 01:00PM,[S4 Combined Literature] Serangoon | 23 Jun (Tue) | 01:00PM - 03:00PM,0,,3,11,11 / 21,,11 |  | 21,0.00%,S4,Sec,SLit(Comb),SLit,SLit,Braddell Heights,Adri,FALSE
Sec JunCC<>S3 2026<>Sec - Eng<>Adam<>Friday<>Tan Kah Kee<>TKK-1<>14<>5 Jun<>3:00 pm<>,Sec JunCC,S3 2026,Sec - Eng,Adam,Friday,Tan Kah Kee,TKK-1,14,05 Jun (Fri),3:00:00 PM,S3 English,Narrative Comprehension,6/5/2026,03:00PM - 05:00PM,bit.ly/TKK607,607 Bukit Timah Road #02-01 S269708,607 Bukit Timah Road #02-01 S269708  (Video Guide: bit.ly/TKK607),S3 English,Open - Running,[S3 English] Tan Kah Kee | 05 Jun (Fri) | 03:00PM - 05:00PM,S3 English - Tan Kah Kee - 05 Jun Fri 03:00PM,[S3 English] Tan Kah Kee | 05 Jun (Fri) | 03:00PM - 05:00PM,0,,3,3,3 / 14,,3 |  | 14,0.00%,S3,Sec,SEng,SEng,SEng,Coro + TKK,Adam,FALSE
Sec JunCC<>S4 2026<>Sec - Eng<>Adam<>Friday<>Tan Kah Kee<>TKK-1<>14<>5 Jun<>5:00 pm<>,Sec JunCC,S4 2026,Sec - Eng,Adam,Friday,Tan Kah Kee,TKK-1,14,05 Jun (Fri),5:00:00 PM,S4/5 English,Narrative Comprehension,6/5/2026,05:00PM - 07:00PM,bit.ly/TKK607,607 Bukit Timah Road #02-01 S269708,607 Bukit Timah Road #02-01 S269708  (Video Guide: bit.ly/TKK607),S4/5 English,Open - Running,[S4/5 English] Tan Kah Kee | 05 Jun (Fri) | 05:00PM - 07:00PM,S4/5 English - Tan Kah Kee - 05 Jun Fri 05:00PM,[S4/5 English] Tan Kah Kee | 05 Jun (Fri) | 05:00PM - 07:00PM,0,,12,12,12 / 14,,12 |  | 14,0.00%,S4,Sec,SEng,SEng,SEng,Coro + TKK,Adam,FALSE
Sec JunCC<>S3 2026<>Sec - Eng<>Adam<>Friday<>Tan Kah Kee<>TKK-1<>14<>19 Jun<>3:00 pm<>,Sec JunCC,S3 2026,Sec - Eng,Adam,Friday,Tan Kah Kee,TKK-1,14,19 Jun (Fri),3:00:00 PM,S3 English,Narrative Comprehension,6/19/2026,03:00PM - 05:00PM,bit.ly/TKK607,607 Bukit Timah Road #02-01 S269708,607 Bukit Timah Road #02-01 S269708  (Video Guide: bit.ly/TKK607),S3 English,Open - Running,[S3 English] Tan Kah Kee | 19 Jun (Fri) | 03:00PM - 05:00PM,S3 English - Tan Kah Kee - 19 Jun Fri 03:00PM,[S3 English] Tan Kah Kee | 19 Jun (Fri) | 03:00PM - 05:00PM,0,,1,1,1 / 14,,1 |  | 14,0.00%,S3,Sec,SEng,SEng,SEng,Coro + TKK,Adam,FALSE
Sec JunCC<>S4 2026<>Sec - Eng<>Adam<>Friday<>Tan Kah Kee<>TKK-1<>14<>19 Jun<>5:00 pm<>,Sec JunCC,S4 2026,Sec - Eng,Adam,Friday,Tan Kah Kee,TKK-1,14,19 Jun (Fri),5:00:00 PM,S4/5 English,Narrative Comprehension,6/19/2026,05:00PM - 07:00PM,bit.ly/TKK607,607 Bukit Timah Road #02-01 S269708,607 Bukit Timah Road #02-01 S269708  (Video Guide: bit.ly/TKK607),S4/5 English,Closed - Running,,S4/5 English - Tan Kah Kee - 19 Jun Fri 05:00PM,[S4/5 English] Tan Kah Kee | 19 Jun (Fri) | 05:00PM - 07:00PM,0,,18,18,18 / 14,,18 |  | 14,0.00%,S4,Sec,SEng,SEng,SEng,Coro + TKK,Adam,FALSE
Sec JunCC<>S1 2026<>Sec - IP Math<>Timothy<>Monday<>Bishan<>BS-3<>15<>8 Jun<>1:00 pm<>,Sec JunCC,S1 2026,Sec - IP Math,Timothy,Monday,Bishan,BS-3,15,08 Jun (Mon),1:00:00 PM,S1 IP Math,Linear functions and graphs,6/8/2026,01:00PM - 03:00PM,bit.ly/zenithBISHAN,51 Bishan Street 13 #03-01 (Bishan CC) S579799,51 Bishan Street 13 #03-01 (Bishan CC) S579799  (Video Guide: bit.ly/zenithBISHAN),S1 Math (IP),Open - Running,[S1 IP Math] Bishan | 08 Jun (Mon) | 01:00PM - 03:00PM,S1 IP Math - Bishan - 08 Jun Mon 01:00PM,[S1 IP Math] Bishan | 08 Jun (Mon) | 01:00PM - 03:00PM,0,,7,7,7 / 15,,7 |  | 15,0.00%,S1,Sec,LSMath(IP),LSMath(IP),SMath,Bishan CC,Timothy,FALSE
Sec JunCC<>S2 2026<>Sec - IP Math<>Timothy<>Tuesday<>Bishan<>BS-3<>15<>9 Jun<>1:00 pm<>,Sec JunCC,S2 2026,Sec - IP Math,Timothy,Tuesday,Bishan,BS-3,15,09 Jun (Tue),1:00:00 PM,S2 IP Math,Congruency and Similarity,6/9/2026,01:00PM - 03:00PM,bit.ly/zenithBISHAN,51 Bishan Street 13 #03-01 (Bishan CC) S579799,51 Bishan Street 13 #03-01 (Bishan CC) S579799  (Video Guide: bit.ly/zenithBISHAN),S2 Math (IP),Open - Running,[S2 IP Math] Bishan | 09 Jun (Tue) | 01:00PM - 03:00PM,S2 IP Math - Bishan - 09 Jun Tue 01:00PM,[S2 IP Math] Bishan | 09 Jun (Tue) | 01:00PM - 03:00PM,0,,3,3,3 / 15,,3 |  | 15,0.00%,S2,Sec,LSMath(IP),LSMath(IP),SMath,Bishan CC,Timothy,FALSE
Sec JunCC<>S3 2026<>Sec - IP Math<>Timothy<>Wednesday<>Bishan<>BS-3<>15<>10 Jun<>1:00 pm<>,Sec JunCC,S3 2026,Sec - IP Math,Timothy,Wednesday,Bishan,BS-3,15,10 Jun (Wed),1:00:00 PM,S3 IP Math,Logarithms,6/10/2026,01:00PM - 03:00PM,bit.ly/zenithBISHAN,51 Bishan Street 13 #03-01 (Bishan CC) S579799,51 Bishan Street 13 #03-01 (Bishan CC) S579799  (Video Guide: bit.ly/zenithBISHAN),S3 Math (IP),Open - Running,[S3 IP Math] Bishan | 10 Jun (Wed) | 01:00PM - 03:00PM,S3 IP Math - Bishan - 10 Jun Wed 01:00PM,[S3 IP Math] Bishan | 10 Jun (Wed) | 01:00PM - 03:00PM,0,,2,2,2 / 15,,2 |  | 15,0.00%,S3,Sec,SMath(IP),SMath(IP),SMath,Bishan CC,Timothy,FALSE
Sec JunCC<>S4 2026<>Sec - IP Math<>Timothy<>Thursday<>Bishan<>BS-3<>15<>11 Jun<>1:00 pm<>,Sec JunCC,S4 2026,Sec - IP Math,Timothy,Thursday,Bishan,BS-3,15,11 Jun (Thu),1:00:00 PM,S4 IP Math,Techniques of Integration,6/11/2026,01:00PM - 03:00PM,bit.ly/zenithBISHAN,51 Bishan Street 13 #03-01 (Bishan CC) S579799,51 Bishan Street 13 #03-01 (Bishan CC) S579799  (Video Guide: bit.ly/zenithBISHAN),S4 Math (IP),Open - Running,[S4 IP Math] Bishan | 11 Jun (Thu) | 01:00PM - 03:00PM,S4 IP Math - Bishan - 11 Jun Thu 01:00PM,[S4 IP Math] Bishan | 11 Jun (Thu) | 01:00PM - 03:00PM,0,,3,3,3 / 15,,3 |  | 15,0.00%,S4,Sec,SMath(IP),SMath(IP),SMath,Bishan CC,Timothy,FALSE
Sec JunCC<>S4 2026<>Sec - IP Math<>Timothy<>Monday<>Tampines<>TP-2 (main)<>22<>22 Jun<>1:00 pm<>,Sec JunCC,S4 2026,Sec - IP Math,Timothy,Monday,Tampines,TP-2 (main),22,22 Jun (Mon),1:00:00 PM,S4 IP Math,Techniques of Integration,6/22/2026,01:00PM - 03:00PM,bit.ly/zenithTP,1 Tampines Central #08-10 (CPF Building) SS529508,1 Tampines Central #08-10 (CPF Building) SS529508  (Video Guide: bit.ly/zenithTP),S4 Math (IP),Open - Running,[S4 IP Math] Tampines | 22 Jun (Mon) | 01:00PM - 03:00PM,S4 IP Math - Tampines - 22 Jun Mon 01:00PM,[S4 IP Math] Tampines | 22 Jun (Mon) | 01:00PM - 03:00PM,0,,3,3,3 / 22,,3 |  | 22,0.00%,S4,Sec,SMath(IP),SMath(IP),SMath,Tampines,Timothy,FALSE
Sec JunCC<>S3 2026<>Sec - IP Math<>Timothy<>Tuesday<>Tampines<>TP-2 (main)<>22<>23 Jun<>1:00 pm<>,Sec JunCC,S3 2026,Sec - IP Math,Timothy,Tuesday,Tampines,TP-2 (main),22,23 Jun (Tue),1:00:00 PM,S3 IP Math,Logarithms,6/23/2026,01:00PM - 03:00PM,bit.ly/zenithTP,1 Tampines Central #08-10 (CPF Building) SS529508,1 Tampines Central #08-10 (CPF Building) SS529508  (Video Guide: bit.ly/zenithTP),S3 Math (IP),Open - Running,[S3 IP Math] Tampines | 23 Jun (Tue) | 01:00PM - 03:00PM,S3 IP Math - Tampines - 23 Jun Tue 01:00PM,[S3 IP Math] Tampines | 23 Jun (Tue) | 01:00PM - 03:00PM,0,,0,0,0 / 22,,0 |  | 22,0.00%,S3,Sec,SMath(IP),SMath(IP),SMath,Tampines,Timothy,FALSE
Sec JunCC<>S2 2026<>Sec - IP Math<>Timothy<>Wednesday<>Tampines<>TP-2 (main)<>22<>24 Jun<>1:00 pm<>,Sec JunCC,S2 2026,Sec - IP Math,Timothy,Wednesday,Tampines,TP-2 (main),22,24 Jun (Wed),1:00:00 PM,S2 IP Math,Congruency and Similarity,6/24/2026,01:00PM - 03:00PM,bit.ly/zenithTP,1 Tampines Central #08-10 (CPF Building) SS529508,1 Tampines Central #08-10 (CPF Building) SS529508  (Video Guide: bit.ly/zenithTP),S2 Math (IP),Open - Running,[S2 IP Math] Tampines | 24 Jun (Wed) | 01:00PM - 03:00PM,S2 IP Math - Tampines - 24 Jun Wed 01:00PM,[S2 IP Math] Tampines | 24 Jun (Wed) | 01:00PM - 03:00PM,0,,1,1,1 / 22,,1 |  | 22,0.00%,S2,Sec,LSMath(IP),LSMath(IP),SMath,Tampines,Timothy,FALSE
Sec JunCC<>S1 2026<>Sec - IP Math<>Timothy<>Thursday<>Tampines<>TP-2 (main)<>22<>25 Jun<>1:00 pm<>,Sec JunCC,S1 2026,Sec - IP Math,Timothy,Thursday,Tampines,TP-2 (main),22,25 Jun (Thu),1:00:00 PM,S1 IP Math,Linear functions and graphs,6/25/2026,01:00PM - 03:00PM,bit.ly/zenithTP,1 Tampines Central #08-10 (CPF Building) SS529508,1 Tampines Central #08-10 (CPF Building) SS529508  (Video Guide: bit.ly/zenithTP),S1 Math (IP),Open - Running,[S1 IP Math] Tampines | 25 Jun (Thu) | 01:00PM - 03:00PM,S1 IP Math - Tampines - 25 Jun Thu 01:00PM,[S1 IP Math] Tampines | 25 Jun (Thu) | 01:00PM - 03:00PM,0,,4,4,4 / 22,,4 |  | 22,0.00%,S1,Sec,LSMath(IP),LSMath(IP),SMath,Tampines,Timothy,FALSE
Sec JunCC<>S3 2026<>Sec - AM<>Irene<>Wednesday<>Jurong East<>JE-1<>30<>10 Jun<>1:00 pm<>,Sec JunCC,S3 2026,Sec - AM,Irene,Wednesday,Jurong East,JE-1,30,10 Jun (Wed),1:00:00 PM,S3 A Math,Exponential & Logarithm Functions,6/10/2026,01:00PM - 03:00PM,https://tinyurl.com/4cnf5kwu,21 Jurong Gateway Rd #02-01 (CPF Jurong Building) S608546,21 Jurong Gateway Rd #02-01 (CPF Jurong Building) S608546  (Video Guide: https://tinyurl.com/4cnf5kwu),S3 A Math,Open - Running,[S3 A Math] Jurong East | 10 Jun (Wed) | 01:00PM - 03:00PM,S3 A Math - Jurong East - 10 Jun Wed 01:00PM,[S3 A Math] Jurong East | 10 Jun (Wed) | 01:00PM - 03:00PM,0,,0,0,0 / 30,,0 |  | 30,0.00%,S3,Sec,SMath(AM),SMath(AM),SMath,Jurong East,Irene,FALSE
Sec JunCC<>S4 2026<>Sec - EM<>Irene<>Thursday<>Jurong East<>JE-4<>25<>11 Jun<>1:00 pm<>,Sec JunCC,S4 2026,Sec - EM,Irene,Thursday,Jurong East,JE-4,25,11 Jun (Thu),1:00:00 PM,S4/5 E Math,Vectors,6/11/2026,01:00PM - 03:00PM,https://tinyurl.com/4cnf5kwu,21 Jurong Gateway Rd #02-01 (CPF Jurong Building) S608546,21 Jurong Gateway Rd #02-01 (CPF Jurong Building) S608546  (Video Guide: https://tinyurl.com/4cnf5kwu),S4/5 E Math,Open - Running,[S4/5 E Math] Jurong East | 11 Jun (Thu) | 01:00PM - 03:00PM,S4/5 E Math - Jurong East - 11 Jun Thu 01:00PM,[S4/5 E Math] Jurong East | 11 Jun (Thu) | 01:00PM - 03:00PM,0,,2,2,2 / 25,,2 |  | 25,0.00%,S4,Sec,SMath(EM),SMath(EM),SMath,Jurong East,Irene,FALSE
Sec JunCC<>S4 2026<>Sec - AM<>Irene<>Thursday<>Jurong East<>JE-4<>25<>11 Jun<>3:00 pm<>,Sec JunCC,S4 2026,Sec - AM,Irene,Thursday,Jurong East,JE-4,25,11 Jun (Thu),3:00:00 PM,S4/5 A Math,Kinematics,6/11/2026,03:00PM - 05:00PM,https://tinyurl.com/4cnf5kwu,21 Jurong Gateway Rd #02-01 (CPF Jurong Building) S608546,21 Jurong Gateway Rd #02-01 (CPF Jurong Building) S608546  (Video Guide: https://tinyurl.com/4cnf5kwu),S4/5 A Math,Open - Running,[S4/5 A Math] Jurong East | 11 Jun (Thu) | 03:00PM - 05:00PM,S4/5 A Math - Jurong East - 11 Jun Thu 03:00PM,[S4/5 A Math] Jurong East | 11 Jun (Thu) | 03:00PM - 05:00PM,0,,0,0,0 / 25,,0 |  | 25,0.00%,S4,Sec,SMath(AM),SMath(AM),SMath,Jurong East,Irene,FALSE
Sec JunCC<>S3 2026<>Sec - EM<>Irene<>Friday<>Jurong East<>JE-3<>30<>12 Jun<>1:00 pm<>,Sec JunCC,S3 2026,Sec - EM,Irene,Friday,Jurong East,JE-3,30,12 Jun (Fri),1:00:00 PM,S3 E Math,Properties of Circles,6/12/2026,01:00PM - 03:00PM,https://tinyurl.com/4cnf5kwu,21 Jurong Gateway Rd #02-01 (CPF Jurong Building) S608546,21 Jurong Gateway Rd #02-01 (CPF Jurong Building) S608546  (Video Guide: https://tinyurl.com/4cnf5kwu),S3 E Math,Open - Running,[S3 E Math] Jurong East | 12 Jun (Fri) | 01:00PM - 03:00PM,S3 E Math - Jurong East - 12 Jun Fri 01:00PM,[S3 E Math] Jurong East | 12 Jun (Fri) | 01:00PM - 03:00PM,0,,0,0,0 / 30,,0 |  | 30,0.00%,S3,Sec,SMath(EM),SMath(EM),SMath,Jurong East,Irene,FALSE
Sec JunCC<>S3 2026<>Sec - AM<>Irene<>Friday<>Jurong East<>JE-3<>30<>12 Jun<>3:00 pm<>,Sec JunCC,S3 2026,Sec - AM,Irene,Friday,Jurong East,JE-3,30,12 Jun (Fri),3:00:00 PM,S3 A Math,Exponential & Logarithm Functions,6/12/2026,03:00PM - 05:00PM,https://tinyurl.com/4cnf5kwu,21 Jurong Gateway Rd #02-01 (CPF Jurong Building) S608546,21 Jurong Gateway Rd #02-01 (CPF Jurong Building) S608546  (Video Guide: https://tinyurl.com/4cnf5kwu),S3 A Math,Open - Running,[S3 A Math] Jurong East | 12 Jun (Fri) | 03:00PM - 05:00PM,S3 A Math - Jurong East - 12 Jun Fri 03:00PM,[S3 A Math] Jurong East | 12 Jun (Fri) | 03:00PM - 05:00PM,0,,0,0,0 / 30,,0 |  | 30,0.00%,S3,Sec,SMath(AM),SMath(AM),SMath,Jurong East,Irene,FALSE
Sec JunCC<>S3 2026<>Sec - AM<>Irene<>Wednesday<>Jurong East<>JE-4<>25<>17 Jun<>1:00 pm<>,Sec JunCC,S3 2026,Sec - AM,Irene,Wednesday,Jurong East,JE-4,25,17 Jun (Wed),1:00:00 PM,S3 A Math,Exponential & Logarithm Functions,6/17/2026,01:00PM - 03:00PM,https://tinyurl.com/4cnf5kwu,21 Jurong Gateway Rd #02-01 (CPF Jurong Building) S608546,21 Jurong Gateway Rd #02-01 (CPF Jurong Building) S608546  (Video Guide: https://tinyurl.com/4cnf5kwu),S3 A Math,Open - Running,[S3 A Math] Jurong East | 17 Jun (Wed) | 01:00PM - 03:00PM,S3 A Math - Jurong East - 17 Jun Wed 01:00PM,[S3 A Math] Jurong East | 17 Jun (Wed) | 01:00PM - 03:00PM,0,,0,0,0 / 25,,0 |  | 25,0.00%,S3,Sec,SMath(AM),SMath(AM),SMath,Jurong East,Irene,FALSE
Sec JunCC<>S3 2026<>Sec - EM<>Irene<>Thursday<>Jurong East<>JE-4<>25<>18 Jun<>1:00 pm<>,Sec JunCC,S3 2026,Sec - EM,Irene,Thursday,Jurong East,JE-4,25,18 Jun (Thu),1:00:00 PM,S3 E Math,Properties of Circles,6/18/2026,01:00PM - 03:00PM,https://tinyurl.com/4cnf5kwu,21 Jurong Gateway Rd #02-01 (CPF Jurong Building) S608546,21 Jurong Gateway Rd #02-01 (CPF Jurong Building) S608546  (Video Guide: https://tinyurl.com/4cnf5kwu),S3 E Math,Open - Running,[S3 E Math] Jurong East | 18 Jun (Thu) | 01:00PM - 03:00PM,S3 E Math - Jurong East - 18 Jun Thu 01:00PM,[S3 E Math] Jurong East | 18 Jun (Thu) | 01:00PM - 03:00PM,0,,0,0,0 / 25,,0 |  | 25,0.00%,S3,Sec,SMath(EM),SMath(EM),SMath,Jurong East,Irene,FALSE
Sec JunCC<>S3 2026<>Sec - AM<>Irene<>Thursday<>Jurong East<>JE-4<>25<>18 Jun<>3:00 pm<>,Sec JunCC,S3 2026,Sec - AM,Irene,Thursday,Jurong East,JE-4,25,18 Jun (Thu),3:00:00 PM,S3 A Math,Exponential & Logarithm Functions,6/18/2026,03:00PM - 05:00PM,https://tinyurl.com/4cnf5kwu,21 Jurong Gateway Rd #02-01 (CPF Jurong Building) S608546,21 Jurong Gateway Rd #02-01 (CPF Jurong Building) S608546  (Video Guide: https://tinyurl.com/4cnf5kwu),S3 A Math,Open - Running,[S3 A Math] Jurong East | 18 Jun (Thu) | 03:00PM - 05:00PM,S3 A Math - Jurong East - 18 Jun Thu 03:00PM,[S3 A Math] Jurong East | 18 Jun (Thu) | 03:00PM - 05:00PM,0,,0,0,0 / 25,,0 |  | 25,0.00%,S3,Sec,SMath(AM),SMath(AM),SMath,Jurong East,Irene,FALSE
Sec JunCC<>S4 2026<>Sec - EM<>Irene<>Friday<>Jurong East<>JE-3<>30<>19 Jun<>1:00 pm<>,Sec JunCC,S4 2026,Sec - EM,Irene,Friday,Jurong East,JE-3,30,19 Jun (Fri),1:00:00 PM,S4/5 E Math,Vectors,6/19/2026,01:00PM - 03:00PM,https://tinyurl.com/4cnf5kwu,21 Jurong Gateway Rd #02-01 (CPF Jurong Building) S608546,21 Jurong Gateway Rd #02-01 (CPF Jurong Building) S608546  (Video Guide: https://tinyurl.com/4cnf5kwu),S4/5 E Math,Open - Running,[S4/5 E Math] Jurong East | 19 Jun (Fri) | 01:00PM - 03:00PM,S4/5 E Math - Jurong East - 19 Jun Fri 01:00PM,[S4/5 E Math] Jurong East | 19 Jun (Fri) | 01:00PM - 03:00PM,0,,0,0,0 / 30,,0 |  | 30,0.00%,S4,Sec,SMath(EM),SMath(EM),SMath,Jurong East,Irene,FALSE
Sec JunCC<>S4 2026<>Sec - AM<>Irene<>Friday<>Jurong East<>JE-3<>30<>19 Jun<>3:00 pm<>,Sec JunCC,S4 2026,Sec - AM,Irene,Friday,Jurong East,JE-3,30,19 Jun (Fri),3:00:00 PM,S4/5 A Math,Kinematics,6/19/2026,03:00PM - 05:00PM,https://tinyurl.com/4cnf5kwu,21 Jurong Gateway Rd #02-01 (CPF Jurong Building) S608546,21 Jurong Gateway Rd #02-01 (CPF Jurong Building) S608546  (Video Guide: https://tinyurl.com/4cnf5kwu),S4/5 A Math,Open - Running,[S4/5 A Math] Jurong East | 19 Jun (Fri) | 03:00PM - 05:00PM,S4/5 A Math - Jurong East - 19 Jun Fri 03:00PM,[S4/5 A Math] Jurong East | 19 Jun (Fri) | 03:00PM - 05:00PM,0,,1,1,1 / 30,,1 |  | 30,0.00%,S4,Sec,SMath(AM),SMath(AM),SMath,Jurong East,Irene,FALSE
Sec JunCC<>S1 2026<>Sec - LS Math<>Gwen<>Tuesday<>Serangoon<>BHC-3<>21<>23 Jun<>1:00 pm<>,Sec JunCC,S1 2026,Sec - LS Math,Gwen,Tuesday,Serangoon,BHC-3,21,23 Jun (Tue),1:00:00 PM,S1 Math,"Percentage & Ratio, Algebra Revision",6/23/2026,01:00PM - 03:00PM,https://tinyurl.com/zenithSERANGOON,50 Serangoon Avenue 2 #03-01 S556129,50 Serangoon Avenue 2 #03-01 S556129  (Video Guide: https://tinyurl.com/zenithSERANGOON),S1 Math,Open - Running,[S1 Math] Serangoon | 23 Jun (Tue) | 01:00PM - 03:00PM,S1 Math - Serangoon - 23 Jun Tue 01:00PM,[S1 Math] Serangoon | 23 Jun (Tue) | 01:00PM - 03:00PM,0,,1,1,1 / 21,,1 |  | 21,0.00%,S1,Sec,LSMath,LSMath,SMath,Braddell Heights,Gwen,FALSE
Sec JunCC<>S2 2026<>Sec - LS Science<>Beckham<>Saturday<>Tampines<>TP-3 (main)<>20<>6 Jun<>4:00 pm<>,Sec JunCC,S2 2026,Sec - LS Science,Beckham,Saturday,Tampines,TP-3 (main),20,06 Jun (Sat),4:00:00 PM,S2 Science,Electrical Systems,6/6/2026,04:15PM - 06:15PM,bit.ly/zenithTP,1 Tampines Central #08-10 (CPF Building) SS529508,1 Tampines Central #08-10 (CPF Building) SS529508  (Video Guide: bit.ly/zenithTP),S2 Science,Open - Running,[S2 Science] Tampines | 06 Jun (Sat) | 04:15PM - 06:15PM,S2 Science - Tampines - 06 Jun Sat 04:15PM,[S2 Science] Tampines | 06 Jun (Sat) | 04:15PM - 06:15PM,0,,0,0,0 / 20,,0 |  | 20,0.00%,S2,Sec,LSScience,LSScience,LSScience,Tampines,Beckham,FALSE
Sec JunCC<>S2 2026<>Sec - LS Science<>Beckham<>Sunday<>Tampines<>TP-1 (main)<>28<>7 Jun<>2:00 pm<>,Sec JunCC,S2 2026,Sec - LS Science,Beckham,Sunday,Tampines,TP-1 (main),28,07 Jun (Sun),2:00:00 PM,S2 Science,Electrical Systems,6/7/2026,02:00PM - 04:00PM,bit.ly/zenithTP,1 Tampines Central #08-10 (CPF Building) SS529508,1 Tampines Central #08-10 (CPF Building) SS529508  (Video Guide: bit.ly/zenithTP),S2 Science,Open - Running,[S2 Science] Tampines | 07 Jun (Sun) | 02:00PM - 04:00PM,S2 Science - Tampines - 07 Jun Sun 02:00PM,[S2 Science] Tampines | 07 Jun (Sun) | 02:00PM - 04:00PM,0,,0,0,0 / 28,,0 |  | 28,0.00%,S2,Sec,LSScience,LSScience,LSScience,Tampines,Beckham,FALSE
Sec JunCC<>S1 2026<>Sec - LS Science<>Beckham<>Sunday<>Tampines<>TP-1 (main)<>28<>7 Jun<>4:00 pm<>,Sec JunCC,S1 2026,Sec - LS Science,Beckham,Sunday,Tampines,TP-1 (main),28,07 Jun (Sun),4:00:00 PM,S1 Science,Ray Model of Light,6/7/2026,04:15PM - 06:15PM,bit.ly/zenithTP,1 Tampines Central #08-10 (CPF Building) SS529508,1 Tampines Central #08-10 (CPF Building) SS529508  (Video Guide: bit.ly/zenithTP),S1 Science,Open - Running,[S1 Science] Tampines | 07 Jun (Sun) | 04:15PM - 06:15PM,S1 Science - Tampines - 07 Jun Sun 04:15PM,[S1 Science] Tampines | 07 Jun (Sun) | 04:15PM - 06:15PM,0,,0,0,0 / 28,,0 |  | 28,0.00%,S1,Sec,LSScience,LSScience,LSScience,Tampines,Beckham,FALSE
Sec JunCC<>S2 2026<>Sec - LS Science<>Beckham<>Saturday<>Tampines<>TP-3 (main)<>20<>13 Jun<>4:00 pm<>,Sec JunCC,S2 2026,Sec - LS Science,Beckham,Saturday,Tampines,TP-3 (main),20,13 Jun (Sat),4:00:00 PM,S2 Science,Electrical Systems,6/13/2026,04:15PM - 06:15PM,bit.ly/zenithTP,1 Tampines Central #08-10 (CPF Building) SS529508,1 Tampines Central #08-10 (CPF Building) SS529508  (Video Guide: bit.ly/zenithTP),S2 Science,Open - Running,[S2 Science] Tampines | 13 Jun (Sat) | 04:15PM - 06:15PM,S2 Science - Tampines - 13 Jun Sat 04:15PM,[S2 Science] Tampines | 13 Jun (Sat) | 04:15PM - 06:15PM,0,,0,0,0 / 20,,0 |  | 20,0.00%,S2,Sec,LSScience,LSScience,LSScience,Tampines,Beckham,FALSE
Sec JunCC<>S2 2026<>Sec - LS Science<>Beckham<>Sunday<>Tampines<>TP-1 (main)<>28<>14 Jun<>2:00 pm<>,Sec JunCC,S2 2026,Sec - LS Science,Beckham,Sunday,Tampines,TP-1 (main),28,14 Jun (Sun),2:00:00 PM,S2 Science,Electrical Systems,6/14/2026,02:00PM - 04:00PM,bit.ly/zenithTP,1 Tampines Central #08-10 (CPF Building) SS529508,1 Tampines Central #08-10 (CPF Building) SS529508  (Video Guide: bit.ly/zenithTP),S2 Science,Open - Running,[S2 Science] Tampines | 14 Jun (Sun) | 02:00PM - 04:00PM,S2 Science - Tampines - 14 Jun Sun 02:00PM,[S2 Science] Tampines | 14 Jun (Sun) | 02:00PM - 04:00PM,0,,0,0,0 / 28,,0 |  | 28,0.00%,S2,Sec,LSScience,LSScience,LSScience,Tampines,Beckham,FALSE
Sec JunCC<>S1 2026<>Sec - LS Science<>Beckham<>Sunday<>Tampines<>TP-1 (main)<>28<>14 Jun<>4:00 pm<>,Sec JunCC,S1 2026,Sec - LS Science,Beckham,Sunday,Tampines,TP-1 (main),28,14 Jun (Sun),4:00:00 PM,S1 Science,Ray Model of Light,6/14/2026,04:15PM - 06:15PM,bit.ly/zenithTP,1 Tampines Central #08-10 (CPF Building) SS529508,1 Tampines Central #08-10 (CPF Building) SS529508  (Video Guide: bit.ly/zenithTP),S1 Science,Open - Running,[S1 Science] Tampines | 14 Jun (Sun) | 04:15PM - 06:15PM,S1 Science - Tampines - 14 Jun Sun 04:15PM,[S1 Science] Tampines | 14 Jun (Sun) | 04:15PM - 06:15PM,0,,0,0,0 / 28,,0 |  | 28,0.00%,S1,Sec,LSScience,LSScience,LSScience,Tampines,Beckham,FALSE
Sec JunCC<>S2 2026<>Sec - LS Science<>Beckham<>Saturday<>Tampines<>TP-3 (main)<>20<>20 Jun<>4:00 pm<>,Sec JunCC,S2 2026,Sec - LS Science,Beckham,Saturday,Tampines,TP-3 (main),20,20 Jun (Sat),4:00:00 PM,S2 Science,Electrical Systems,6/20/2026,04:15PM - 06:15PM,bit.ly/zenithTP,1 Tampines Central #08-10 (CPF Building) SS529508,1 Tampines Central #08-10 (CPF Building) SS529508  (Video Guide: bit.ly/zenithTP),S2 Science,Open - Running,[S2 Science] Tampines | 20 Jun (Sat) | 04:15PM - 06:15PM,S2 Science - Tampines - 20 Jun Sat 04:15PM,[S2 Science] Tampines | 20 Jun (Sat) | 04:15PM - 06:15PM,0,,0,0,0 / 20,,0 |  | 20,0.00%,S2,Sec,LSScience,LSScience,LSScience,Tampines,Beckham,FALSE
Sec JunCC<>S2 2026<>Sec - LS Science<>Beckham<>Sunday<>Tampines<>TP-1 (main)<>28<>21 Jun<>2:00 pm<>,Sec JunCC,S2 2026,Sec - LS Science,Beckham,Sunday,Tampines,TP-1 (main),28,21 Jun (Sun),2:00:00 PM,S2 Science,Electrical Systems,6/21/2026,02:00PM - 04:00PM,bit.ly/zenithTP,1 Tampines Central #08-10 (CPF Building) SS529508,1 Tampines Central #08-10 (CPF Building) SS529508  (Video Guide: bit.ly/zenithTP),S2 Science,Open - Running,[S2 Science] Tampines | 21 Jun (Sun) | 02:00PM - 04:00PM,S2 Science - Tampines - 21 Jun Sun 02:00PM,[S2 Science] Tampines | 21 Jun (Sun) | 02:00PM - 04:00PM,0,,0,0,0 / 28,,0 |  | 28,0.00%,S2,Sec,LSScience,LSScience,LSScience,Tampines,Beckham,FALSE
Sec JunCC<>S1 2026<>Sec - LS Science<>Beckham<>Sunday<>Tampines<>TP-1 (main)<>28<>21 Jun<>4:00 pm<>,Sec JunCC,S1 2026,Sec - LS Science,Beckham,Sunday,Tampines,TP-1 (main),28,21 Jun (Sun),4:00:00 PM,S1 Science,Ray Model of Light,6/21/2026,04:15PM - 06:15PM,bit.ly/zenithTP,1 Tampines Central #08-10 (CPF Building) SS529508,1 Tampines Central #08-10 (CPF Building) SS529508  (Video Guide: bit.ly/zenithTP),S1 Science,Open - Running,[S1 Science] Tampines | 21 Jun (Sun) | 04:15PM - 06:15PM,S1 Science - Tampines - 21 Jun Sun 04:15PM,[S1 Science] Tampines | 21 Jun (Sun) | 04:15PM - 06:15PM,0,,0,0,0 / 28,,0 |  | 28,0.00%,S1,Sec,LSScience,LSScience,LSScience,Tampines,Beckham,FALSE
,,,,,,,,,,,,,,,,,,,,,,,,,,0,,,0 |  | ,,,,,,,,,FALSE
,,,,,,,,,,,,,,,,,,,,,,,,,,0,,,0 |  | ,,,,,,,,,FALSE
,,,,,,,,,,,,,,,,,,,,,,,,,,0,,,0 |  | ,,,,,,,,,FALSE
,,,,,,,,,,,,,,,,,,,,,,,,,,0,,,0 |  | ,,,,,,,,,FALSE
,,,,,,,,,,,,,,,,,,,,,,,,,,0,,,0 |  | ,,,,,,,,,FALSE
,,,,,,,,,,,,,,,,,,,,,,,,,,0,,,0 |  | ,,,,,,,,,FALSE
,,,,,,,,,,,,,,,,,,,,,,,,,,0,,,0 |  | ,,,,,,,,,FALSE
Sec JunCC<>S3 2026<>SS - P Lit<>Adri<>Saturday<>Serangoon<>BHC-3<>21<>30 May<>9:00 am<>,Sec JunCC,S3 2026,SS - P Lit,Adri,Saturday,Serangoon,BHC-3,21,30 May (Sat),9:00:00 AM,S3 Pure Literature,Unseen Poetry (Building Insight through Language/Context Clues),5/30/2026,09:00AM - 11:00AM,https://tinyurl.com/zenithSERANGOON,50 Serangoon Avenue 2 #03-01 S556129,50 Serangoon Avenue 2 #03-01 S556129  (Video Guide: https://tinyurl.com/zenithSERANGOON),S3 Literature,Open - Running,[S3 Pure Literature] Serangoon | 30 May (Sat) | 09:00AM - 11:00AM,S3 Pure Literature - Serangoon - 30 May Sat 09:00AM,[S3 Pure Literature] Serangoon | 30 May (Sat) | 09:00AM - 11:00AM,0,,1,1,1 / 21,,1 |  | 21,0.00%,S3,Sec,SLit(Pure),SLit,SLit,Braddell Heights,Adri,FALSE
Sec JunCC<>S4 2026<>SS - P Lit<>Adri<>Saturday<>Serangoon<>BHC-3<>21<>30 May<>11:00 am<>,Sec JunCC,S4 2026,SS - P Lit,Adri,Saturday,Serangoon,BHC-3,21,30 May (Sat),11:00:00 AM,S4 Pure Literature,Unseen Poetry (Building Insight through Language/Context Clues),5/30/2026,11:15AM - 01:15PM,https://tinyurl.com/zenithSERANGOON,50 Serangoon Avenue 2 #03-01 S556129,50 Serangoon Avenue 2 #03-01 S556129  (Video Guide: https://tinyurl.com/zenithSERANGOON),S4 Literature,Open - Running,[S4 Pure Literature] Serangoon | 30 May (Sat) | 11:15AM - 01:15PM,S4 Pure Literature - Serangoon - 30 May Sat 11:15AM,[S4 Pure Literature] Serangoon | 30 May (Sat) | 11:15AM - 01:15PM,0,,0,4,4 / 21,,4 |  | 21,0.00%,S4,Sec,SLit(Pure),SLit,SLit,Braddell Heights,Adri,FALSE
Sec JunCC<>S4 2026<>SS - C Lit<>Adri<>Saturday<>Serangoon<>BHC-3<>21<>30 May<>2:00 pm<>,Sec JunCC,S4 2026,SS - C Lit,Adri,Saturday,Serangoon,BHC-3,21,30 May (Sat),2:00:00 PM,S4 Combined Literature,Unseen Poetry (Building Insight through Language/Context Clues),5/30/2026,02:00PM - 04:00PM,https://tinyurl.com/zenithSERANGOON,50 Serangoon Avenue 2 #03-01 S556129,50 Serangoon Avenue 2 #03-01 S556129  (Video Guide: https://tinyurl.com/zenithSERANGOON),S4 Literature,Open - Running,[S4 Combined Literature] Serangoon | 30 May (Sat) | 02:00PM - 04:00PM,S4 Combined Literature - Serangoon - 30 May Sat 02:00PM,[S4 Combined Literature] Serangoon | 30 May (Sat) | 02:00PM - 04:00PM,0,,0,0,0 / 21,,0 |  | 21,0.00%,S4,Sec,SLit(Comb),SLit,SLit,Braddell Heights,Adri,FALSE
Sec JunCC<>S3 2026<>SS - P Lit<>Adri<>Saturday<>Serangoon<>BHC-3<>21<>6 Jun<>9:00 am<>,Sec JunCC,S3 2026,SS - P Lit,Adri,Saturday,Serangoon,BHC-3,21,06 Jun (Sat),9:00:00 AM,S3 Pure Literature,Unseen Poetry (Building Insight through Language/Context Clues),6/6/2026,09:00AM - 11:00AM,https://tinyurl.com/zenithSERANGOON,50 Serangoon Avenue 2 #03-01 S556129,50 Serangoon Avenue 2 #03-01 S556129  (Video Guide: https://tinyurl.com/zenithSERANGOON),S3 Literature,Open - Running,[S3 Pure Literature] Serangoon | 06 Jun (Sat) | 09:00AM - 11:00AM,S3 Pure Literature - Serangoon - 06 Jun Sat 09:00AM,[S3 Pure Literature] Serangoon | 06 Jun (Sat) | 09:00AM - 11:00AM,0,,0,2,2 / 21,,2 |  | 21,0.00%,S3,Sec,SLit(Pure),SLit,SLit,Braddell Heights,Adri,FALSE
Sec JunCC<>S4 2026<>SS - P Lit<>Adri<>Saturday<>Serangoon<>BHC-3<>21<>6 Jun<>11:00 am<>,Sec JunCC,S4 2026,SS - P Lit,Adri,Saturday,Serangoon,BHC-3,21,06 Jun (Sat),11:00:00 AM,S4 Pure Literature,Unseen Poetry (Building Insight through Language/Context Clues),6/6/2026,11:15AM - 01:15PM,https://tinyurl.com/zenithSERANGOON,50 Serangoon Avenue 2 #03-01 S556129,50 Serangoon Avenue 2 #03-01 S556129  (Video Guide: https://tinyurl.com/zenithSERANGOON),S4 Literature,Open - Running,[S4 Pure Literature] Serangoon | 06 Jun (Sat) | 11:15AM - 01:15PM,S4 Pure Literature - Serangoon - 06 Jun Sat 11:15AM,[S4 Pure Literature] Serangoon | 06 Jun (Sat) | 11:15AM - 01:15PM,0,,6,14,14 / 21,,14 |  | 21,0.00%,S4,Sec,SLit(Pure),SLit,SLit,Braddell Heights,Adri,FALSE
Sec JunCC<>S4 2026<>SS - C Lit<>Adri<>Saturday<>Serangoon<>BHC-3<>21<>6 Jun<>2:00 pm<>,Sec JunCC,S4 2026,SS - C Lit,Adri,Saturday,Serangoon,BHC-3,21,06 Jun (Sat),2:00:00 PM,S4 Combined Literature,Unseen Poetry (Building Insight through Language/Context Clues),6/6/2026,02:00PM - 04:00PM,https://tinyurl.com/zenithSERANGOON,50 Serangoon Avenue 2 #03-01 S556129,50 Serangoon Avenue 2 #03-01 S556129  (Video Guide: https://tinyurl.com/zenithSERANGOON),S4 Literature,Open - Running,[S4 Combined Literature] Serangoon | 06 Jun (Sat) | 02:00PM - 04:00PM,S4 Combined Literature - Serangoon - 06 Jun Sat 02:00PM,[S4 Combined Literature] Serangoon | 06 Jun (Sat) | 02:00PM - 04:00PM,0,,0,4,4 / 21,,4 |  | 21,0.00%,S4,Sec,SLit(Comb),SLit,SLit,Braddell Heights,Adri,FALSE
Sec JunCC<>S3 2026<>SS - P Lit<>Adri<>Saturday<>Serangoon<>BHC-3<>21<>13 Jun<>9:00 am<>,Sec JunCC,S3 2026,SS - P Lit,Adri,Saturday,Serangoon,BHC-3,21,13 Jun (Sat),9:00:00 AM,S3 Pure Literature,Unseen Poetry (Building Insight through Language/Context Clues),6/13/2026,09:00AM - 11:00AM,https://tinyurl.com/zenithSERANGOON,50 Serangoon Avenue 2 #03-01 S556129,50 Serangoon Avenue 2 #03-01 S556129  (Video Guide: https://tinyurl.com/zenithSERANGOON),S3 Literature,Open - Running,[S3 Pure Literature] Serangoon | 13 Jun (Sat) | 09:00AM - 11:00AM,S3 Pure Literature - Serangoon - 13 Jun Sat 09:00AM,[S3 Pure Literature] Serangoon | 13 Jun (Sat) | 09:00AM - 11:00AM,0,,0,1,1 / 21,,1 |  | 21,0.00%,S3,Sec,SLit(Pure),SLit,SLit,Braddell Heights,Adri,FALSE
Sec JunCC<>S4 2026<>SS - P Lit<>Adri<>Saturday<>Serangoon<>BHC-3<>21<>13 Jun<>11:00 am<>,Sec JunCC,S4 2026,SS - P Lit,Adri,Saturday,Serangoon,BHC-3,21,13 Jun (Sat),11:00:00 AM,S4 Pure Literature,Unseen Poetry (Building Insight through Language/Context Clues),6/13/2026,11:15AM - 01:15PM,https://tinyurl.com/zenithSERANGOON,50 Serangoon Avenue 2 #03-01 S556129,50 Serangoon Avenue 2 #03-01 S556129  (Video Guide: https://tinyurl.com/zenithSERANGOON),S4 Literature,Open - Running,[S4 Pure Literature] Serangoon | 13 Jun (Sat) | 11:15AM - 01:15PM,S4 Pure Literature - Serangoon - 13 Jun Sat 11:15AM,[S4 Pure Literature] Serangoon | 13 Jun (Sat) | 11:15AM - 01:15PM,0,,2,2,2 / 21,,2 |  | 21,0.00%,S4,Sec,SLit(Pure),SLit,SLit,Braddell Heights,Adri,FALSE
Sec JunCC<>S4 2026<>SS - C Lit<>Adri<>Saturday<>Serangoon<>BHC-3<>21<>13 Jun<>2:00 pm<>,Sec JunCC,S4 2026,SS - C Lit,Adri,Saturday,Serangoon,BHC-3,21,13 Jun (Sat),2:00:00 PM,S4 Combined Literature,Unseen Poetry (Building Insight through Language/Context Clues),6/13/2026,02:00PM - 04:00PM,https://tinyurl.com/zenithSERANGOON,50 Serangoon Avenue 2 #03-01 S556129,50 Serangoon Avenue 2 #03-01 S556129  (Video Guide: https://tinyurl.com/zenithSERANGOON),S4 Literature,Open - Running,[S4 Combined Literature] Serangoon | 13 Jun (Sat) | 02:00PM - 04:00PM,S4 Combined Literature - Serangoon - 13 Jun Sat 02:00PM,[S4 Combined Literature] Serangoon | 13 Jun (Sat) | 02:00PM - 04:00PM,0,,1,3,3 / 21,,3 |  | 21,0.00%,S4,Sec,SLit(Comb),SLit,SLit,Braddell Heights,Adri,FALSE
Sec JunCC<>S3 2026<>SS - P Lit<>Adri<>Saturday<>Serangoon<>BHC-3<>21<>20 Jun<>9:00 am<>,Sec JunCC,S3 2026,SS - P Lit,Adri,Saturday,Serangoon,BHC-3,21,20 Jun (Sat),9:00:00 AM,S3 Pure Literature,Unseen Poetry (Building Insight through Language/Context Clues),6/20/2026,09:00AM - 11:00AM,https://tinyurl.com/zenithSERANGOON,50 Serangoon Avenue 2 #03-01 S556129,50 Serangoon Avenue 2 #03-01 S556129  (Video Guide: https://tinyurl.com/zenithSERANGOON),S3 Literature,Open - Running,[S3 Pure Literature] Serangoon | 20 Jun (Sat) | 09:00AM - 11:00AM,S3 Pure Literature - Serangoon - 20 Jun Sat 09:00AM,[S3 Pure Literature] Serangoon | 20 Jun (Sat) | 09:00AM - 11:00AM,0,,0,1,1 / 21,,1 |  | 21,0.00%,S3,Sec,SLit(Pure),SLit,SLit,Braddell Heights,Adri,FALSE
Sec JunCC<>S4 2026<>SS - P Lit<>Adri<>Saturday<>Serangoon<>BHC-3<>21<>20 Jun<>11:00 am<>,Sec JunCC,S4 2026,SS - P Lit,Adri,Saturday,Serangoon,BHC-3,21,20 Jun (Sat),11:00:00 AM,S4 Pure Literature,Unseen Poetry (Building Insight through Language/Context Clues),6/20/2026,11:15AM - 01:15PM,https://tinyurl.com/zenithSERANGOON,50 Serangoon Avenue 2 #03-01 S556129,50 Serangoon Avenue 2 #03-01 S556129  (Video Guide: https://tinyurl.com/zenithSERANGOON),S4 Literature,Open - Running,[S4 Pure Literature] Serangoon | 20 Jun (Sat) | 11:15AM - 01:15PM,S4 Pure Literature - Serangoon - 20 Jun Sat 11:15AM,[S4 Pure Literature] Serangoon | 20 Jun (Sat) | 11:15AM - 01:15PM,0,,0,3,3 / 21,,3 |  | 21,0.00%,S4,Sec,SLit(Pure),SLit,SLit,Braddell Heights,Adri,FALSE
Sec JunCC<>S4 2026<>SS - C Lit<>Adri<>Saturday<>Serangoon<>BHC-3<>21<>20 Jun<>2:00 pm<>,Sec JunCC,S4 2026,SS - C Lit,Adri,Saturday,Serangoon,BHC-3,21,20 Jun (Sat),2:00:00 PM,S4 Combined Literature,Unseen Poetry (Building Insight through Language/Context Clues),6/20/2026,02:00PM - 04:00PM,https://tinyurl.com/zenithSERANGOON,50 Serangoon Avenue 2 #03-01 S556129,50 Serangoon Avenue 2 #03-01 S556129  (Video Guide: https://tinyurl.com/zenithSERANGOON),S4 Literature,Open - Running,[S4 Combined Literature] Serangoon | 20 Jun (Sat) | 02:00PM - 04:00PM,S4 Combined Literature - Serangoon - 20 Jun Sat 02:00PM,[S4 Combined Literature] Serangoon | 20 Jun (Sat) | 02:00PM - 04:00PM,0,,2,3,3 / 21,,3 |  | 21,0.00%,S4,Sec,SLit(Comb),SLit,SLit,Braddell Heights,Adri,FALSE
Sec JunCC<>S3 2026<>SS - P Lit<>Adri<>Tuesday<>Serangoon<>BHC-4<>21<>16 Jun<>10:00 am<>,Sec JunCC,S3 2026,SS - P Lit,Adri,Tuesday,Serangoon,BHC-4,21,16 Jun (Tue),10:00:00 AM,S3 Pure Literature,Unseen Poetry (Building Insight through Language/Context Clues),6/16/2026,10:00AM - 12:00PM,https://tinyurl.com/zenithSERANGOON,50 Serangoon Avenue 2 #03-01 S556129,50 Serangoon Avenue 2 #03-01 S556129  (Video Guide: https://tinyurl.com/zenithSERANGOON),S3 Literature,Open - Running,[S3 Pure Literature] Serangoon | 16 Jun (Tue) | 10:00AM - 12:00PM,S3 Pure Literature - Serangoon - 16 Jun Tue 10:00AM,[S3 Pure Literature] Serangoon | 16 Jun (Tue) | 10:00AM - 12:00PM,0,,6,12,12 / 21,,12 |  | 21,0.00%,S3,Sec,SLit(Pure),SLit,SLit,Braddell Heights,Adri,FALSE
Sec JunCC<>S4 2026<>SS - P Lit<>Adri<>Tuesday<>Serangoon<>BHC-1<>41<>16 Jun<>1:00 pm<>,Sec JunCC,S4 2026,SS - P Lit,Adri,Tuesday,Serangoon,BHC-1,41,16 Jun (Tue),1:00:00 PM,S4 Pure Literature,Unseen Poetry (Building Insight through Language/Context Clues),6/16/2026,01:00PM - 03:00PM,https://tinyurl.com/zenithSERANGOON,50 Serangoon Avenue 2 #03-01 S556129,50 Serangoon Avenue 2 #03-01 S556129  (Video Guide: https://tinyurl.com/zenithSERANGOON),S4 Literature,Open - Running,[S4 Pure Literature] Serangoon | 16 Jun (Tue) | 01:00PM - 03:00PM,S4 Pure Literature - Serangoon - 16 Jun Tue 01:00PM,[S4 Pure Literature] Serangoon | 16 Jun (Tue) | 01:00PM - 03:00PM,0,,17,34,34 / 41,,34 |  | 41,0.00%,S4,Sec,SLit(Pure),SLit,SLit,Braddell Heights,Adri,FALSE
Sec JunCC<>S3 2026<>SS - P Lit<>Adri<>Saturday<>Serangoon<>BHC-3<>21<>27 Jun<>9:00 am<>,Sec JunCC,S3 2026,SS - P Lit,Adri,Saturday,Serangoon,BHC-3,21,27 Jun (Sat),9:00:00 AM,S3 Pure Literature,Unseen Poetry (Building Insight through Language/Context Clues),6/27/2026,09:00AM - 11:00AM,https://tinyurl.com/zenithSERANGOON,50 Serangoon Avenue 2 #03-01 S556129,50 Serangoon Avenue 2 #03-01 S556129  (Video Guide: https://tinyurl.com/zenithSERANGOON),S3 Literature,Open - Running,[S3 Pure Literature] Serangoon | 27 Jun (Sat) | 09:00AM - 11:00AM,S3 Pure Literature - Serangoon - 27 Jun Sat 09:00AM,[S3 Pure Literature] Serangoon | 27 Jun (Sat) | 09:00AM - 11:00AM,0,,0,0,0 / 21,,0 |  | 21,0.00%,S3,Sec,SLit(Pure),SLit,SLit,Braddell Heights,Adri,FALSE
Sec JunCC<>S4 2026<>SS - P Lit<>Adri<>Saturday<>Serangoon<>BHC-3<>21<>27 Jun<>11:00 am<>,Sec JunCC,S4 2026,SS - P Lit,Adri,Saturday,Serangoon,BHC-3,21,27 Jun (Sat),11:00:00 AM,S4 Pure Literature,Unseen Poetry (Building Insight through Language/Context Clues),6/27/2026,11:15AM - 01:15PM,https://tinyurl.com/zenithSERANGOON,50 Serangoon Avenue 2 #03-01 S556129,50 Serangoon Avenue 2 #03-01 S556129  (Video Guide: https://tinyurl.com/zenithSERANGOON),S4 Literature,Open - Running,[S4 Pure Literature] Serangoon | 27 Jun (Sat) | 11:15AM - 01:15PM,S4 Pure Literature - Serangoon - 27 Jun Sat 11:15AM,[S4 Pure Literature] Serangoon | 27 Jun (Sat) | 11:15AM - 01:15PM,0,,0,0,0 / 21,,0 |  | 21,0.00%,S4,Sec,SLit(Pure),SLit,SLit,Braddell Heights,Adri,FALSE
Sec JunCC<>S4 2026<>SS - C Lit<>Adri<>Saturday<>Serangoon<>BHC-3<>21<>27 Jun<>2:00 pm<>,Sec JunCC,S4 2026,SS - C Lit,Adri,Saturday,Serangoon,BHC-3,21,27 Jun (Sat),2:00:00 PM,S4 Combined Literature,Unseen Poetry (Building Insight through Language/Context Clues),6/27/2026,02:00PM - 04:00PM,https://tinyurl.com/zenithSERANGOON,50 Serangoon Avenue 2 #03-01 S556129,50 Serangoon Avenue 2 #03-01 S556129  (Video Guide: https://tinyurl.com/zenithSERANGOON),S4 Literature,Open - Running,[S4 Combined Literature] Serangoon | 27 Jun (Sat) | 02:00PM - 04:00PM,S4 Combined Literature - Serangoon - 27 Jun Sat 02:00PM,[S4 Combined Literature] Serangoon | 27 Jun (Sat) | 02:00PM - 04:00PM,0,,0,0,0 / 21,,0 |  | 21,0.00%,S4,Sec,SLit(Comb),SLit,SLit,Braddell Heights,Adri,FALSE
Sec JunCC<>S3 2026<>SS - P Lit<>Adri<>Tuesday<>Serangoon<>BHC-4<>21<>23 Jun<>10:00 am<>,Sec JunCC,S3 2026,SS - P Lit,Adri,Tuesday,Serangoon,BHC-4,21,23 Jun (Tue),10:00:00 AM,S3 Pure Literature,Unseen Poetry (Building Insight through Language/Context Clues),6/23/2026,10:00AM - 12:00PM,https://tinyurl.com/zenithSERANGOON,50 Serangoon Avenue 2 #03-01 S556129,50 Serangoon Avenue 2 #03-01 S556129  (Video Guide: https://tinyurl.com/zenithSERANGOON),S3 Literature,Open - Running,[S3 Pure Literature] Serangoon | 23 Jun (Tue) | 10:00AM - 12:00PM,S3 Pure Literature - Serangoon - 23 Jun Tue 10:00AM,[S3 Pure Literature] Serangoon | 23 Jun (Tue) | 10:00AM - 12:00PM,0,,2,3,3 / 21,,3 |  | 21,0.00%,S3,Sec,SLit(Pure),SLit,SLit,Braddell Heights,Adri,FALSE
Sec JunCC<>S4 2026<>SS - P Lit<>Adri<>Tuesday<>Serangoon<>BHC-4<>21<>23 Jun<>1:00 pm<>,Sec JunCC,S4 2026,SS - P Lit,Adri,Tuesday,Serangoon,BHC-4,21,23 Jun (Tue),1:00:00 PM,S4 Pure Literature,Unseen Poetry (Building Insight through Language/Context Clues),6/23/2026,01:00PM - 03:00PM,https://tinyurl.com/zenithSERANGOON,50 Serangoon Avenue 2 #03-01 S556129,50 Serangoon Avenue 2 #03-01 S556129  (Video Guide: https://tinyurl.com/zenithSERANGOON),S4 Literature,Open - Running,[S4 Pure Literature] Serangoon | 23 Jun (Tue) | 01:00PM - 03:00PM,S4 Pure Literature - Serangoon - 23 Jun Tue 01:00PM,[S4 Pure Literature] Serangoon | 23 Jun (Tue) | 01:00PM - 03:00PM,0,,8,11,11 / 21,,11 |  | 21,0.00%,S4,Sec,SLit(Pure),SLit,SLit,Braddell Heights,Adri,FALSE
Sec JunCC<>S4 2026<>Sec - C Bio<>Natasha<>Monday<>Potong Pasir<>PP-4 (L2)<>52<>8 Jun<>10:00 am<>,Sec JunCC,S4 2026,Sec - C Bio,Natasha,Monday,Potong Pasir,PP-4 (L2),52,08 Jun (Mon),10:00:00 AM,S4/5 Combined Biology,Transport in Humans,6/8/2026,10:00AM - 12:00PM,bit.ly/zenithPP,25 Tai Thong Crescent (Beside 7-11) S347856,25 Tai Thong Crescent (Beside 7-11) S347856  (Video Guide: bit.ly/zenithPP),S4/5 Biology,Closed - Running,,S4/5 Combined Biology - Potong Pasir - 08 Jun Mon 10:00AM,[S4/5 Combined Biology] Potong Pasir | 08 Jun (Mon) | 10:00AM - 12:00PM,0,,24,57,57 / 52,,57 |  | 52,0.00%,S4,Sec,SBio(Comb),SBio,SBio,Potong Pasir,Natasha,TRUE
Sec JunCC<>S4 2026<>Sec - P Bio<>Natasha<>Monday<>Potong Pasir<>PP-4 (L2)<>52<>8 Jun<>1:00 pm<>,Sec JunCC,S4 2026,Sec - P Bio,Natasha,Monday,Potong Pasir,PP-4 (L2),52,08 Jun (Mon),1:00:00 PM,S4/5 Pure Biology,Transport in Humans,6/8/2026,01:00PM - 03:00PM,bit.ly/zenithPP,25 Tai Thong Crescent (Beside 7-11) S347856,25 Tai Thong Crescent (Beside 7-11) S347856  (Video Guide: bit.ly/zenithPP),S4/5 Biology,Closed - Running,,S4/5 Pure Biology - Potong Pasir - 08 Jun Mon 01:00PM,[S4/5 Pure Biology] Potong Pasir | 08 Jun (Mon) | 01:00PM - 03:00PM,0,,26,54,54 / 52,,54 |  | 52,0.00%,S4,Sec,SBio(Pure),SBio,SBio,Potong Pasir,Natasha,TRUE
Sec JunCC<>S3 2026<>Sec - C Bio<>Richard<>Sunday<>Buona Vista<>BV-LT<>70<>7 Jun<>6:00 pm<>,Sec JunCC,S3 2026,Sec - C Bio,Richard,Sunday,Buona Vista,BV-LT,70,07 Jun (Sun),6:00:00 PM,S3 Combined Biology,Transport in Humans,6/7/2026,06:00PM - 08:00PM,bit.ly/zenithBV,35 Rochester Dr #02-23 (Rochester Mall) S138639,35 Rochester Dr #02-23 (Rochester Mall) S138639  (Video Guide: bit.ly/zenithBV),S3 Biology,Open - Running,[S3 Combined Biology] Buona Vista | 07 Jun (Sun) | 06:00PM - 08:00PM,S3 Combined Biology - Buona Vista - 07 Jun Sun 06:00PM,[S3 Combined Biology] Buona Vista | 07 Jun (Sun) | 06:00PM - 08:00PM,0,,8,28,28 / 70,,28 |  | 70,0.00%,S3,Sec,SBio(Comb),SBio,SBio,Buona Vista,Richard,FALSE
Sec JunCC<>S4 2026<>Sec - C Bio<>Richard<>Sunday<>Buona Vista<>BV-LT<>70<>14 Jun<>7:00 pm<>,Sec JunCC,S4 2026,Sec - C Bio,Richard,Sunday,Buona Vista,BV-LT,70,14 Jun (Sun),7:00:00 PM,S4/5 Combined Biology,Transport in Humans,6/14/2026,07:15PM - 09:15PM,bit.ly/zenithBV,35 Rochester Dr #02-23 (Rochester Mall) S138639,35 Rochester Dr #02-23 (Rochester Mall) S138639  (Video Guide: bit.ly/zenithBV),S4/5 Biology,Open - Running,[S4/5 Combined Biology] Buona Vista | 14 Jun (Sun) | 07:15PM - 09:15PM,S4/5 Combined Biology - Buona Vista - 14 Jun Sun 07:15PM,[S4/5 Combined Biology] Buona Vista | 14 Jun (Sun) | 07:15PM - 09:15PM,0,,9,59,59 / 70,,59 |  | 70,0.00%,S4,Sec,SBio(Comb),SBio,SBio,Buona Vista,Richard,TRUE
,,,,,,,,,,,,,,,,,,,,,,,,,,0,,,0 |  | ,,,,,,,,,FALSE
,,,,,,,,,,,,,,,,,,,,,,,,,,0,,,0 |  | ,,,,,,,,,FALSE
